{
  "winner": "BIL",
  "loser": "GDL",
  "n": 500,
  "usable": 500,
  "errors": 0,
  "mean_ratio": 1.9465148793276066,
  "geomean_ratio": 1.9463333111468204,
  "median_ratio": 1.9460056466440565,
  "p10_ratio": 1.9102397826580835,
  "p90_ratio": 1.980245233708354,
  "min_ratio": 1.8874273457249284,
  "max_ratio": 2.019287399364659,
  "stdev_ratio": 0.026597592413176368,
  "frac_above_threshold": 0.022,
  "threshold": 2.0,
  "mean_winner_makespan": 1.050619196220527,
  "mean_loser_makespan": 2.0449312897476597,
  "ratios": [
    1.9459676975517068,
    1.9395677524853316,
    1.9780206503770499,
    1.9586002794071875,
    1.9287932889474937,
    1.9224048755593615,
    1.9431935260360336,
    1.9459058179055353,
    1.931848683134214,
    1.9403463276513566,
    1.9591095684689863,
    1.9422021099157083,
    1.9609456453644691,
    1.9348597833818686,
    1.9417114365020471,
    1.9741661460416566,
    1.9812589979700854,
    1.957380078491801,
    1.9659942715662697,
    1.9317387663230383,
    1.957497686655618,
    1.9391870295256544,
    1.9430984680441719,
    1.9657796711842161,
    1.911279571169581,
    1.993429836754017,
    1.9719038833514786,
    1.947445979027074,
    1.9479488384355346,
    1.966719535881907,
    1.9332306930368226,
    1.8925340253598353,
    1.934105283366674,
    1.9626666011275369,
    1.9625903825731206,
    1.9470287372479445,
    1.934270315760722,
    1.9221924916888158,
    1.9346123684616747,
    1.9784536097379453,
    1.9651136454982239,
    1.9629715351751782,
    1.9620501358099758,
    1.92998162794409,
    1.9401714554955085,
    1.9595519468296327,
    1.9064201019134637,
    1.9263664989316773,
    1.9018976206650735,
    1.9441307150146194,
    1.985479444501516,
    1.980245233708354,
    1.9765511029647842,
    1.943729244727948,
    1.9297123527211837,
    1.959642275765929,
    1.9531051992909134,
    1.924377752698431,
    1.9764469970755625,
    1.9260610206787574,
    1.8987080177813906,
    1.9837731394969744,
    1.9940362302022216,
    1.9176603898661426,
    1.9224542493180286,
    1.9240954260820444,
    1.9020261382162775,
    1.9497120444649447,
    1.952210935211579,
    1.921285417489051,
    1.9470449812336044,
    1.9436307369697838,
    1.9126778600181211,
    1.9147254547149148,
    1.9772724874637668,
    1.9290324344666778,
    1.9396227773783534,
    1.9906298787499117,
    1.96136751494824,
    1.9188669025115885,
    1.9663182378405792,
    1.9167744756818184,
    1.9093141265504576,
    1.9610807063795925,
    1.9605410373992467,
    1.9220100821943913,
    1.9197299018017764,
    1.9602877991206435,
    1.9751574833255365,
    1.9336844032494758,
    1.958156105521819,
    1.9346020391089191,
    1.9473364623050085,
    1.9647912152316782,
    1.9040775007323711,
    1.96792693904275,
    1.9359957856106609,
    1.9232163118799845,
    1.9295658679559755,
    1.9330483685743933,
    2.0066523240260326,
    1.9617653922642193,
    1.9209408196876365,
    1.9348655230702814,
    1.9448322545459,
    1.9219972987055618,
    1.954146728821445,
    1.9043059736394916,
    1.9580663801398064,
    1.952201853169433,
    1.9248420529553623,
    1.9565023511154782,
    1.9805815154261612,
    1.9065384516536357,
    1.9261934273419123,
    1.9272716264344179,
    1.9651617379243542,
    1.9433736468981917,
    1.9072228715206974,
    1.9260358385416139,
    1.9329545590229198,
    1.982570938024673,
    1.8934969749953634,
    1.9252436493822827,
    1.963089758629901,
    1.968417659651134,
    1.9315780803697202,
    1.9274133869986076,
    1.9129244248353598,
    1.9364235900775986,
    1.938100142750067,
    1.9467157905268893,
    1.9124768635021248,
    1.9905852087017326,
    1.951664448318053,
    1.923414427210271,
    1.9329152819877948,
    1.9669448223076238,
    1.9203870379030852,
    1.9063141023819523,
    1.9792724406557238,
    2.0058382974997038,
    1.9304152936187675,
    1.9558254407960234,
    1.904888329088023,
    1.9314083926246879,
    1.898597752833101,
    1.9129428282873195,
    1.9420084154840267,
    1.9480329383135429,
    1.9251900815621823,
    1.9761379523796245,
    1.8949215199202625,
    1.939277888442635,
    1.9122284076370932,
    1.905039137424186,
    1.8991988363550494,
    2.007066446078909,
    1.9762959997552298,
    1.9241478060492558,
    1.9514066696651595,
    1.9601042242243865,
    1.9064856206708238,
    1.9623396280552827,
    1.9847808348288714,
    1.9104405348377693,
    1.9479796214023963,
    1.9523940017605026,
    1.9558427662587274,
    1.9657358096201265,
    1.9154178610139252,
    1.9859295866316624,
    1.961690824655173,
    1.983386039216846,
    1.9650358607477025,
    1.9823232494655894,
    1.9104344989262838,
    1.9799508944773254,
    1.9305040384018604,
    1.9573552294957397,
    1.9522158497681228,
    1.962138234640793,
    1.947255933722107,
    1.9513836199635468,
    1.9369434606881313,
    1.9297743824691709,
    1.9823774140467965,
    1.965113203317257,
    1.9628044995547864,
    1.9344088698966082,
    1.957281862654732,
    1.9392465415203275,
    1.9605229414782264,
    2.013800526026548,
    1.962229578752149,
    1.9573703609029403,
    1.953019199043444,
    1.9349551758159247,
    1.9696849864456845,
    1.9720487242546016,
    1.9460435957364064,
    1.9107421637943613,
    1.9095892230187923,
    1.9535016388309554,
    1.986851966230965,
    1.9366292086106998,
    1.9425886294853827,
    1.962723955717557,
    1.9864957145224926,
    1.939921661296653,
    1.9174579405370769,
    1.981699623392896,
    1.9339277047798609,
    1.9723230829196883,
    1.9718287903231055,
    1.9761354281359123,
    1.9157974403092177,
    1.9393978446357572,
    1.9488696102399197,
    1.9465441820131386,
    1.977591291633105,
    1.9556706219126407,
    1.9518227541838378,
    1.9264673387489402,
    2.0166302876877564,
    1.9681376675322433,
    1.9575878890736316,
    1.9438931609776708,
    1.9209605741388904,
    1.967651933390342,
    1.8995767526895184,
    1.9806230884952258,
    1.9322423392250425,
    1.9718144608735086,
    1.9475929671481902,
    1.9140083938301407,
    1.967708768376886,
    1.9524439271539298,
    1.913827826358125,
    1.9505554525730326,
    1.9876343169583528,
    1.978621101311214,
    1.9789873573652277,
    1.9368155688373616,
    1.938859145498087,
    1.9862070694766494,
    1.9735822078692002,
    1.9006293746130691,
    1.9267295877329622,
    1.9300327657211314,
    1.969876562715813,
    1.9743363787596577,
    1.9467114693700622,
    1.945954946821039,
    1.9206568828487782,
    1.9175750646730305,
    1.9292326131350412,
    1.9729836966225132,
    1.9003796460987006,
    1.8983604636300542,
    1.897579510319745,
    2.0183517863484344,
    1.9828377546568783,
    1.9066574843941158,
    1.9368933247852902,
    1.9353299863817297,
    1.9035363638646003,
    1.9733586922173803,
    1.9524322349456482,
    1.9217440059696815,
    1.968730920347826,
    1.9074706335045173,
    1.90007837057661,
    1.9064758643441355,
    1.9316457540217309,
    1.9452450230101541,
    1.919981742673864,
    1.9281574600484566,
    1.9538029651760203,
    1.9584267636832404,
    1.933398996080964,
    1.9329352828774837,
    1.909848566234239,
    1.955003900766466,
    1.9315281096693655,
    1.955408633071368,
    1.9021521686762628,
    1.9933780672148527,
    1.9045818199297202,
    1.8955697753537026,
    1.925741148151237,
    1.9974992875421194,
    1.892668117673783,
    1.9077777202703883,
    1.9741640931778062,
    1.9609932460272088,
    1.9478823330278983,
    1.9227488828537465,
    1.9445001259301313,
    1.962439189427458,
    1.9679454776599126,
    1.9769776384088749,
    1.9739633905675744,
    1.9800275653668247,
    1.9524868863351599,
    1.9807388974909694,
    2.003425134317374,
    1.9523332075976545,
    1.963277371762324,
    1.9317070203323994,
    1.9779210149808997,
    1.9472879439282766,
    1.9082778791239883,
    1.928093184137626,
