{
  "winner": "HEFT",
  "loser": "CPoP",
  "n": 300,
  "usable": 300,
  "errors": 0,
  "mean_ratio": 2.059740003973888,
  "geomean_ratio": 2.037401806557004,
  "median_ratio": 2.1522581430059966,
  "p10_ratio": 1.7429490465217867,
  "p90_ratio": 2.3879109026536085,
  "min_ratio": 0.9855479670584434,
  "max_ratio": 2.5470745702054,
  "stdev_ratio": 0.28857415667053754,
  "frac_above_threshold": 0.5466666666666666,
  "threshold": 2.0,
  "mean_winner_makespan": 3.4908378967270877,
  "mean_loser_makespan": 7.182869875009152,
  "ratios": [
    1.7912089136534344,
    2.4602299959711216,
    1.8032004454074908,
    1.8888707333361079,
    2.295702601928587,
    1.8120649328998957,
    1.7263342909862993,
    2.164151800103988,
    2.3714513039469516,
    2.1495407250948855,
    1.7205485178707105,
    2.278183974667036,
    2.207982577326871,
    2.301813134746216,
    2.233084349502164,
    2.2070789554858083,
    2.227555100131419,
    2.2414750010877467,
    2.1407170602122028,
    2.266333482947141,
    1.7614104038228278,
    2.204131999146352,
    1.8698100905958304,
    2.1560721244905454,
    1.7112668764624628,
    1.8586591635379826,
    1.6093257048490681,
    1.6260028534418722,
    2.366267830615502,
    1.793288053101712,
    1.7696919223375978,
    2.1083449199604423,
    2.312255912437404,
    2.321286197351444,
    1.6564004826753957,
    2.34263764248914,
    1.78191144264061,
    2.2855520682505586,
    2.3018954198004278,
    1.80670348769195,
    1.8989389316242933,
    2.2830598362131593,
    1.8251599962155909,
    1.8152029942355012,
    1.7989867930424306,
    2.2537954574229384,
    2.175887403553847,
    2.2498076184327345,
    1.8296671107432128,
    2.4080968639059144,
    2.2378670828831138,
    2.3607473799505625,
    2.3145885621558144,
    2.2717158448683588,
    2.4509307989516627,
    2.404628019974068,
    2.3207879143565973,
    2.44368067726408,
    1.8660417996159386,
    1.7185916456556267,
    2.414412567495083,
    1.6900670458103946,
    2.3894663154279576,
    1.7990711593756397,
    1.8981428028859075,
    2.360552953327888,
    2.2396586423322034,
    1.8689789351910662,
    2.258681631330591,
    2.232475636445099,
    2.4576720265286127,
    1.8344074144100524,
    1.8987412345387045,
    1.7752536122383809,
    1.7914760510044592,
    1.7903403430309526,
    1.798118568223186,
    2.297223583655065,
    2.4937272187580217,
    1.816812062913085,
    2.3958124368280935,
    1.7717413186623958,
    1.7429490465217867,
    2.3802128188505627,
    2.295820266888179,
    1.8538467761778228,
    1.8028356743506035,
    1.8698820358237571,
    2.2906546507693,
    1.7241484353994088,
    1.8585410067625314,
    2.348440194075159,
    1.7754866531468216,
    1.809245554380712,
    1.8340890032358703,
    1.939011976655446,
    1.771813894839094,
    2.2316970065420065,
    1.8389563611997675,
    1.8077416941679378,
    2.2907894181718613,
    1.751766211663156,
    1.687161525449241,
    2.0975228558454555,
    2.2811861659393045,
    2.206786384161293,
    1.7946098135254969,
    2.4320805676580584,
    1.6557780604958954,
    1.8710050391561006,
    2.3617028967780413,
    2.1874849238614957,
    2.2681438453264358,
    1.9357572148551545,
    2.1250672625655405,
    2.342638135677403,
    2.278263508420096,
    2.285704533551491,
    2.4368027842653697,
    2.3098148843920248,
    2.434610657166038,
    2.2517738406448657,
    1.8601940671048718,
    1.7053485956939467,
    2.2428661554880507,
    1.768142146324876,
    1.8085579192508452,
    2.166268548811257,
    2.1275513165050914,
    2.148079279417867,
    2.295325322305309,
    2.309940179255258,
    2.363730368153258,
    2.3254210318467727,
    2.3224727869847475,
    2.2499555357471417,
    1.8154866281964277,
    1.881663488513436,
    1.862586070016944,
    2.2894106886232035,
    1.803125541881869,
    2.5470745702054,
    2.324138127944815,
    2.527064148657224,
    1.7819148809077983,
    0.9855479670584434,
    1.8902957856100402,
    2.395830131759563,
    2.4023849894229707,
    1.7005420204064423,
    2.397823528471504,
    2.376474672233555,
    1.8346904342415744,
    2.317993886015938,
    2.3054848305883815,
    2.1977305422037046,
    2.455144665220804,
    2.2579580332376246,
    2.4519292317647223,
    1.693753754156054,
    1.7413248184677035,
    2.4115786575816025,
    2.140708352114117,
    1.816621867138358,
    2.310732010145265,
    1.8353692634044312,
    2.2963334779199402,
    2.174288279472846,
    1.7750470616688987,
    2.3417930562139926,
    1.9530703545485626,
    2.272101508279816,
    1.7802324804667236,
    2.354433707616591,
    1.7957755702329876,
    1.863247011902317,
    1.8550100417353743,
    1.883033834453857,
    1.8502042047064942,
    2.207091413164896,
    1.8411274470595056,
    2.3989678591985677,
    1.8397423536365363,
    2.296094218151261,
    1.8449931065236334,
    1.8057682134741468,
    1.7466777755548772,
    2.480304363240063,
    1.6988447526352088,
    2.366755819889148,
    1.8333411398929482,
    2.434962712336429,
    2.372271301509266,
    2.375907508955733,
    2.480381681252453,
    2.1895054608825926,
    2.273097428173302,
    1.798557701006141,
    1.6223293176963245,
    2.1374154919804726,
    1.702905485317292,
    1.7667753104391462,
    1.8255634455654062,
    1.8019630286740245,
    2.2225600005838895,
    2.4770081158343724,
    2.341139093322183,
    2.2491723300990407,
    1.7862154854853831,
    2.2142768856430415,
    1.7715025062144247,
    2.367471524516666,
    0.9920485607696219,
    2.4095422732651004,
    0.9913705390785277,
    1.8891918071243388,
    2.2109826320707575,
    2.4294131360540527,
    2.3702413913694684,
    1.8190589646187736,
    1.7851775716157592,
    1.6820138171309194,
    1.8624214324487516,
    1.8396558124991624,
    2.224021291112807,
    1.6118689702762357,
    1.8530413716245815,
    2.3626183594818158,
    1.7167709735801229,
    2.1529778482445328,
    2.3100278996440107,
    2.11971321631141,
    1.6753036987248435,
    1.826966123858164,
    2.4134531944831155,
    1.8140785712727314,
    2.3164275656257054,
    2.1564235244990018,
    2.236359122148363,
    1.7960395280790247,
    1.8348854516658364,
    2.191052922668866,
    2.2290600907252607,
    2.2479758034072828,
    2.1084420941776805,
    1.7621828394030172,
    2.2952023210820496,
    2.3178606555629533,
    1.7961882649838175,
    1.8124631302065268,
    2.3879109026536085,
    2.423697578262685,
    2.2074351884801153,
    2.2957080967300234,
    2.368565615552714,
    2.282575422898781,
    0.9910544346340753,
    1.910741317908198,
    1.7397251010946924,
    1.7318844327656888,
    2.3424405394804038,
    1.8104508335942904,
    2.235174156653731,
    1.738113156447198,
    2.2804830016518864,
    2.2190654511605117,
    2.2410741936781506,
    1.7453712137781574,
    1.7614899835447453,
    2.317737333220803,
    2.263068180663051,
    2.2152924621004786,
    1.8485313160701589,
    1.8395576622314254,
    1.8896836638991612,
    2.2509302218308234,
    1.8673854726717918,
    2.3426545082452566,
    2.352588717716672,
    1.7500367731401434,
    2.1515384377674605,
    1.6520518783800633,
    2.244899248626654,
    2.3751860981187694,
    2.3491640904269326,
    2.2320489080956594,
    2.3327661860975093,
    2.360790540659138,
    1.8188493223122302,
    2.1262426601039452,
    1.8479358650897761,
    1.7810832007112616,
    1.8917690334868402,
    1.8626718654938874,
    2.2255770971530806,
    2.1372027425294897,
    1.7930806320035917,
    1.7722948657591386,
    1.8508456568556721,
    2.198273088794886
  ]
}