{
  "winner": "Sufferage",
  "loser": "MinMin",
  "n": 500,
  "usable": 500,
  "errors": 0,
  "mean_ratio": 2.098410726242754,
  "geomean_ratio": 2.019879974603781,
  "median_ratio": 2.2701917216816803,
  "p10_ratio": 1.370438073438627,
  "p90_ratio": 2.599503961076808,
  "min_ratio": 1.3650246897455116,
  "max_ratio": 2.656249156663603,
  "stdev_ratio": 0.5408603998948536,
  "frac_above_threshold": 0.654,
  "threshold": 2.0,
  "mean_winner_makespan": 3.2371510619088877,
  "mean_loser_makespan": 6.800080761639408,
  "ratios": [
    2.565740560982094,
    2.602971063427773,
    1.3744370848593968,
    2.586714700900805,
    2.5983244687143614,
    1.3727775247129568,
    2.2688303800653293,
    2.262320463104941,
    2.242116164090777,
    2.5826257480294545,
    2.6126445174766606,
    2.588362753943008,
    2.4996607334779744,
    1.3728345882917339,
    1.3724015988661566,
    2.2704365385335246,
    2.520197301905254,
    1.3687866789363903,
    2.560064857369332,
    2.5533898444469245,
    2.226379725480209,
    1.372185241769686,
    2.570877053315811,
    2.5878152400379717,
    2.243847454695406,
    1.3740789513710059,
    2.586553362308582,
    2.5495616363137756,
    1.37534245028461,
    2.6195423974944325,
    2.2627067369710474,
    2.236403603519575,
    1.3745243017080742,
    2.2448066867822196,
    2.56938820538997,
    2.527820300011391,
    2.568876163344891,
    2.27306013644134,
    1.378917815111002,
    2.543022139144679,
    2.5996713865164347,
    2.243183449272164,
    2.656249156663603,
    2.4767209918943855,
    2.5298281010301005,
    2.581957788200742,
    2.5659420358522516,
    1.3784929679788551,
    2.5668885809723734,
    2.638220552024839,
    1.3673391898991754,
    2.57725789297845,
    1.3753087274691778,
    2.567372217730576,
    2.2515739950183997,
    1.370140402161962,
    2.5706425140215132,
    1.3764462497264123,
    2.4837255230935438,
    2.294442694356111,
    2.2593819232777577,
    2.2992359058394007,
    2.5881657544259045,
    2.5990176616556964,
    1.3727752886751183,
    2.5475434241172876,
    1.370438073438627,
    2.5487672643673647,
    2.6317869931665654,
    2.508985772099057,
    1.3758313038016174,
    2.5314452145685338,
    2.5291965371947396,
    1.3674465089031993,
    2.62135908448926,
    1.3747246103111734,
    1.3692772731522798,
    2.5506816444987583,
    1.3755427559053743,
    1.3657839666063154,
    1.369354016319794,
    2.238040955608896,
    1.3754680265019037,
    1.3720987429114806,
    2.5609880988049314,
    1.3731256714599827,
    1.3737757791004113,
    2.5315886431055223,
    2.5848712020152584,
    2.5254251295797805,
    2.5423709677496595,
    2.4855716830276178,
    2.269776690171829,
    2.231110011501359,
    1.3710013785140778,
    2.2576402632552632,
    2.57420573448573,
    1.3718014311907207,
    2.2283151050826016,
    1.3691434209530857,
    1.3725054889640198,
    2.6033073295911793,
    2.2672737136864876,
    2.5585661639262236,
    2.2615254299398293,
    1.3725680676722583,
    2.504980533161706,
    1.3738292260006884,
    2.241603408655416,
    2.4994212746197633,
    1.3729217809248253,
    2.267802548730116,
    1.3779133913633832,
    2.2253490999149785,
    1.3711082734496567,
    2.238888494650272,
    2.5594134797836765,
    2.2445438200153336,
    2.554301599669212,
    1.3699243206726488,
    2.602869474118651,
    1.3751185965313375,
    2.6065792958016387,
    1.3728003744000403,
    2.2584218770034377,
    2.5970189119599447,
    2.5090240988629438,
    1.3742658875301903,
    2.253192985804673,
    2.250408744588763,
    1.3770282454631895,
    1.3746366434087554,
    1.3709419567495686,
    1.3742129834452057,
    2.5548090403609525,
    2.210073464604043,
    1.3743951015780695,
    2.5374589202887754,
    2.2369985038638585,
    2.2751918871427588,
    2.493527446250895,
    1.3689781952988171,
    2.5679463863505543,
    2.260878958547311,
    2.5562745832965312,
    2.632226612971293,
    2.5748554420075718,
    2.6268336110204427,
    2.2418839494876543,
    2.5443596151276595,
    1.3761951506487697,
    2.6053746115245056,
    2.2354785079715054,
    1.3669991223163696,
    1.3686130471777695,
    2.5544234246285096,
    1.378685243838668,
    2.5794085700889586,
    2.5910968811365542,
    1.3696257057370254,
    2.5810795280662044,
    2.5092505710135287,
    1.372533952960422,
    1.3684007657324153,
    2.5302255534502267,
    2.5352115969915596,
    2.5771415638344046,
    1.3724165740244734,
    2.5210773534985274,
    2.2491007190292707,
    2.4971135433236262,
    2.6191052402358106,
    1.367020843832038,
    2.26490451507803,
    2.265914971851124,
    2.5622082392245775,
    1.3663616159456575,
    1.3752984956216658,
    1.3687768048333642,
    2.549174443593517,
    2.5324878673935727,
    1.3720038817287035,
    1.3764160537011405,
    2.552845749512732,
    2.6334611805685157,
    1.3795599451768428,
    1.3718535476913216,
    1.370376526669783,
    2.5478503777108705,
    1.3764740148018202,
    1.3674655197995293,
    2.606848375271438,
    2.2437170706484073,
    2.54023979039185,
    2.589936795918266,
    1.3737428223790098,
    1.3725926597673788,
    2.5329824198949735,
    1.373993379884819,
    2.5301410187910145,
    1.3711645201385743,
    2.564714237153364,
    1.367514835994037,
    2.5610512413015694,
    1.366478927293547,
    2.5441735920859347,
    2.516490131660846,
    2.2663126680026857,
    2.235620332952584,
    1.3752217178560604,
    1.367760647235639,
    2.5608235624054108,
    1.3726169558487837,
    1.3701959051103634,
    2.6343039645232262,
    2.6289844864101863,
    1.3748779528610688,
    2.240100596774753,
    2.5209247838190656,
    1.372838859594248,
    2.548408750297877,
    2.5249630510179757,
    1.3724563799917844,
    2.58775577678721,
    2.589203332804555,
    2.6032474846797133,
    2.597787450659073,
    2.5399058864304167,
    2.519848108622431,
    2.5698545285235204,
    2.2560728101816125,
    2.6059952734475975,
    1.3740945083696074,
    1.3776006198479518,
    2.524122295703668,
    2.592715610794361,
    1.3769980145234162,
    1.3737312634181122,
    2.548332630766516,
    1.3756888968123977,
    2.5173394605540316,
    2.2760507853152543,
    2.2602677729522624,
    1.3741759717863054,
    2.2082104070497657,
    2.2865876053333585,
    2.5789017916827843,
    1.3762824373796128,
    2.488501994447905,
    2.241341481888746,
    2.613597569310479,
    2.542238642102139,
    2.257880729599911,
    2.5424150947253406,
    2.560455815165894,
    1.3738970222736075,
    2.249372242872708,
    2.568597228504263,
    2.548705328382698,
    2.2365867528013554,
    2.5989102857182225,
    1.3656647325782776,
    2.530259242464825,
    1.3715565025528094,
    2.5844172128175615,
    2.1448099893217365,
    2.5862818587507173,
    2.590936225864045,
    2.601679959513068,
    1.371321622707883,
    2.586314610976056,
    1.3752283484017451,
    1.3723855986775926,
    2.542219093622047,
    2.552491129605149,
    2.2672442151199625,
    1.374257102561114,
    1.3707454717732623,
    2.617549572056032,
    1.3677446560031261,
    1.3764624621396901,
    2.5210914993235223,
    2.560875275094887,
    1.3745955675401906,
    1.3777603418641353,
    2.534750566747011,
    2.5932877261479264,
    1.3772640103555458,
    1.3704320054002117,
    2.606805583132051,
    2.5903699827546816,
    1.370880404378558,
    2.5417954584356592,
    2.257822354606635,
    1.3710400703659629,
    1.3730810355293928,
    2.2357702592976643,
    2.547287144732353,
    1.3682053187612488,
    2.262763730510779,
    2.536764490039023,
    1.370154130548273,
    2.2607276780841055,
    2.647317178326303,
    1.3756516829448069,
    2.560012751753806,
    2.5487600529283103,
    1.3746808446349947,
    2.609608294144931,
    2.605608417134481,
    1.3779366333806309,
    1.3785020248418083,
    2.6005101541431217,
    2.6168307713370864,
    2.2576298356379194,
    2.262619871224009,
