{
  "winner": "ETF",
  "loser": "CPoP",
  "n": 500,
  "usable": 500,
  "errors": 0,
  "mean_ratio": 1.3959104435600047,
  "geomean_ratio": 1.3278356277219134,
  "median_ratio": 1.3470181972295505,
  "p10_ratio": 0.8925993532786094,
  "p90_ratio": 2.023935862990212,
  "min_ratio": 0.8691710975778871,
  "max_ratio": 2.109779754635994,
  "stdev_ratio": 0.4372375120757362,
  "frac_above_threshold": 0.142,
  "threshold": 2.0,
  "mean_winner_makespan": 1.882961651269898,
  "mean_loser_makespan": 2.629674787525128,
  "ratios": [
    0.9064506382883998,
    0.8932385097525893,
    0.9073763596150152,
    0.9997082481058378,
    1.3306038074891868,
    1.3395325335163295,
    2.0495212589984013,
    1.0,
    2.065415425426457,
    0.9218169309167233,
    1.8357059846375907,
    0.9055705970866548,
    1.8191901712732694,
    1.849079525671263,
    0.8850652810159879,
    1.8122498349970748,
    1.2471120967654856,
    1.3558552150880896,
    1.0,
    1.362338899316558,
    2.052944028870693,
    1.8320460432308499,
    1.8252172725954512,
    0.8818782968481809,
    1.3386430094265145,
    1.402887934813235,
    1.0,
    2.02302912935419,
    1.2460513582406714,
    2.0119585563245375,
    1.361459932804144,
    1.0269865782839351,
    0.8786356498337837,
    1.7869973163444575,
    1.2589220996699872,
    1.7488923858037606,
    0.8771629469118909,
    0.8800216520767346,
    1.88846745762172,
    0.8932139464664387,
    1.9792247325400656,
    1.8097261922103869,
    1.0119427866413606,
    1.0343108027113774,
    0.907300049703588,
    1.8632779821866692,
    0.8880949001685602,
    1.024560905086203,
    1.7771146501355042,
    0.9170956632043825,
    0.903889403726815,
    1.8168454792675088,
    0.8951758136313893,
    0.9132552698681108,
    1.0252137228415268,
    1.8325026426242677,
    0.8896328518820231,
    1.9909005588826623,
    0.8980769758585693,
    1.7921947401865972,
    2.0304408552097097,
    1.9981396409770817,
    1.016352917815278,
    0.8832469234957147,
    0.9996264514166551,
    0.9264919883847014,
    1.3726479977377315,
    0.8797360497516991,
    0.8918011665549787,
    2.0518199589221537,
    1.0,
    0.9990850234948447,
    1.7909437388550387,
    1.8134079893230866,
    1.7942847305867418,
    0.8811274236432125,
    2.0478253716025567,
    2.0382102173691607,
    1.858339560381642,
    2.028986080737252,
    1.4528271196447096,
    1.79375024396998,
    2.027785009394299,
    1.7991021107906517,
    1.0,
    0.8856347841447371,
    0.8994200259478256,
    2.0351004122976164,
    1.3571228571769471,
    0.9194705794691593,
    0.9185304111280506,
    1.0080606642899028,
    1.0281220774184272,
    1.0509510900851695,
    1.2337394744596935,
    0.9993091550250713,
    1.0183179793790305,
    1.4278431832645617,
    1.355166175748744,
    0.9155125392789738,
    1.0,
    1.8091609846256083,
    1.4406647162562811,
    2.010673936786034,
    1.0188413824724085,
    1.7736620108532688,
    0.8859738448924763,
    1.826491270769901,
    1.364329878190491,
    1.392460745468064,
    1.8685609311610984,
    1.8462479803134657,
    1.7873420369371458,
    0.9061402310345483,
    2.056739784283645,
    1.01835182469319,
    1.8169830758019485,
    0.9102977460737601,
    1.0194505540426648,
    1.84207895518537,
    1.238506629287048,
    2.003700698175157,
    0.9057141922073135,
    1.7900595415034217,
    2.0156792600077553,
    1.3278223770273616,
    1.8112670266502389,
    0.8823917121734963,
    2.0507174729577824,
    1.7994184737528778,
    2.0116858341858626,
    1.3647831288665049,
    0.9996877576634781,
    0.9188123936903584,
    1.8441920204440607,
    1.8278024447225167,
    1.0,
    1.3468591744489018,
    1.0,
    2.057951561573345,
    2.0334393137784827,
    2.067302155534146,
    1.0157830760120543,
    1.0,
    1.386735514298759,
    1.3715258669337271,
    1.843991071733377,
    0.999852636295055,
    1.8332462425067892,
    1.997077775059729,
    0.8832247521195368,
    2.052740343705533,
    0.9148743058758277,
    1.7685564783461682,
    2.0257498246085337,
    1.0,
    1.436740031533692,
    1.788841402767022,
    2.0429642542475452,
    1.7992516760576263,
    2.0641595970988726,
    1.7739737949749237,
    1.983665415335283,
    1.9931997753369155,
    1.34800432175644,
    1.8407279459286567,
    1.8133020945584832,
    0.9272136490596184,
    0.9172267378773041,
    1.3654801953585876,
    1.9936845332413002,
    1.3448297555298268,
    2.0461557270368376,
    0.9028895569564045,
    1.434554170285012,
    1.8534956099150017,
    1.2474866701468286,
    1.8209152128534252,
    1.3832015517102696,
    1.0182229430893417,
    0.8791486108038647,
    0.880380818096396,
    1.802902122938932,
    0.8897815016342094,
    1.8256966026611623,
    1.2644254875915966,
    0.9054309508288578,
    1.830406448176357,
    0.9093791468370223,
    1.0283612195025185,
    1.852518574513395,
    1.819273560231193,
    2.035852114137162,
    0.9245989342562803,
    0.9016803371984976,
    0.9183206216695888,
    1.0258164422218947,
    1.813258073863022,
    2.0437113124059176,
    0.8789049564182981,
    2.023606548424328,
    1.776050028750146,
    1.8057009114325964,
    1.8504087229968986,
    1.8126551237385973,
    0.9999505657107914,
    1.7909861382542156,
    1.8080823691579628,
    1.0,
    0.914161313756478,
    2.0348844389472625,
    0.884134462872337,
    0.8925993532786094,
    1.8118396998796293,
    0.9994239478349899,
    0.8824281883349746,
    1.8496444512904766,
    1.3665031876101192,
    1.3314391826234313,
    1.0,
    2.0531711989461967,
    1.0050041220964265,
    1.015534200644441,
    1.8374519146947585,
    2.0443304235827013,
    1.0170916965006322,
    2.012070544113218,
    0.8774879728146688,
    1.8606051349820922,
    1.366238399668865,
    0.9083619725995745,
    1.0140928427447367,
    2.018452371206672,
    1.0,
    1.977367274448427,
    0.9160343807872584,
    1.0140195561497996,
    0.8978137758124659,
    0.8700260337776465,
    1.3676087558350027,
    0.9112842662451965,
    2.033937584846574,
    1.7767040958430735,
    1.0,
    1.0,
    0.9993617875630633,
    1.352194307937773,
    2.0367756107291144,
    1.0212755047724476,
    1.2428819756913974,
    1.841665896680595,
    0.8706585204331264,
    1.003394789649901,
    0.8932827754546562,
    1.015271265971876,
    0.8914519261095774,
    1.2585302886465048,
    0.9995325214661517,
    0.9260596443486485,
    0.8861942651187105,
    0.8868934539398652,
    1.831179226961615,
    1.7723562252485219,
    0.9115679734644271,
    1.8118007663557791,
    1.8228699752692448,
    1.840693170539506,
    0.9987686715328914,
    1.235278273536323,
    2.01664274265735,
    1.3480292302892658,
    1.731331672300957,
    1.8243168226526103,
    0.8910677803601171,
    1.2500829716340296,
    1.4268004789190483,
    1.796949866692212,
    0.9133971208328115,
    1.256283178095947,
    1.8425258037977432,
    1.4226768709047566,
    1.0,
    0.8879545249950332,
    0.9159528568127361,
    0.9996423027201542,
    0.8862854103894046,
    2.0515563143176956,
    0.9136174715264115,
    1.362095654526418,
    2.0311264095709576,
    1.0,
    1.0132396418823881,
    1.0274084774634955,
    1.8428713444765377,
    1.4117873054950965,
    2.008065346015937,
    0.9996769551398326,
    1.0151877038941977,
    0.8921170205015823,
    1.8071734093291227,
    1.75286359175504,
    1.7848012666779434,
    1.7877385478590466,
    1.0411150129262503,
    0.9982580032367389,
    1.806950338853456,
    2.0222605608602575,
    1.2401158374807104,
    0.9175496828966995,
    1.8087628787841479,
    0.8843689260519934,
    1.3613155753285027,
    1.3623801259768167,
    1.0223917341187292,
    1.3520975424477806,
    2.030802886893206,
    0.8824912774622491,
    2.0489936137578044,
    0.8837010448994138,
    1.0218648135717137,
    1.3514462069297708,
    1.4285008384542566,
    0.9065184961850977,
    2.0562804069531904,
    1.7418716412406474,
