Branch,Regime,Workflow,CCR,Instance,Seed,Scheduler,Throughput,Makespan,RescheduleCount
wfcommons,deterministic,epigenomics,0.2,epigenomics_3,0,HEFT_static,0.0006965685259865,1448.636776212849,0
wfcommons,deterministic,epigenomics,0.2,epigenomics_3,0,CPoP_static,0.0006915082160092,1458.237726278244,0
wfcommons,deterministic,epigenomics,0.2,epigenomics_3,0,HEFT-Tp_static,0.0010389821668643,1951.5192411885373,0
wfcommons,deterministic,epigenomics,0.2,epigenomics_3,0,CPoP-Tp_static,0.0010361059595245,1830.9550615012736,0
wfcommons,deterministic,epigenomics,0.2,epigenomics_3,0,FastestNode,0.0004544456765759,2200.483031408424,0
wfcommons,deterministic,epigenomics,0.2,epigenomics_3,0,MaxTP,0.0010502427761798,1866.442573248924,0
wfcommons,deterministic,epigenomics,0.2,epigenomics_2,0,HEFT_static,0.0003283755223231,3047.153037269896,0
wfcommons,deterministic,epigenomics,0.2,epigenomics_2,0,CPoP_static,0.0003300456320537,3066.983100612272,0
wfcommons,deterministic,epigenomics,0.2,epigenomics_2,0,HEFT-Tp_static,0.0003345796649638,3077.1535247148727,0
wfcommons,deterministic,epigenomics,0.2,epigenomics_2,0,CPoP-Tp_static,0.0003325268970121,3109.3705110313495,0
wfcommons,deterministic,epigenomics,0.2,epigenomics_2,0,FastestNode,0.0001888798648525,5294.370581962212,0
wfcommons,deterministic,epigenomics,0.2,epigenomics_2,0,MaxTP,0.0003337961698993,3121.2591531066146,0
wfcommons,deterministic,epigenomics,0.2,epigenomics_1,0,HEFT_static,0.0004557682973669,2197.6467216579667,0
wfcommons,deterministic,epigenomics,0.2,epigenomics_1,0,CPoP_static,0.0004518395160174,2213.6587138981768,0
wfcommons,deterministic,epigenomics,0.2,epigenomics_1,0,HEFT-Tp_static,0.000458325496543,2222.3163400706208,0
wfcommons,deterministic,epigenomics,0.2,epigenomics_1,0,CPoP-Tp_static,0.0004585453732601,2261.5598936617284,0
wfcommons,deterministic,epigenomics,0.2,epigenomics_1,0,FastestNode,0.0001961280558955,5098.709592741387,0
wfcommons,deterministic,epigenomics,0.2,epigenomics_1,0,MaxTP,0.0004584524014585,2249.992375592231,0
wfcommons,deterministic,epigenomics,0.2,epigenomics_0,0,HEFT_static,0.0003246656345551,3104.285308682592,0
wfcommons,deterministic,epigenomics,0.2,epigenomics_0,0,CPoP_static,0.0003257010102548,3107.6249114306825,0
wfcommons,deterministic,epigenomics,0.2,epigenomics_0,0,HEFT-Tp_static,0.0003305659772176,3128.3326537329926,0
wfcommons,deterministic,epigenomics,0.2,epigenomics_0,0,CPoP-Tp_static,0.0003298709951206,3162.945688253836,0
wfcommons,deterministic,epigenomics,0.2,epigenomics_0,0,FastestNode,0.0001375521422514,7269.970380923933,0
wfcommons,deterministic,epigenomics,0.2,epigenomics_0,0,MaxTP,0.0003307736214603,3207.1265062350917,0
wfcommons,deterministic,epigenomics,0.2,epigenomics_5,0,HEFT_static,0.0003429972603313,2915.580996907343,0
wfcommons,deterministic,epigenomics,0.2,epigenomics_5,0,CPoP_static,0.000342306747322,2927.2106900450967,0
wfcommons,deterministic,epigenomics,0.2,epigenomics_5,0,HEFT-Tp_static,0.0003462863774311,2947.16144824781,0
wfcommons,deterministic,epigenomics,0.2,epigenomics_5,0,CPoP-Tp_static,0.0003466282092877,2941.622357989117,0
wfcommons,deterministic,epigenomics,0.2,epigenomics_5,0,FastestNode,0.0001811189026409,5521.234865158397,0
wfcommons,deterministic,epigenomics,0.2,epigenomics_5,0,MaxTP,0.0003468427115097,2961.2854553661355,0
wfcommons,deterministic,epigenomics,0.2,epigenomics_7,0,HEFT_static,0.0004567998924489,2233.2892241771465,0
wfcommons,deterministic,epigenomics,0.2,epigenomics_7,0,CPoP_static,0.0004552441855827,2232.4031399943074,0
wfcommons,deterministic,epigenomics,0.2,epigenomics_7,0,HEFT-Tp_static,0.0006068346675132,2850.8614207657797,0
wfcommons,deterministic,epigenomics,0.2,epigenomics_7,0,CPoP-Tp_static,0.0006063374240457,2887.23318393977,0
wfcommons,deterministic,epigenomics,0.2,epigenomics_7,0,FastestNode,0.0003445316573701,2902.4908991961893,0
wfcommons,deterministic,epigenomics,0.2,epigenomics_7,0,MaxTP,0.0006062338388414,2887.9711981580726,0
wfcommons,deterministic,epigenomics,0.2,epigenomics_6,0,HEFT_static,0.0005638862141248,1793.021729143588,0
wfcommons,deterministic,epigenomics,0.2,epigenomics_6,0,CPoP_static,0.0005602139655268,1795.442943039022,0
wfcommons,deterministic,epigenomics,0.2,epigenomics_6,0,HEFT-Tp_static,0.0007370763397749,2060.918434738533,0
wfcommons,deterministic,epigenomics,0.2,epigenomics_6,0,CPoP-Tp_static,0.0007381729402223,2064.8578439543458,0
wfcommons,deterministic,epigenomics,0.2,epigenomics_6,0,FastestNode,0.0002875331462159,3477.8599029778634,0
wfcommons,deterministic,epigenomics,0.2,epigenomics_6,0,MaxTP,0.0007326828333104,2101.676033610055,0
wfcommons,deterministic,epigenomics,0.2,epigenomics_10,0,HEFT_static,0.0006334397402482,1580.657539505569,0
wfcommons,deterministic,epigenomics,0.2,epigenomics_10,0,CPoP_static,0.000634295579921,1585.494292740291,0
wfcommons,deterministic,epigenomics,0.2,epigenomics_10,0,HEFT-Tp_static,0.001052919583788,2371.6970894533083,0
wfcommons,deterministic,epigenomics,0.2,epigenomics_10,0,CPoP-Tp_static,0.001052919583788,2153.3742098379157,0
wfcommons,deterministic,epigenomics,0.2,epigenomics_10,0,FastestNode,0.0004276805938789,2338.1935358170053,0
wfcommons,deterministic,epigenomics,0.2,epigenomics_10,0,MaxTP,0.001052919583788,2265.4461184660313,0
wfcommons,deterministic,epigenomics,0.2,epigenomics_4,0,HEFT_static,0.0005630588163914,1790.974060257867,0
wfcommons,deterministic,epigenomics,0.2,epigenomics_4,0,CPoP_static,0.0005644861785075,1804.5349732353843,0
wfcommons,deterministic,epigenomics,0.2,epigenomics_4,0,HEFT-Tp_static,0.0006075401584623,2514.0724573056054,0
wfcommons,deterministic,epigenomics,0.2,epigenomics_4,0,CPoP-Tp_static,0.0006087740116521,2530.2174572566905,0
wfcommons,deterministic,epigenomics,0.2,epigenomics_4,0,FastestNode,0.0001268338044325,7884.333395774385,0
wfcommons,deterministic,epigenomics,0.2,epigenomics_4,0,MaxTP,0.0006106102372902,2637.8036607030285,0
wfcommons,deterministic,epigenomics,0.2,epigenomics_8,0,HEFT_static,0.0002603131990014,3841.5262992326634,0
wfcommons,deterministic,epigenomics,0.2,epigenomics_8,0,CPoP_static,0.0002607733669303,3838.865891987959,0
wfcommons,deterministic,epigenomics,0.2,epigenomics_8,0,HEFT-Tp_static,0.0003091504785159,4449.159498451637,0
wfcommons,deterministic,epigenomics,0.2,epigenomics_8,0,CPoP-Tp_static,0.0003086791854642,4472.681542434044,0
wfcommons,deterministic,epigenomics,0.2,epigenomics_8,0,FastestNode,0.0001623251165472,6160.47609434492,0
wfcommons,deterministic,epigenomics,0.2,epigenomics_8,0,MaxTP,0.0003088513908051,4446.362544116765,0
wfcommons,deterministic,epigenomics,0.2,epigenomics_9,0,HEFT_static,0.0004373082352921,2295.7234592045997,0
wfcommons,deterministic,epigenomics,0.2,epigenomics_9,0,CPoP_static,0.0004385783976197,2318.15886855236,0
wfcommons,deterministic,epigenomics,0.2,epigenomics_9,0,HEFT-Tp_static,0.0004543844870303,2332.6923228679625,0
wfcommons,deterministic,epigenomics,0.2,epigenomics_9,0,CPoP-Tp_static,0.000451934769421,2397.8616072315313,0
wfcommons,deterministic,epigenomics,0.2,epigenomics_9,0,FastestNode,0.0001718259230881,5819.843606995273,0
wfcommons,deterministic,epigenomics,0.2,epigenomics_9,0,MaxTP,0.0004508845515681,2422.206254751747,0
wfcommons,deterministic,epigenomics,0.2,epigenomics_12,0,HEFT_static,0.0007693933569108,1301.4940865209908,0
wfcommons,deterministic,epigenomics,0.2,epigenomics_12,0,CPoP_static,0.0007686986747369,1300.8998621708392,0
wfcommons,deterministic,epigenomics,0.2,epigenomics_12,0,HEFT-Tp_static,0.0010683525305412,1800.1376988258587,0
wfcommons,deterministic,epigenomics,0.2,epigenomics_12,0,CPoP-Tp_static,0.0010690222286399,1837.9793079466072,0
wfcommons,deterministic,epigenomics,0.2,epigenomics_12,0,FastestNode,0.0006474675444547,1544.4789604788232,0
wfcommons,deterministic,epigenomics,0.2,epigenomics_12,0,MaxTP,0.0010522020634126,1828.7219516054013,0
wfcommons,deterministic,epigenomics,0.2,epigenomics_11,0,HEFT_static,0.0003875400137143,2584.9904351629452,0
wfcommons,deterministic,epigenomics,0.2,epigenomics_11,0,CPoP_static,0.0003861959581827,2593.9379940496447,0
wfcommons,deterministic,epigenomics,0.2,epigenomics_11,0,HEFT-Tp_static,0.0004687430673283,3126.288679871103,0
wfcommons,deterministic,epigenomics,0.2,epigenomics_11,0,CPoP-Tp_static,0.000472412534212,3143.623397201396,0
wfcommons,deterministic,epigenomics,0.2,epigenomics_11,0,FastestNode,0.0002653184449506,3769.055710346423,0
wfcommons,deterministic,epigenomics,0.2,epigenomics_11,0,MaxTP,0.0004694883543433,3143.4806601141713,0
wfcommons,deterministic,epigenomics,0.2,epigenomics_14,0,HEFT_static,0.000557684904903,1824.069492438289,0
wfcommons,deterministic,epigenomics,0.2,epigenomics_14,0,CPoP_static,0.0005566906637893,1828.324849739476,0
wfcommons,deterministic,epigenomics,0.2,epigenomics_14,0,HEFT-Tp_static,0.0007657164816159,2167.5256135023756,0
wfcommons,deterministic,epigenomics,0.2,epigenomics_14,0,CPoP-Tp_static,0.0007635331162972,2167.351877081331,0
wfcommons,deterministic,epigenomics,0.2,epigenomics_14,0,FastestNode,0.000306095693812,3266.952198993225,0
wfcommons,deterministic,epigenomics,0.2,epigenomics_14,0,MaxTP,0.0007753402755927,2200.606271253856,0
wfcommons,deterministic,epigenomics,0.2,epigenomics_15,0,HEFT_static,0.0003457018698996,2896.436563023426,0
wfcommons,deterministic,epigenomics,0.2,epigenomics_15,0,CPoP_static,0.0003463867393845,2904.6584633159237,0
wfcommons,deterministic,epigenomics,0.2,epigenomics_15,0,HEFT-Tp_static,0.0003526627573199,2939.2702047806597,0
wfcommons,deterministic,epigenomics,0.2,epigenomics_15,0,CPoP-Tp_static,0.0003527664711781,2940.907146660464,0
wfcommons,deterministic,epigenomics,0.2,epigenomics_15,0,FastestNode,0.0002115863896192,4726.201915918235,0
wfcommons,deterministic,epigenomics,0.2,epigenomics_15,0,MaxTP,0.0003533494377443,2977.341771845072,0
wfcommons,deterministic,epigenomics,0.2,epigenomics_16,0,HEFT_static,0.0005646511646074,1771.1012891710088,0
wfcommons,deterministic,epigenomics,0.2,epigenomics_16,0,CPoP_static,0.0005636628823607,1774.8882224322465,0
wfcommons,deterministic,epigenomics,0.2,epigenomics_16,0,HEFT-Tp_static,0.000750882337286,2227.4168389620145,0
wfcommons,deterministic,epigenomics,0.2,epigenomics_16,0,CPoP-Tp_static,0.00074878949119,2235.82681958689,0
wfcommons,deterministic,epigenomics,0.2,epigenomics_16,0,FastestNode,0.0004050324822046,2468.937786319864,0
wfcommons,deterministic,epigenomics,0.2,epigenomics_16,0,MaxTP,0.0007523526406775,2242.357247760778,0
wfcommons,deterministic,epigenomics,0.2,epigenomics_13,0,HEFT_static,0.0001846041209505,5423.277380675169,0
wfcommons,deterministic,epigenomics,0.2,epigenomics_13,0,CPoP_static,0.0001851053259373,5447.275443048209,0
wfcommons,deterministic,epigenomics,0.2,epigenomics_13,0,HEFT-Tp_static,0.0001853708897002,5460.553599491556,0
wfcommons,deterministic,epigenomics,0.2,epigenomics_13,0,CPoP-Tp_static,0.0001853477870405,5507.369061812305,0
wfcommons,deterministic,epigenomics,0.2,epigenomics_13,0,FastestNode,0.0001092413372769,9154.04392629669,0
wfcommons,deterministic,epigenomics,0.2,epigenomics_13,0,MaxTP,0.0001853758575243,5503.092205944287,0
wfcommons,deterministic,epigenomics,0.2,epigenomics_19,0,HEFT_static,0.0007683362176118,1302.068420873509,0
wfcommons,deterministic,epigenomics,0.2,epigenomics_19,0,CPoP_static,0.0007787144437248,1318.300987310364,0
wfcommons,deterministic,epigenomics,0.2,epigenomics_19,0,HEFT-Tp_static,0.0011889522987004,1765.3771653814372,0
wfcommons,deterministic,epigenomics,0.2,epigenomics_19,0,CPoP-Tp_static,0.0012162015960888,1700.4270163788149,0
wfcommons,deterministic,epigenomics,0.2,epigenomics_19,0,FastestNode,0.0004933139953827,2027.10648666404,0
wfcommons,deterministic,epigenomics,0.2,epigenomics_19,0,MaxTP,0.0011929629067008,1934.433876945022,0
wfcommons,deterministic,epigenomics,0.2,epigenomics_18,0,HEFT_static,0.0004232703887523,2404.493115465833,0
wfcommons,deterministic,epigenomics,0.2,epigenomics_18,0,CPoP_static,0.0004232901267561,2404.61827603744,0
wfcommons,deterministic,epigenomics,0.2,epigenomics_18,0,HEFT-Tp_static,0.0005284320538251,2960.4498169890044,0
wfcommons,deterministic,epigenomics,0.2,epigenomics_18,0,CPoP-Tp_static,0.0005285480805927,2963.350016721943,0
wfcommons,deterministic,epigenomics,0.2,epigenomics_18,0,FastestNode,0.0002858661698108,3498.1404083705743,0
wfcommons,deterministic,epigenomics,0.2,epigenomics_18,0,MaxTP,0.0005294955054246,2941.584303828327,0
wfcommons,deterministic,epigenomics,0.2,epigenomics_21,0,HEFT_static,0.0010638737287782,1021.711781842723,0
wfcommons,deterministic,epigenomics,0.2,epigenomics_21,0,CPoP_static,0.0010076608952846,1040.729965879748,0
wfcommons,deterministic,epigenomics,0.2,epigenomics_21,0,HEFT-Tp_static,0.0013499331588657,1595.0360366679708,0
wfcommons,deterministic,epigenomics,0.2,epigenomics_21,0,CPoP-Tp_static,0.0013499331588657,1647.786926511752,0
wfcommons,deterministic,epigenomics,0.2,epigenomics_21,0,FastestNode,0.0006799754082377,1470.641420099377,0
wfcommons,deterministic,epigenomics,0.2,epigenomics_21,0,MaxTP,0.0013499331588657,1655.1884711694584,0
wfcommons,deterministic,epigenomics,0.2,epigenomics_17,0,HEFT_static,0.0004858906537948,2064.124570951371,0
wfcommons,deterministic,epigenomics,0.2,epigenomics_17,0,CPoP_static,0.0004856202367035,2065.530203375833,0
wfcommons,deterministic,epigenomics,0.2,epigenomics_17,0,HEFT-Tp_static,0.0004942890468118,2308.6311049026976,0
wfcommons,deterministic,epigenomics,0.2,epigenomics_17,0,CPoP-Tp_static,0.000494100279621,2139.789746248944,0
wfcommons,deterministic,epigenomics,0.2,epigenomics_17,0,FastestNode,0.0001789249198251,5588.936415218183,0
wfcommons,deterministic,epigenomics,0.2,epigenomics_17,0,MaxTP,0.0004953214313912,2138.319124613554,0
wfcommons,deterministic,epigenomics,0.2,epigenomics_22,0,HEFT_static,0.000345229816665,2896.621183134427,0
wfcommons,deterministic,epigenomics,0.2,epigenomics_22,0,CPoP_static,0.0003458168212138,2904.790049615589,0
wfcommons,deterministic,epigenomics,0.2,epigenomics_22,0,HEFT-Tp_static,0.0003985469080378,3360.5273935915957,0
wfcommons,deterministic,epigenomics,0.2,epigenomics_22,0,CPoP-Tp_static,0.0003983003154421,3380.90578193039,0
wfcommons,deterministic,epigenomics,0.2,epigenomics_22,0,FastestNode,0.0002219645230597,4505.224466577379,0
wfcommons,deterministic,epigenomics,0.2,epigenomics_22,0,MaxTP,0.0003975988082677,3362.806768642511,0
wfcommons,deterministic,epigenomics,0.2,epigenomics_24,0,HEFT_static,0.0009079729487712,1122.9442330710135,0
wfcommons,deterministic,epigenomics,0.2,epigenomics_24,0,CPoP_static,0.0008957623045005,1118.9197862279134,0
wfcommons,deterministic,epigenomics,0.2,epigenomics_24,0,HEFT-Tp_static,0.0013292460696274,1928.637438712916,0
wfcommons,deterministic,epigenomics,0.2,epigenomics_24,0,CPoP-Tp_static,0.0013292460696274,1820.9719835646204,0
wfcommons,deterministic,epigenomics,0.2,epigenomics_24,0,FastestNode,0.000553597095599,1806.36785841632,0
wfcommons,deterministic,epigenomics,0.2,epigenomics_24,0,MaxTP,0.0013292460696274,1753.1396155983373,0
wfcommons,deterministic,epigenomics,0.2,epigenomics_23,0,HEFT_static,0.0004349585214291,2322.8594367542064,0
wfcommons,deterministic,epigenomics,0.2,epigenomics_23,0,CPoP_static,0.0004356637750969,2338.283906475274,0
wfcommons,deterministic,epigenomics,0.2,epigenomics_23,0,HEFT-Tp_static,0.000437890706786,2541.8722831657547,0
wfcommons,deterministic,epigenomics,0.2,epigenomics_23,0,CPoP-Tp_static,0.0004368975499366,2460.476213720102,0
wfcommons,deterministic,epigenomics,0.2,epigenomics_23,0,FastestNode,0.0001879698283491,5320.002730134891,0
wfcommons,deterministic,epigenomics,0.2,epigenomics_23,0,MaxTP,0.0004403401879611,2460.592950057362,0
wfcommons,deterministic,epigenomics,0.2,epigenomics_25,0,HEFT_static,0.0005389897311589,1855.3229165481368,0
wfcommons,deterministic,epigenomics,0.2,epigenomics_25,0,CPoP_static,0.0005471482860887,1863.86685526893,0
wfcommons,deterministic,epigenomics,0.2,epigenomics_25,0,HEFT-Tp_static,0.0007172996649891,2326.906186638568,0
wfcommons,deterministic,epigenomics,0.2,epigenomics_25,0,CPoP-Tp_static,0.0007117330877547,2349.224194578368,0
wfcommons,deterministic,epigenomics,0.2,epigenomics_25,0,FastestNode,0.0003853050842569,2595.3459761124127,0
wfcommons,deterministic,epigenomics,0.2,epigenomics_25,0,MaxTP,0.0007125866396275,2346.6729938407357,0
wfcommons,deterministic,epigenomics,0.2,epigenomics_20,0,HEFT_static,0.0005270075407786,1909.8081941486207,0
wfcommons,deterministic,epigenomics,0.2,epigenomics_20,0,CPoP_static,0.0005277213281816,1931.4154184687163,0
wfcommons,deterministic,epigenomics,0.2,epigenomics_20,0,HEFT-Tp_static,0.0007053332639239,2193.0935037407075,0
wfcommons,deterministic,epigenomics,0.2,epigenomics_20,0,CPoP-Tp_static,0.0007063998360844,2325.786563896946,0
wfcommons,deterministic,epigenomics,0.2,epigenomics_20,0,FastestNode,0.0002392030829718,4180.54812495319,0
wfcommons,deterministic,epigenomics,0.2,epigenomics_20,0,MaxTP,0.0007180376941834,2306.0462336316837,0
wfcommons,deterministic,epigenomics,0.2,epigenomics_27,0,HEFT_static,0.0007099103385473,1413.8839514467454,0
wfcommons,deterministic,epigenomics,0.2,epigenomics_27,0,CPoP_static,0.0007191727495882,1422.7894535184475,0
wfcommons,deterministic,epigenomics,0.2,epigenomics_27,0,HEFT-Tp_static,0.001272295400913,2128.867847229077,0
wfcommons,deterministic,epigenomics,0.2,epigenomics_27,0,CPoP-Tp_static,0.001272295400913,2012.295576409192,0
wfcommons,deterministic,epigenomics,0.2,epigenomics_27,0,FastestNode,0.0004172367654162,2396.720718042574,0
wfcommons,deterministic,epigenomics,0.2,epigenomics_27,0,MaxTP,0.001272295400913,2091.3303507026867,0
wfcommons,deterministic,epigenomics,0.2,epigenomics_28,0,HEFT_static,0.0006024885645572,1665.2238749105318,0
wfcommons,deterministic,epigenomics,0.2,epigenomics_28,0,CPoP_static,0.0006047822511934,1674.009935900236,0
wfcommons,deterministic,epigenomics,0.2,epigenomics_28,0,HEFT-Tp_static,0.0009999700314439,2292.652049553737,0
wfcommons,deterministic,epigenomics,0.2,epigenomics_28,0,CPoP-Tp_static,0.0010026333341025,2185.1263022072835,0
wfcommons,deterministic,epigenomics,0.2,epigenomics_28,0,FastestNode,0.000295473320339,3384.4003203196244,0
wfcommons,deterministic,epigenomics,0.2,epigenomics_28,0,MaxTP,0.0009958986054437,2162.4293964865315,0
wfcommons,deterministic,epigenomics,0.2,epigenomics_29,0,HEFT_static,0.0006421265173933,1563.46804920574,0
wfcommons,deterministic,epigenomics,0.2,epigenomics_29,0,CPoP_static,0.0006427393307569,1573.7924492272646,0
wfcommons,deterministic,epigenomics,0.2,epigenomics_29,0,HEFT-Tp_static,0.0011297066632326,2166.3092673331735,0
wfcommons,deterministic,epigenomics,0.2,epigenomics_29,0,CPoP-Tp_static,0.0011300831317288,2196.3426207436455,0
wfcommons,deterministic,epigenomics,0.2,epigenomics_29,0,FastestNode,0.0003317815615117,3014.031266370175,0
wfcommons,deterministic,epigenomics,0.2,epigenomics_29,0,MaxTP,0.0011310523467115,2033.6903715425824,0
wfcommons,deterministic,epigenomics,0.5,epigenomics_1,0,HEFT_static,0.0004550055079814,2212.869570118753,0
wfcommons,deterministic,epigenomics,0.5,epigenomics_1,0,CPoP_static,0.0004508000767428,2219.40646358565,0
wfcommons,deterministic,epigenomics,0.5,epigenomics_1,0,HEFT-Tp_static,0.0004583824452412,2243.4491216919796,0
wfcommons,deterministic,epigenomics,0.5,epigenomics_1,0,CPoP-Tp_static,0.0004585453732601,2306.461089722786,0
wfcommons,deterministic,epigenomics,0.5,epigenomics_1,0,FastestNode,0.0001961280558955,5098.709592741387,0
wfcommons,deterministic,epigenomics,0.5,epigenomics_1,0,MaxTP,0.0004584524014585,2253.0674925779167,0
wfcommons,deterministic,epigenomics,0.5,epigenomics_2,0,HEFT_static,0.0003285731771611,3063.088905407408,0
wfcommons,deterministic,epigenomics,0.5,epigenomics_2,0,CPoP_static,0.0003332519469413,3087.0965733053363,0
wfcommons,deterministic,epigenomics,0.5,epigenomics_2,0,HEFT-Tp_static,0.0003346249426905,3106.536933909951,0
wfcommons,deterministic,epigenomics,0.5,epigenomics_2,0,CPoP-Tp_static,0.0003325268970121,3136.855442056875,0
wfcommons,deterministic,epigenomics,0.5,epigenomics_2,0,FastestNode,0.0001888798648525,5294.370581962212,0
wfcommons,deterministic,epigenomics,0.5,epigenomics_2,0,MaxTP,0.0003337961698993,3155.5681498325443,0
wfcommons,deterministic,epigenomics,0.2,epigenomics_26,0,HEFT_static,0.0005158925745715,1953.125129847528,0
wfcommons,deterministic,epigenomics,0.2,epigenomics_26,0,CPoP_static,0.0005162602523771,1965.317071372536,0
wfcommons,deterministic,epigenomics,0.2,epigenomics_26,0,HEFT-Tp_static,0.0005280567572796,2026.729926761699,0
wfcommons,deterministic,epigenomics,0.2,epigenomics_26,0,CPoP-Tp_static,0.0005280606531168,2015.822989825814,0
wfcommons,deterministic,epigenomics,0.2,epigenomics_26,0,FastestNode,0.0001597808145682,6258.573676087663,0
wfcommons,deterministic,epigenomics,0.2,epigenomics_26,0,MaxTP,0.0005287083062408,2118.3974153263052,0
wfcommons,deterministic,epigenomics,0.5,epigenomics_0,0,HEFT_static,0.0003239316900963,3093.2805160604003,0
wfcommons,deterministic,epigenomics,0.5,epigenomics_0,0,CPoP_static,0.0003273419885217,3125.8568054325074,0
wfcommons,deterministic,epigenomics,0.5,epigenomics_0,0,HEFT-Tp_static,0.0003295653419153,3153.4568766196376,0
wfcommons,deterministic,epigenomics,0.5,epigenomics_0,0,CPoP-Tp_static,0.0003298709951206,3209.958349890652,0
wfcommons,deterministic,epigenomics,0.5,epigenomics_0,0,FastestNode,0.0001375521422514,7269.970380923933,0
wfcommons,deterministic,epigenomics,0.5,epigenomics_0,0,MaxTP,0.0003307736214603,3254.728622382648,0
wfcommons,deterministic,epigenomics,0.5,epigenomics_3,0,HEFT_static,0.0006940588522605,1459.4289877119672,0
wfcommons,deterministic,epigenomics,0.5,epigenomics_3,0,CPoP_static,0.0006939143240591,1468.5318186278053,0
wfcommons,deterministic,epigenomics,0.5,epigenomics_3,0,HEFT-Tp_static,0.0010353980497887,1865.6675144844864,0
wfcommons,deterministic,epigenomics,0.5,epigenomics_3,0,CPoP-Tp_static,0.0010361059595245,1875.3290868489448,0
wfcommons,deterministic,epigenomics,0.5,epigenomics_3,0,FastestNode,0.0004544456765759,2200.483031408424,0
wfcommons,deterministic,epigenomics,0.5,epigenomics_3,0,MaxTP,0.0010502427761798,1875.8830548407816,0
wfcommons,deterministic,epigenomics,0.5,epigenomics_7,0,HEFT_static,0.0004509763977693,2234.4309454731024,0
wfcommons,deterministic,epigenomics,0.5,epigenomics_7,0,CPoP_static,0.0004520508339746,2272.2904140518913,0
wfcommons,deterministic,epigenomics,0.5,epigenomics_7,0,HEFT-Tp_static,0.000607456220886,2935.82967925917,0
wfcommons,deterministic,epigenomics,0.5,epigenomics_7,0,CPoP-Tp_static,0.0006063374240457,2972.401639575075,0
wfcommons,deterministic,epigenomics,0.5,epigenomics_7,0,FastestNode,0.0003445316573701,2902.4908991961893,0
wfcommons,deterministic,epigenomics,0.5,epigenomics_7,0,MaxTP,0.0006062338388414,2896.536668779582,0
wfcommons,deterministic,epigenomics,0.5,epigenomics_5,0,HEFT_static,0.0003429418560109,2923.3932582094585,0
wfcommons,deterministic,epigenomics,0.5,epigenomics_5,0,CPoP_static,0.0003430837440843,2927.8328316763304,0
wfcommons,deterministic,epigenomics,0.5,epigenomics_5,0,HEFT-Tp_static,0.0003468889077228,2948.1147064617976,0
wfcommons,deterministic,epigenomics,0.5,epigenomics_5,0,CPoP-Tp_static,0.0003466282092877,3004.9012803297965,0
wfcommons,deterministic,epigenomics,0.5,epigenomics_5,0,FastestNode,0.0001811189026409,5521.234865158397,0
wfcommons,deterministic,epigenomics,0.5,epigenomics_5,0,MaxTP,0.0003468427115097,2988.631934098274,0
wfcommons,deterministic,epigenomics,0.5,epigenomics_6,0,HEFT_static,0.0005596038576333,1797.3715804299818,0
wfcommons,deterministic,epigenomics,0.5,epigenomics_6,0,CPoP_static,0.0005596188083049,1799.622779555005,0
wfcommons,deterministic,epigenomics,0.5,epigenomics_6,0,HEFT-Tp_static,0.0007367722949504,2079.2912251219955,0
wfcommons,deterministic,epigenomics,0.5,epigenomics_6,0,CPoP-Tp_static,0.0007381729402223,2098.971015799523,0
wfcommons,deterministic,epigenomics,0.5,epigenomics_6,0,FastestNode,0.0002875331462159,3477.8599029778634,0
wfcommons,deterministic,epigenomics,0.5,epigenomics_6,0,MaxTP,0.0007326828333104,2126.145374994488,0
wfcommons,deterministic,epigenomics,0.5,epigenomics_8,0,HEFT_static,0.0002601323580871,3844.196882520538,0
wfcommons,deterministic,epigenomics,0.5,epigenomics_8,0,CPoP_static,0.0002606622653361,3853.397676388327,0
wfcommons,deterministic,epigenomics,0.5,epigenomics_8,0,HEFT-Tp_static,0.0003092700197812,4466.4976644386015,0
wfcommons,deterministic,epigenomics,0.5,epigenomics_8,0,CPoP-Tp_static,0.0003086791854642,4497.66510564721,0
wfcommons,deterministic,epigenomics,0.5,epigenomics_8,0,FastestNode,0.0001623251165472,6160.47609434492,0
wfcommons,deterministic,epigenomics,0.5,epigenomics_8,0,MaxTP,0.0003088513908051,4462.898970859952,0
wfcommons,deterministic,epigenomics,0.5,epigenomics_9,0,HEFT_static,0.000438690373056,2305.680713336545,0
wfcommons,deterministic,epigenomics,0.5,epigenomics_9,0,CPoP_static,0.0004306244965271,2339.605088627554,0
wfcommons,deterministic,epigenomics,0.5,epigenomics_9,0,HEFT-Tp_static,0.0004519497884415,2383.855492449672,0
wfcommons,deterministic,epigenomics,0.5,epigenomics_9,0,CPoP-Tp_static,0.000451934769421,2487.251101844405,0
wfcommons,deterministic,epigenomics,0.5,epigenomics_9,0,FastestNode,0.0001718259230881,5819.843606995273,0
wfcommons,deterministic,epigenomics,0.5,epigenomics_9,0,MaxTP,0.0004508845515681,2477.69084710388,0
wfcommons,deterministic,epigenomics,0.5,epigenomics_12,0,HEFT_static,0.0007662626997336,1321.1082377794935,0
wfcommons,deterministic,epigenomics,0.5,epigenomics_12,0,CPoP_static,0.0007652365313189,1319.2025266026776,0
wfcommons,deterministic,epigenomics,0.5,epigenomics_12,0,HEFT-Tp_static,0.0010683525305412,1830.9444520071145,0
wfcommons,deterministic,epigenomics,0.5,epigenomics_12,0,CPoP-Tp_static,0.0010690222286399,1909.861732036204,0
wfcommons,deterministic,epigenomics,0.5,epigenomics_12,0,FastestNode,0.0006474675444547,1544.4789604788232,0
wfcommons,deterministic,epigenomics,0.5,epigenomics_12,0,MaxTP,0.0010522020634126,1880.066540240827,0
wfcommons,deterministic,epigenomics,0.5,epigenomics_10,0,HEFT_static,0.0006296098697172,1590.95004995667,0
wfcommons,deterministic,epigenomics,0.5,epigenomics_10,0,CPoP_static,0.0006488074917443,1617.160263904532,0
wfcommons,deterministic,epigenomics,0.5,epigenomics_10,0,HEFT-Tp_static,0.001052919583788,2458.504808074047,0
wfcommons,deterministic,epigenomics,0.5,epigenomics_10,0,CPoP-Tp_static,0.001052919583788,2183.9896323095904,0
wfcommons,deterministic,epigenomics,0.5,epigenomics_10,0,FastestNode,0.0004276805938789,2338.1935358170053,0
wfcommons,deterministic,epigenomics,0.5,epigenomics_10,0,MaxTP,0.001052919583788,2296.061540937706,0
wfcommons,deterministic,epigenomics,0.5,epigenomics_4,0,HEFT_static,0.0005539535130911,1834.1127990067887,0
wfcommons,deterministic,epigenomics,0.5,epigenomics_4,0,CPoP_static,0.0005610065314099,1846.234945832262,0
wfcommons,deterministic,epigenomics,0.5,epigenomics_4,0,HEFT-Tp_static,0.0006087716340479,2591.0274248086644,0
wfcommons,deterministic,epigenomics,0.5,epigenomics_4,0,CPoP-Tp_static,0.0006087740116521,2587.5784921843506,0
wfcommons,deterministic,epigenomics,0.5,epigenomics_4,0,FastestNode,0.0001268338044325,7884.333395774385,0
wfcommons,deterministic,epigenomics,0.5,epigenomics_4,0,MaxTP,0.0006106102372902,2715.3846860161166,0
wfcommons,deterministic,epigenomics,0.5,epigenomics_11,0,HEFT_static,0.000387394839968,2598.90481414325,0
wfcommons,deterministic,epigenomics,0.5,epigenomics_11,0,CPoP_static,0.0003968807319124,2618.586093286344,0
wfcommons,deterministic,epigenomics,0.5,epigenomics_11,0,HEFT-Tp_static,0.0004692908278983,3159.5439722283286,0
wfcommons,deterministic,epigenomics,0.5,epigenomics_11,0,CPoP-Tp_static,0.000472412534212,3174.1464662001717,0
wfcommons,deterministic,epigenomics,0.5,epigenomics_11,0,FastestNode,0.0002653184449506,3769.055710346423,0
wfcommons,deterministic,epigenomics,0.5,epigenomics_11,0,MaxTP,0.0004694883543433,3173.681615418316,0
wfcommons,deterministic,epigenomics,0.5,epigenomics_16,0,HEFT_static,0.0005621141848731,1788.339271122304,0
wfcommons,deterministic,epigenomics,0.5,epigenomics_16,0,CPoP_static,0.0005635838447587,1787.611053000997,0
wfcommons,deterministic,epigenomics,0.5,epigenomics_16,0,HEFT-Tp_static,0.0007500955993392,2250.7271380756515,0
wfcommons,deterministic,epigenomics,0.5,epigenomics_16,0,CPoP-Tp_static,0.00074878949119,2261.0844113430776,0
wfcommons,deterministic,epigenomics,0.5,epigenomics_16,0,FastestNode,0.0004050324822046,2468.937786319864,0
wfcommons,deterministic,epigenomics,0.5,epigenomics_16,0,MaxTP,0.0007523526406775,2267.177124900949,0
wfcommons,deterministic,epigenomics,0.5,epigenomics_14,0,HEFT_static,0.0005565821422418,1841.7816949349904,0
wfcommons,deterministic,epigenomics,0.5,epigenomics_14,0,CPoP_static,0.000555106687067,1847.2497818997117,0
wfcommons,deterministic,epigenomics,0.5,epigenomics_14,0,HEFT-Tp_static,0.0007672548267661,2186.209922098437,0
wfcommons,deterministic,epigenomics,0.5,epigenomics_14,0,CPoP-Tp_static,0.0007635331162972,2201.066149302539,0
wfcommons,deterministic,epigenomics,0.5,epigenomics_14,0,FastestNode,0.000306095693812,3266.952198993225,0
wfcommons,deterministic,epigenomics,0.5,epigenomics_14,0,MaxTP,0.0007753402755927,2236.8919876606587,0
wfcommons,deterministic,epigenomics,0.5,epigenomics_15,0,HEFT_static,0.0003455257401447,2898.1400351972816,0
wfcommons,deterministic,epigenomics,0.5,epigenomics_15,0,CPoP_static,0.0003460896328417,2909.407935846836,0
wfcommons,deterministic,epigenomics,0.5,epigenomics_15,0,HEFT-Tp_static,0.0003527635570347,2953.983261025224,0
wfcommons,deterministic,epigenomics,0.5,epigenomics_15,0,CPoP-Tp_static,0.0003527664711781,2959.004221338495,0
wfcommons,deterministic,epigenomics,0.5,epigenomics_15,0,FastestNode,0.0002115863896192,4726.201915918235,0
wfcommons,deterministic,epigenomics,0.5,epigenomics_15,0,MaxTP,0.0003533494377443,3007.324129996816,0
wfcommons,deterministic,epigenomics,0.5,epigenomics_13,0,HEFT_static,0.000184556737698,5433.632894852647,0
wfcommons,deterministic,epigenomics,0.5,epigenomics_13,0,CPoP_static,0.0001850367323986,5453.7095887835585,0
wfcommons,deterministic,epigenomics,0.5,epigenomics_13,0,HEFT-Tp_static,0.0001853384705974,5495.263530492429,0
wfcommons,deterministic,epigenomics,0.5,epigenomics_13,0,CPoP-Tp_static,0.0001853477870405,5576.470561172701,0
wfcommons,deterministic,epigenomics,0.5,epigenomics_13,0,FastestNode,0.0001092413372769,9154.04392629669,0
wfcommons,deterministic,epigenomics,0.5,epigenomics_13,0,MaxTP,0.0001853758575243,5573.278038925817,0
wfcommons,deterministic,epigenomics,0.5,epigenomics_18,0,HEFT_static,0.0004396889789713,2419.2960861540428,0
wfcommons,deterministic,epigenomics,0.5,epigenomics_18,0,CPoP_static,0.0004410511539276,2420.881948928605,0
wfcommons,deterministic,epigenomics,0.5,epigenomics_18,0,HEFT-Tp_static,0.0005278859386516,3001.493477293038,0
wfcommons,deterministic,epigenomics,0.5,epigenomics_18,0,CPoP-Tp_static,0.0005285480805927,3006.617884276248,0
wfcommons,deterministic,epigenomics,0.5,epigenomics_18,0,FastestNode,0.0002858661698108,3498.1404083705743,0
wfcommons,deterministic,epigenomics,0.5,epigenomics_18,0,MaxTP,0.0005294955054246,2967.5450243609093,0
wfcommons,deterministic,epigenomics,0.5,epigenomics_19,0,HEFT_static,0.0007894453980852,1342.6893781069757,0
wfcommons,deterministic,epigenomics,0.5,epigenomics_19,0,CPoP_static,0.0007589198766287,1317.6875880616965,0
wfcommons,deterministic,epigenomics,0.5,epigenomics_19,0,HEFT-Tp_static,0.001187465952268,1762.840653876896,0
wfcommons,deterministic,epigenomics,0.5,epigenomics_19,0,CPoP-Tp_static,0.0012162015960888,1750.2894495379846,0
wfcommons,deterministic,epigenomics,0.5,epigenomics_19,0,FastestNode,0.0004933139953827,2027.10648666404,0
wfcommons,deterministic,epigenomics,0.5,epigenomics_19,0,MaxTP,0.0011929629067008,1984.2963101041912,0
wfcommons,deterministic,epigenomics,0.5,epigenomics_21,0,HEFT_static,0.0009773657010987,1039.567928913954,0
wfcommons,deterministic,epigenomics,0.5,epigenomics_21,0,CPoP_static,0.0010494112452961,1070.3733778459853,0
wfcommons,deterministic,epigenomics,0.5,epigenomics_21,0,HEFT-Tp_static,0.0013499331588657,1602.644021129254,0
wfcommons,deterministic,epigenomics,0.5,epigenomics_21,0,CPoP-Tp_static,0.0013499331588657,1664.439231023532,0
wfcommons,deterministic,epigenomics,0.5,epigenomics_21,0,FastestNode,0.0006799754082377,1470.641420099377,0
wfcommons,deterministic,epigenomics,0.5,epigenomics_21,0,MaxTP,0.0013499331588657,1674.771914832579,0
wfcommons,deterministic,epigenomics,0.5,epigenomics_17,0,HEFT_static,0.0004838499806363,2088.1460139510755,0
wfcommons,deterministic,epigenomics,0.5,epigenomics_17,0,CPoP_static,0.000484999161332,2080.159757652417,0
wfcommons,deterministic,epigenomics,0.5,epigenomics_17,0,HEFT-Tp_static,0.0004944526474721,2229.492367562231,0
wfcommons,deterministic,epigenomics,0.5,epigenomics_17,0,CPoP-Tp_static,0.000494100279621,2180.0347264053853,0
wfcommons,deterministic,epigenomics,0.5,epigenomics_17,0,FastestNode,0.0001789249198251,5588.936415218183,0
wfcommons,deterministic,epigenomics,0.5,epigenomics_17,0,MaxTP,0.0004953214313912,2143.9844618146685,0
wfcommons,deterministic,epigenomics,0.5,epigenomics_24,0,HEFT_static,0.0008945874460652,1137.0794123789624,0
wfcommons,deterministic,epigenomics,0.5,epigenomics_24,0,CPoP_static,0.0010014929959568,1167.6334312930385,0
wfcommons,deterministic,epigenomics,0.5,epigenomics_24,0,HEFT-Tp_static,0.0013292460696274,2038.7954416746484,0
wfcommons,deterministic,epigenomics,0.5,epigenomics_24,0,CPoP-Tp_static,0.0013292460696274,1841.1937180836724,0
wfcommons,deterministic,epigenomics,0.5,epigenomics_24,0,FastestNode,0.000553597095599,1806.36785841632,0
wfcommons,deterministic,epigenomics,0.5,epigenomics_24,0,MaxTP,0.0013292460696274,1773.3613501173888,0
wfcommons,deterministic,epigenomics,0.5,epigenomics_22,0,HEFT_static,0.0003541620052605,2921.214746992494,0
wfcommons,deterministic,epigenomics,0.5,epigenomics_22,0,CPoP_static,0.0003543640804697,2925.6134541907822,0
wfcommons,deterministic,epigenomics,0.5,epigenomics_22,0,HEFT-Tp_static,0.0003979783309126,3390.5044860205503,0
wfcommons,deterministic,epigenomics,0.5,epigenomics_22,0,CPoP-Tp_static,0.0003983003154421,3423.63380359361,0
wfcommons,deterministic,epigenomics,0.5,epigenomics_22,0,FastestNode,0.0002219645230597,4505.224466577379,0
wfcommons,deterministic,epigenomics,0.5,epigenomics_22,0,MaxTP,0.0003975988082677,3388.5026214833706,0
wfcommons,deterministic,epigenomics,0.5,epigenomics_23,0,HEFT_static,0.0004340496622484,2326.150759513912,0
wfcommons,deterministic,epigenomics,0.5,epigenomics_23,0,CPoP_static,0.0004321787967535,2332.195669244373,0
wfcommons,deterministic,epigenomics,0.5,epigenomics_23,0,HEFT-Tp_static,0.0004373895325857,2607.4262404387564,0
wfcommons,deterministic,epigenomics,0.5,epigenomics_23,0,CPoP-Tp_static,0.0004368975499366,2533.3136913522662,0
wfcommons,deterministic,epigenomics,0.5,epigenomics_23,0,FastestNode,0.0001879698283491,5320.002730134891,0
wfcommons,deterministic,epigenomics,0.5,epigenomics_23,0,MaxTP,0.0004403401879611,2496.0955800928537,0
wfcommons,deterministic,epigenomics,0.5,epigenomics_25,0,HEFT_static,0.0005378551766546,1865.509021068808,0
wfcommons,deterministic,epigenomics,0.5,epigenomics_25,0,CPoP_static,0.0005382827156321,1871.0597521965608,0
wfcommons,deterministic,epigenomics,0.5,epigenomics_25,0,HEFT-Tp_static,0.0007170782543359,2350.4976025292704,0
wfcommons,deterministic,epigenomics,0.5,epigenomics_25,0,CPoP-Tp_static,0.0007117330877547,2383.534478069168,0
wfcommons,deterministic,epigenomics,0.5,epigenomics_25,0,FastestNode,0.0003853050842569,2595.3459761124127,0
wfcommons,deterministic,epigenomics,0.5,epigenomics_25,0,MaxTP,0.0007125866396275,2379.360150443353,0
wfcommons,deterministic,epigenomics,0.5,epigenomics_20,0,HEFT_static,0.0005229333309925,1915.32662460835,0
wfcommons,deterministic,epigenomics,0.5,epigenomics_20,0,CPoP_static,0.0005230730364015,1929.2321576130576,0
wfcommons,deterministic,epigenomics,0.5,epigenomics_20,0,HEFT-Tp_static,0.0007065224949218,2216.005205127241,0
wfcommons,deterministic,epigenomics,0.5,epigenomics_20,0,CPoP-Tp_static,0.0007063998360844,2375.716346206354,0
wfcommons,deterministic,epigenomics,0.5,epigenomics_20,0,FastestNode,0.0002392030829718,4180.54812495319,0
wfcommons,deterministic,epigenomics,0.5,epigenomics_20,0,MaxTP,0.0007180376941834,2326.9084359641965,0
wfcommons,deterministic,epigenomics,0.5,epigenomics_27,0,HEFT_static,0.0007080036118147,1426.0711180081626,0
wfcommons,deterministic,epigenomics,0.5,epigenomics_27,0,CPoP_static,0.0007155964136383,1436.192914813958,0
wfcommons,deterministic,epigenomics,0.5,epigenomics_27,0,HEFT-Tp_static,0.001272295400913,2111.9830514552773,0
wfcommons,deterministic,epigenomics,0.5,epigenomics_27,0,CPoP-Tp_static,0.001272295400913,2036.1883455470845,0
wfcommons,deterministic,epigenomics,0.5,epigenomics_27,0,FastestNode,0.0004172367654162,2396.720718042574,0
wfcommons,deterministic,epigenomics,0.5,epigenomics_27,0,MaxTP,0.001272295400913,2029.6314166933928,0
wfcommons,deterministic,epigenomics,0.5,epigenomics_28,0,HEFT_static,0.0006028790918698,1681.6263395673775,0
wfcommons,deterministic,epigenomics,0.5,epigenomics_28,0,CPoP_static,0.0006449849691098,1697.026096250754,0
wfcommons,deterministic,epigenomics,0.5,epigenomics_28,0,HEFT-Tp_static,0.0009988789361937,2185.932365371003,0
wfcommons,deterministic,epigenomics,0.5,epigenomics_28,0,CPoP-Tp_static,0.0010026333341025,2233.819145366331,0
wfcommons,deterministic,epigenomics,0.5,epigenomics_28,0,FastestNode,0.000295473320339,3384.4003203196244,0
wfcommons,deterministic,epigenomics,0.5,epigenomics_28,0,MaxTP,0.0009958986054437,2147.4353417895345,0
wfcommons,deterministic,epigenomics,0.5,epigenomics_29,0,HEFT_static,0.0006377773261721,1575.744378745843,0
wfcommons,deterministic,epigenomics,0.5,epigenomics_29,0,CPoP_static,0.0006576274716727,1599.045432231699,0
wfcommons,deterministic,epigenomics,0.5,epigenomics_29,0,HEFT-Tp_static,0.0011306453133452,2188.8909623567165,0
wfcommons,deterministic,epigenomics,0.5,epigenomics_29,0,CPoP-Tp_static,0.0011300831317288,2240.499483047879,0
wfcommons,deterministic,epigenomics,0.5,epigenomics_29,0,FastestNode,0.0003317815615117,3014.031266370175,0
wfcommons,deterministic,epigenomics,0.5,epigenomics_29,0,MaxTP,0.0011310523467115,2104.8053319251735,0
wfcommons,deterministic,epigenomics,1.0,epigenomics_2,0,HEFT_static,0.0003002657790558,3109.822791628925,0
wfcommons,deterministic,epigenomics,1.0,epigenomics_2,0,CPoP_static,0.0003276265238445,3064.0060771885546,0
wfcommons,deterministic,epigenomics,1.0,epigenomics_2,0,HEFT-Tp_static,0.000313551875474,3063.4971851448504,0
wfcommons,deterministic,epigenomics,1.0,epigenomics_2,0,CPoP-Tp_static,0.0003342581314014,3210.56801846312,0
wfcommons,deterministic,epigenomics,1.0,epigenomics_2,0,FastestNode,0.0001888798648525,5294.370581962212,0
wfcommons,deterministic,epigenomics,1.0,epigenomics_2,0,MaxTP,0.0003204701306408,3203.564060685669,0
wfcommons,deterministic,epigenomics,0.5,epigenomics_26,0,HEFT_static,0.0005091290453991,1981.7828474346752,0
wfcommons,deterministic,epigenomics,0.5,epigenomics_26,0,CPoP_static,0.000510120325364,1981.764106507279,0
wfcommons,deterministic,epigenomics,0.5,epigenomics_26,0,HEFT-Tp_static,0.0005265083133398,2052.4345203931935,0
wfcommons,deterministic,epigenomics,0.5,epigenomics_26,0,CPoP-Tp_static,0.0005280606531168,2056.1845469272093,0
wfcommons,deterministic,epigenomics,0.5,epigenomics_26,0,FastestNode,0.0001597808145682,6258.573676087663,0
wfcommons,deterministic,epigenomics,0.5,epigenomics_26,0,MaxTP,0.0005287083062408,2151.1208840022064,0
wfcommons,deterministic,epigenomics,1.0,epigenomics_1,0,HEFT_static,0.0004545181012965,2221.6895478771235,0
wfcommons,deterministic,epigenomics,1.0,epigenomics_1,0,CPoP_static,0.0004531506610707,2239.8017500048795,0
wfcommons,deterministic,epigenomics,1.0,epigenomics_1,0,HEFT-Tp_static,0.0004584335529253,2271.332464614505,0
wfcommons,deterministic,epigenomics,1.0,epigenomics_1,0,CPoP-Tp_static,0.0004585453732601,2397.6027128354353,0
wfcommons,deterministic,epigenomics,1.0,epigenomics_1,0,FastestNode,0.0001961280558955,5098.709592741387,0
wfcommons,deterministic,epigenomics,1.0,epigenomics_1,0,MaxTP,0.0004584524014585,2299.1912180245104,0
wfcommons,deterministic,epigenomics,1.0,epigenomics_0,0,HEFT_static,0.0003239477105127,3112.441154008362,0
wfcommons,deterministic,epigenomics,1.0,epigenomics_0,0,CPoP_static,0.0003244456977931,3137.5030070826865,0
wfcommons,deterministic,epigenomics,1.0,epigenomics_0,0,HEFT-Tp_static,0.0003297926035637,3228.482604646783,0
wfcommons,deterministic,epigenomics,1.0,epigenomics_0,0,CPoP-Tp_static,0.0003298709951206,3281.2880847834253,0
wfcommons,deterministic,epigenomics,1.0,epigenomics_0,0,FastestNode,0.0001375521422514,7269.970380923933,0
wfcommons,deterministic,epigenomics,1.0,epigenomics_0,0,MaxTP,0.0003307736214603,3304.400714934177,0
wfcommons,deterministic,epigenomics,1.0,epigenomics_3,0,HEFT_static,0.0006872339984797,1478.451395147138,0
wfcommons,deterministic,epigenomics,1.0,epigenomics_3,0,CPoP_static,0.0007013477604236,1525.160539506014,0
wfcommons,deterministic,epigenomics,1.0,epigenomics_3,0,HEFT-Tp_static,0.0010335529314068,2297.195061269463,0
wfcommons,deterministic,epigenomics,1.0,epigenomics_3,0,CPoP-Tp_static,0.0010361059595245,1949.2857957617305,0
wfcommons,deterministic,epigenomics,1.0,epigenomics_3,0,FastestNode,0.0004544456765759,2200.483031408424,0
wfcommons,deterministic,epigenomics,1.0,epigenomics_3,0,MaxTP,0.0010517704343165,1961.440176585705,0
wfcommons,deterministic,epigenomics,1.0,epigenomics_7,0,HEFT_static,0.0004480125624037,2256.2807264142775,0
wfcommons,deterministic,epigenomics,1.0,epigenomics_7,0,CPoP_static,0.0004448925648184,2255.3581455010913,0
wfcommons,deterministic,epigenomics,1.0,epigenomics_7,0,HEFT-Tp_static,0.0005360220937729,2889.648293477846,0
wfcommons,deterministic,epigenomics,1.0,epigenomics_7,0,CPoP-Tp_static,0.0006038798447736,3034.799572012301,0
wfcommons,deterministic,epigenomics,1.0,epigenomics_7,0,FastestNode,0.0003445316573701,2902.4908991961893,0
wfcommons,deterministic,epigenomics,1.0,epigenomics_7,0,MaxTP,0.0006062338388414,3050.358383350504,0
wfcommons,deterministic,epigenomics,1.0,epigenomics_5,0,HEFT_static,0.0003088201369365,2947.454490680139,0
wfcommons,deterministic,epigenomics,1.0,epigenomics_5,0,CPoP_static,0.000343005453929,2942.3209551394816,0
wfcommons,deterministic,epigenomics,1.0,epigenomics_5,0,HEFT-Tp_static,0.0003145924759446,2953.9836659467956,0
wfcommons,deterministic,epigenomics,1.0,epigenomics_5,0,CPoP-Tp_static,0.0003434836216943,2966.8326995779853,0
wfcommons,deterministic,epigenomics,1.0,epigenomics_5,0,FastestNode,0.0001811189026409,5521.234865158397,0
wfcommons,deterministic,epigenomics,1.0,epigenomics_5,0,MaxTP,0.0003468427115097,3031.598210818221,0
wfcommons,deterministic,epigenomics,1.0,epigenomics_8,0,HEFT_static,0.0002602341238294,3871.3308093314754,0
wfcommons,deterministic,epigenomics,1.0,epigenomics_8,0,CPoP_static,0.000268880722413,3883.189299930626,0
wfcommons,deterministic,epigenomics,1.0,epigenomics_8,0,HEFT-Tp_static,0.0002682136633507,4497.523295245217,0
wfcommons,deterministic,epigenomics,1.0,epigenomics_8,0,CPoP-Tp_static,0.0003045232425412,4498.08329143787,0
wfcommons,deterministic,epigenomics,1.0,epigenomics_8,0,FastestNode,0.0001623251165472,6160.47609434492,0
wfcommons,deterministic,epigenomics,1.0,epigenomics_8,0,MaxTP,0.0002701432580511,4470.058606580856,0
wfcommons,deterministic,epigenomics,1.0,epigenomics_9,0,HEFT_static,0.0004408552079013,2333.236992905924,0
wfcommons,deterministic,epigenomics,1.0,epigenomics_9,0,CPoP_static,0.0004341183111807,2348.447865335454,0
wfcommons,deterministic,epigenomics,1.0,epigenomics_9,0,HEFT-Tp_static,0.0004531147071933,2430.8614030741496,0
wfcommons,deterministic,epigenomics,1.0,epigenomics_9,0,CPoP-Tp_static,0.000451934769421,2603.342841351725,0
wfcommons,deterministic,epigenomics,1.0,epigenomics_9,0,FastestNode,0.0001718259230881,5819.843606995273,0
wfcommons,deterministic,epigenomics,1.0,epigenomics_9,0,MaxTP,0.0004565313089914,2584.1202039080413,0
wfcommons,deterministic,epigenomics,1.0,epigenomics_6,0,HEFT_static,0.0005587488232675,1808.7077922410556,0
wfcommons,deterministic,epigenomics,1.0,epigenomics_6,0,CPoP_static,0.0005877030430472,1809.4055109625317,0
wfcommons,deterministic,epigenomics,1.0,epigenomics_6,0,HEFT-Tp_static,0.0007387065064021,2101.5274605476175,0
wfcommons,deterministic,epigenomics,1.0,epigenomics_6,0,CPoP-Tp_static,0.0007381729402223,2138.8800759001715,0
wfcommons,deterministic,epigenomics,1.0,epigenomics_6,0,FastestNode,0.0002875331462159,3477.8599029778634,0
wfcommons,deterministic,epigenomics,1.0,epigenomics_6,0,MaxTP,0.0007357575411975,2161.9187744768738,0
wfcommons,deterministic,epigenomics,1.0,epigenomics_12,0,HEFT_static,0.0007700547389245,1377.462269322672,0
wfcommons,deterministic,epigenomics,1.0,epigenomics_12,0,CPoP_static,0.000758012909135,1335.1886699241431,0
wfcommons,deterministic,epigenomics,1.0,epigenomics_12,0,HEFT-Tp_static,0.0010683525305412,1882.2890406425397,0
wfcommons,deterministic,epigenomics,1.0,epigenomics_12,0,CPoP-Tp_static,0.0010690222286399,2029.6657721855297,0
wfcommons,deterministic,epigenomics,1.0,epigenomics_12,0,FastestNode,0.0006474675444547,1544.4789604788232,0
wfcommons,deterministic,epigenomics,1.0,epigenomics_12,0,MaxTP,0.0010522020634126,1965.6408546332025,0
wfcommons,deterministic,epigenomics,1.0,epigenomics_10,0,HEFT_static,0.0006269297872943,1624.9510096022982,0
wfcommons,deterministic,epigenomics,1.0,epigenomics_10,0,CPoP_static,0.0006272230065676,1625.1893104230153,0
wfcommons,deterministic,epigenomics,1.0,epigenomics_10,0,HEFT-Tp_static,0.001052919583788,2419.6503810258314,0
wfcommons,deterministic,epigenomics,1.0,epigenomics_10,0,CPoP-Tp_static,0.001052919583788,2235.0153364290495,0
wfcommons,deterministic,epigenomics,1.0,epigenomics_10,0,FastestNode,0.0004276805938789,2338.1935358170053,0
wfcommons,deterministic,epigenomics,1.0,epigenomics_10,0,MaxTP,0.001052919583788,2347.087245057165,0
wfcommons,deterministic,epigenomics,1.0,epigenomics_4,0,HEFT_static,0.0005633125911806,1838.2969622007456,0
wfcommons,deterministic,epigenomics,1.0,epigenomics_4,0,CPoP_static,0.0005586386068789,1877.3171733214117,0
wfcommons,deterministic,epigenomics,1.0,epigenomics_4,0,HEFT-Tp_static,0.0006079702916999,2665.530551044427,0
wfcommons,deterministic,epigenomics,1.0,epigenomics_4,0,CPoP-Tp_static,0.0006087740116521,2704.1535783532427,0
wfcommons,deterministic,epigenomics,1.0,epigenomics_4,0,FastestNode,0.0001268338044325,7884.333395774385,0
wfcommons,deterministic,epigenomics,1.0,epigenomics_4,0,MaxTP,0.0006106102372902,2785.101289533068,0
wfcommons,deterministic,epigenomics,1.0,epigenomics_11,0,HEFT_static,0.0003863339243021,2616.0509259198743,0
wfcommons,deterministic,epigenomics,1.0,epigenomics_11,0,CPoP_static,0.0003840689753478,2605.6951857235235,0
wfcommons,deterministic,epigenomics,1.0,epigenomics_11,0,HEFT-Tp_static,0.0004138941922239,3161.110363960284,0
wfcommons,deterministic,epigenomics,1.0,epigenomics_11,0,CPoP-Tp_static,0.0004515209369715,3165.838155633768,0
wfcommons,deterministic,epigenomics,1.0,epigenomics_11,0,FastestNode,0.0002653184449506,3769.055710346423,0
wfcommons,deterministic,epigenomics,1.0,epigenomics_11,0,MaxTP,0.0004318895918858,3172.766575835,0
wfcommons,deterministic,epigenomics,1.0,epigenomics_16,0,HEFT_static,0.0005625131134295,1805.9401273602505,0
wfcommons,deterministic,epigenomics,1.0,epigenomics_16,0,CPoP_static,0.0005612627832774,1803.5398048765608,0
wfcommons,deterministic,epigenomics,1.0,epigenomics_16,0,HEFT-Tp_static,0.0007252251853764,2258.4669477050898,0
wfcommons,deterministic,epigenomics,1.0,epigenomics_16,0,CPoP-Tp_static,0.0007556516245017,2342.4635356999374,0
wfcommons,deterministic,epigenomics,1.0,epigenomics_16,0,FastestNode,0.0004050324822046,2468.937786319864,0
wfcommons,deterministic,epigenomics,1.0,epigenomics_16,0,MaxTP,0.0007592805390494,2309.5225569626605,0
wfcommons,deterministic,epigenomics,1.0,epigenomics_14,0,HEFT_static,0.0005886443911521,1871.808015310554,0
wfcommons,deterministic,epigenomics,1.0,epigenomics_14,0,CPoP_static,0.0005529392662678,1882.6532201477291,0
wfcommons,deterministic,epigenomics,1.0,epigenomics_14,0,HEFT-Tp_static,0.0007706041410636,2242.418415724726,0
wfcommons,deterministic,epigenomics,1.0,epigenomics_14,0,CPoP-Tp_static,0.0007635331162972,2285.214766826149,0
wfcommons,deterministic,epigenomics,1.0,epigenomics_14,0,FastestNode,0.000306095693812,3266.952198993225,0
wfcommons,deterministic,epigenomics,1.0,epigenomics_14,0,MaxTP,0.0007753402755927,2296.4948958256505,0
wfcommons,deterministic,epigenomics,1.0,epigenomics_15,0,HEFT_static,0.0002822542701859,2915.655991726922,0
wfcommons,deterministic,epigenomics,1.0,epigenomics_15,0,CPoP_static,0.0003480354234746,2944.6435227959564,0
wfcommons,deterministic,epigenomics,1.0,epigenomics_15,0,HEFT-Tp_static,0.0003151382628286,2911.873705126182,0
wfcommons,deterministic,epigenomics,1.0,epigenomics_15,0,CPoP-Tp_static,0.0003463963863444,2928.1951495469257,0
wfcommons,deterministic,epigenomics,1.0,epigenomics_15,0,FastestNode,0.0002115863896192,4726.201915918235,0
wfcommons,deterministic,epigenomics,1.0,epigenomics_15,0,MaxTP,0.0003312167456259,2982.5273194084903,0
wfcommons,deterministic,epigenomics,1.0,epigenomics_13,0,HEFT_static,0.0001551928107062,5453.824306904928,0
wfcommons,deterministic,epigenomics,1.0,epigenomics_13,0,CPoP_static,0.0001838666638039,5458.864076204119,0
wfcommons,deterministic,epigenomics,1.0,epigenomics_13,0,HEFT-Tp_static,0.0001635253106097,5460.825875402696,0
wfcommons,deterministic,epigenomics,1.0,epigenomics_13,0,CPoP-Tp_static,0.0001853477870405,5703.386288963134,0
wfcommons,deterministic,epigenomics,1.0,epigenomics_13,0,FastestNode,0.0001092413372769,9154.04392629669,0
wfcommons,deterministic,epigenomics,1.0,epigenomics_13,0,MaxTP,0.0001752897214448,5555.739082996828,0
wfcommons,deterministic,epigenomics,1.0,epigenomics_18,0,HEFT_static,0.000427997023317,2442.5642832768485,0
wfcommons,deterministic,epigenomics,1.0,epigenomics_18,0,CPoP_static,0.0004388784903332,2437.918783788797,0
wfcommons,deterministic,epigenomics,1.0,epigenomics_18,0,HEFT-Tp_static,0.0004814966512316,2979.47581552308,0
wfcommons,deterministic,epigenomics,1.0,epigenomics_18,0,CPoP-Tp_static,0.0005285480805927,3078.730996866755,0
wfcommons,deterministic,epigenomics,1.0,epigenomics_18,0,FastestNode,0.0002858661698108,3498.1404083705743,0
wfcommons,deterministic,epigenomics,1.0,epigenomics_18,0,MaxTP,0.0005294955054246,3010.812891915214,0
wfcommons,deterministic,epigenomics,1.0,epigenomics_19,0,HEFT_static,0.0008626206696336,1373.0058219694838,0
wfcommons,deterministic,epigenomics,1.0,epigenomics_19,0,CPoP_static,0.0007608734781871,1342.1763821996287,0
wfcommons,deterministic,epigenomics,1.0,epigenomics_19,0,HEFT-Tp_static,0.001218776164103,1888.1090341636957,0
wfcommons,deterministic,epigenomics,1.0,epigenomics_19,0,CPoP-Tp_static,0.0012162015960888,1807.8898576074075,0
wfcommons,deterministic,epigenomics,1.0,epigenomics_19,0,FastestNode,0.0004933139953827,2027.10648666404,0
wfcommons,deterministic,epigenomics,1.0,epigenomics_19,0,MaxTP,0.0012119157800529,2052.769497506742,0
wfcommons,deterministic,epigenomics,1.0,epigenomics_21,0,HEFT_static,0.0010378674754582,1076.6757415804811,0
wfcommons,deterministic,epigenomics,1.0,epigenomics_21,0,CPoP_static,0.0009526554804274,1081.9659779508988,0
wfcommons,deterministic,epigenomics,1.0,epigenomics_21,0,HEFT-Tp_static,0.0013499331588657,1624.2330085791282,0
wfcommons,deterministic,epigenomics,1.0,epigenomics_21,0,CPoP-Tp_static,0.0013499331588657,1718.6871826777383,0
wfcommons,deterministic,epigenomics,1.0,epigenomics_21,0,FastestNode,0.0006799754082377,1470.641420099377,0
wfcommons,deterministic,epigenomics,1.0,epigenomics_21,0,MaxTP,0.0013499331588657,1707.4109876044463,0
wfcommons,deterministic,epigenomics,1.0,epigenomics_17,0,HEFT_static,0.000484738322616,2084.3579877272928,0
wfcommons,deterministic,epigenomics,1.0,epigenomics_17,0,CPoP_static,0.0004841790976297,2082.0371967379624,0
wfcommons,deterministic,epigenomics,1.0,epigenomics_17,0,HEFT-Tp_static,0.0004947550216188,2166.805075976802,0
wfcommons,deterministic,epigenomics,1.0,epigenomics_17,0,CPoP-Tp_static,0.000494100279621,2257.542297442747,0
wfcommons,deterministic,epigenomics,1.0,epigenomics_17,0,FastestNode,0.0001789249198251,5588.936415218183,0
wfcommons,deterministic,epigenomics,1.0,epigenomics_17,0,MaxTP,0.0004953214313912,2230.329802079159,0
wfcommons,deterministic,epigenomics,1.0,epigenomics_24,0,HEFT_static,0.000887966989845,1163.83054676788,0
wfcommons,deterministic,epigenomics,1.0,epigenomics_24,0,CPoP_static,0.0008853869783009,1213.5580659823663,0
wfcommons,deterministic,epigenomics,1.0,epigenomics_24,0,HEFT-Tp_static,0.0013292460696274,2042.483200844568,0
wfcommons,deterministic,epigenomics,1.0,epigenomics_24,0,CPoP-Tp_static,0.0013292460696274,1874.8966089487585,0
wfcommons,deterministic,epigenomics,1.0,epigenomics_24,0,FastestNode,0.000553597095599,1806.36785841632,0
wfcommons,deterministic,epigenomics,1.0,epigenomics_24,0,MaxTP,0.0013292460696274,1807.064240982475,0
wfcommons,deterministic,epigenomics,1.0,epigenomics_22,0,HEFT_static,0.0003446495497796,2919.378139398164,0
wfcommons,deterministic,epigenomics,1.0,epigenomics_22,0,CPoP_static,0.0003449890001349,2924.0723573732243,0
wfcommons,deterministic,epigenomics,1.0,epigenomics_22,0,HEFT-Tp_static,0.0003449359643663,3384.3517419267173,0
wfcommons,deterministic,epigenomics,1.0,epigenomics_22,0,CPoP-Tp_static,0.0003949753351703,3389.7121690405756,0
wfcommons,deterministic,epigenomics,1.0,epigenomics_22,0,FastestNode,0.0002219645230597,4505.224466577379,0
wfcommons,deterministic,epigenomics,1.0,epigenomics_22,0,MaxTP,0.0003577113704539,3381.6607481466244,0
wfcommons,deterministic,epigenomics,1.0,epigenomics_23,0,HEFT_static,0.000434036940053,2344.5369851051673,0
wfcommons,deterministic,epigenomics,1.0,epigenomics_23,0,CPoP_static,0.0004251093582396,2374.425790625401,0
wfcommons,deterministic,epigenomics,1.0,epigenomics_23,0,HEFT-Tp_static,0.0004391122937778,2696.4209189523763,0
wfcommons,deterministic,epigenomics,1.0,epigenomics_23,0,CPoP-Tp_static,0.0004368975499366,2595.21942764779,0
wfcommons,deterministic,epigenomics,1.0,epigenomics_23,0,FastestNode,0.0001879698283491,5320.002730134891,0
wfcommons,deterministic,epigenomics,1.0,epigenomics_23,0,MaxTP,0.00044012499038,2566.9588654354507,0
wfcommons,deterministic,epigenomics,1.0,epigenomics_25,0,HEFT_static,0.0005846353005415,1901.0318941092496,0
wfcommons,deterministic,epigenomics,1.0,epigenomics_25,0,CPoP_static,0.0005901017094733,1897.053901191551,0
wfcommons,deterministic,epigenomics,1.0,epigenomics_25,0,HEFT-Tp_static,0.0006680286960724,2352.293174170045,0
wfcommons,deterministic,epigenomics,1.0,epigenomics_25,0,CPoP-Tp_static,0.0007131722534792,2425.618413601743,0
wfcommons,deterministic,epigenomics,1.0,epigenomics_25,0,FastestNode,0.0003853050842569,2595.3459761124127,0
wfcommons,deterministic,epigenomics,1.0,epigenomics_25,0,MaxTP,0.0007194155188472,2399.04632366454,0
wfcommons,deterministic,epigenomics,1.0,epigenomics_20,0,HEFT_static,0.0005230073349063,1941.5531367176,0
wfcommons,deterministic,epigenomics,1.0,epigenomics_20,0,CPoP_static,0.0005384926740171,1972.4932592543744,0
wfcommons,deterministic,epigenomics,1.0,epigenomics_20,0,HEFT-Tp_static,0.0007064098229962,2468.1724967138107,0
wfcommons,deterministic,epigenomics,1.0,epigenomics_20,0,CPoP-Tp_static,0.0007063998360844,2486.0827822063925,0
wfcommons,deterministic,epigenomics,1.0,epigenomics_20,0,FastestNode,0.0002392030829718,4180.54812495319,0
wfcommons,deterministic,epigenomics,1.0,epigenomics_20,0,MaxTP,0.0007180376941834,2361.311258034683,0
wfcommons,deterministic,epigenomics,1.0,epigenomics_27,0,HEFT_static,0.0007039248898784,1446.5972889555364,0
wfcommons,deterministic,epigenomics,1.0,epigenomics_27,0,CPoP_static,0.0006966563661346,1447.6809395101218,0
wfcommons,deterministic,epigenomics,1.0,epigenomics_27,0,HEFT-Tp_static,0.001272295400913,2362.6134341192765,0
wfcommons,deterministic,epigenomics,1.0,epigenomics_27,0,CPoP-Tp_static,0.001272295400913,2076.0096274435723,0
wfcommons,deterministic,epigenomics,1.0,epigenomics_27,0,FastestNode,0.0004172367654162,2396.720718042574,0
wfcommons,deterministic,epigenomics,1.0,epigenomics_27,0,MaxTP,0.001272295400913,2096.000219854206,0
wfcommons,deterministic,epigenomics,1.0,epigenomics_29,0,HEFT_static,0.0006357618296734,1601.093663216562,0
wfcommons,deterministic,epigenomics,1.0,epigenomics_29,0,CPoP_static,0.0006381410845399,1616.9783628220528,0
wfcommons,deterministic,epigenomics,1.0,epigenomics_29,0,HEFT-Tp_static,0.0011310798919048,2245.24742928895,0
wfcommons,deterministic,epigenomics,1.0,epigenomics_29,0,CPoP-Tp_static,0.0011300831317288,2314.0942535549357,0
wfcommons,deterministic,epigenomics,1.0,epigenomics_29,0,FastestNode,0.0003317815615117,3014.031266370175,0
wfcommons,deterministic,epigenomics,1.0,epigenomics_29,0,MaxTP,0.0011310523467115,2148.0849970388263,0
wfcommons,deterministic,epigenomics,1.0,epigenomics_28,0,HEFT_static,0.0005960683926899,1699.7446475491895,0
wfcommons,deterministic,epigenomics,1.0,epigenomics_28,0,CPoP_static,0.0006406090909752,1727.4956081678831,0
wfcommons,deterministic,epigenomics,1.0,epigenomics_28,0,HEFT-Tp_static,0.0010040572907294,2515.7523512685907,0
wfcommons,deterministic,epigenomics,1.0,epigenomics_28,0,CPoP-Tp_static,0.0010026333341025,2313.6405168521537,0
wfcommons,deterministic,epigenomics,1.0,epigenomics_28,0,FastestNode,0.000295473320339,3384.4003203196244,0
wfcommons,deterministic,epigenomics,1.0,epigenomics_28,0,MaxTP,0.0009958986054437,2212.3518574663567,0
wfcommons,deterministic,epigenomics,2.0,epigenomics_2,0,HEFT_static,0.0001332006087542,3147.60985280065,0
wfcommons,deterministic,epigenomics,2.0,epigenomics_2,0,CPoP_static,0.0002460511245027,3100.8354702142765,0
wfcommons,deterministic,epigenomics,2.0,epigenomics_2,0,HEFT-Tp_static,0.0002495166332984,3078.4120850360728,0
wfcommons,deterministic,epigenomics,2.0,epigenomics_2,0,CPoP-Tp_static,0.0002567489994809,3115.4209734501487,0
wfcommons,deterministic,epigenomics,2.0,epigenomics_2,0,FastestNode,0.0001888798648525,5294.370581962212,0
wfcommons,deterministic,epigenomics,2.0,epigenomics_2,0,MaxTP,0.0002530811566312,3106.860172427438,0
wfcommons,deterministic,epigenomics,1.0,epigenomics_26,0,HEFT_static,0.0005163228922136,1993.5305249619296,0
wfcommons,deterministic,epigenomics,1.0,epigenomics_26,0,CPoP_static,0.0005157097156743,1986.4954296287633,0
wfcommons,deterministic,epigenomics,1.0,epigenomics_26,0,HEFT-Tp_static,0.0005311524467147,2108.813460159065,0
wfcommons,deterministic,epigenomics,1.0,epigenomics_26,0,CPoP-Tp_static,0.0005280606531168,2159.8077382138804,0
wfcommons,deterministic,epigenomics,1.0,epigenomics_26,0,FastestNode,0.0001597808145682,6258.573676087663,0
wfcommons,deterministic,epigenomics,1.0,epigenomics_26,0,MaxTP,0.0005287083062408,2249.667739612464,0
wfcommons,deterministic,epigenomics,2.0,epigenomics_1,0,HEFT_static,0.0002500147534313,2308.166532046894,0
wfcommons,deterministic,epigenomics,2.0,epigenomics_1,0,CPoP_static,0.0004097464014525,2255.796319354685,0
wfcommons,deterministic,epigenomics,2.0,epigenomics_1,0,HEFT-Tp_static,0.0003512112012464,2424.3251609995905,0
wfcommons,deterministic,epigenomics,2.0,epigenomics_1,0,CPoP-Tp_static,0.0003597773281059,2426.023272447789,0
wfcommons,deterministic,epigenomics,2.0,epigenomics_1,0,FastestNode,0.0001961280558955,5098.709592741387,0
wfcommons,deterministic,epigenomics,2.0,epigenomics_1,0,MaxTP,0.0003881808013868,2431.993044745911,0
wfcommons,deterministic,epigenomics,2.0,epigenomics_0,0,HEFT_static,0.000196427786422,3134.508021981798,0
wfcommons,deterministic,epigenomics,2.0,epigenomics_0,0,CPoP_static,0.0002946416796274,3167.928201840561,0
wfcommons,deterministic,epigenomics,2.0,epigenomics_0,0,HEFT-Tp_static,0.000268795918257,3190.910268094333,0
wfcommons,deterministic,epigenomics,2.0,epigenomics_0,0,CPoP-Tp_static,0.0002471188280753,3362.1721142337183,0
wfcommons,deterministic,epigenomics,2.0,epigenomics_0,0,FastestNode,0.0001375521422514,7269.970380923933,0
wfcommons,deterministic,epigenomics,2.0,epigenomics_0,0,MaxTP,0.0002596841922145,3178.550617437904,0
wfcommons,deterministic,epigenomics,2.0,epigenomics_3,0,HEFT_static,0.0005337404109893,1563.006843355453,0
wfcommons,deterministic,epigenomics,2.0,epigenomics_3,0,CPoP_static,0.0006716605599527,1506.8547523970658,0
wfcommons,deterministic,epigenomics,2.0,epigenomics_3,0,HEFT-Tp_static,0.0007243619863426,1993.337859297349,0
wfcommons,deterministic,epigenomics,2.0,epigenomics_3,0,CPoP-Tp_static,0.000751190208059,1985.8393322950596,0
wfcommons,deterministic,epigenomics,2.0,epigenomics_3,0,FastestNode,0.0004544456765759,2200.483031408424,0
wfcommons,deterministic,epigenomics,2.0,epigenomics_3,0,MaxTP,0.0008112854247037,1996.1588054313145,0
wfcommons,deterministic,epigenomics,2.0,epigenomics_5,0,HEFT_static,0.000146353890983,3002.4026461372036,0
wfcommons,deterministic,epigenomics,2.0,epigenomics_5,0,CPoP_static,0.0002805116243819,2986.6743568632032,0
wfcommons,deterministic,epigenomics,2.0,epigenomics_5,0,HEFT-Tp_static,0.0002589338071221,2987.2529212005816,0
wfcommons,deterministic,epigenomics,2.0,epigenomics_5,0,CPoP-Tp_static,0.0002550105676203,3000.2609360109514,0
wfcommons,deterministic,epigenomics,2.0,epigenomics_5,0,FastestNode,0.0001811189026409,5521.234865158397,0
wfcommons,deterministic,epigenomics,2.0,epigenomics_5,0,MaxTP,0.000267153927983,3013.744566246311,0
wfcommons,deterministic,epigenomics,2.0,epigenomics_7,0,HEFT_static,0.0003082127039194,2323.6636129461644,0
wfcommons,deterministic,epigenomics,2.0,epigenomics_7,0,CPoP_static,0.0005079139604771,2381.35130033872,0
wfcommons,deterministic,epigenomics,2.0,epigenomics_7,0,HEFT-Tp_static,0.0004566114132139,2993.456732943415,0
wfcommons,deterministic,epigenomics,2.0,epigenomics_7,0,CPoP-Tp_static,0.0004566114132139,3008.495967110286,0
wfcommons,deterministic,epigenomics,2.0,epigenomics_7,0,FastestNode,0.0003445316573701,2902.4908991961893,0
wfcommons,deterministic,epigenomics,2.0,epigenomics_7,0,MaxTP,0.000493140326271,3146.997123843457,0
wfcommons,deterministic,epigenomics,2.0,epigenomics_6,0,HEFT_static,0.0003618237745616,1835.0368612948137,0
wfcommons,deterministic,epigenomics,2.0,epigenomics_6,0,CPoP_static,0.000569537422921,1893.693768104572,0
wfcommons,deterministic,epigenomics,2.0,epigenomics_6,0,HEFT-Tp_static,0.0004805472005896,2166.9232616570353,0
wfcommons,deterministic,epigenomics,2.0,epigenomics_6,0,CPoP-Tp_static,0.0005125836806289,2168.738640633536,0
wfcommons,deterministic,epigenomics,2.0,epigenomics_6,0,FastestNode,0.0002875331462159,3477.8599029778634,0
wfcommons,deterministic,epigenomics,2.0,epigenomics_6,0,MaxTP,0.000504180669471,2174.322209125057,0
wfcommons,deterministic,epigenomics,2.0,epigenomics_9,0,HEFT_static,0.0002738713294397,2420.824706699812,0
wfcommons,deterministic,epigenomics,2.0,epigenomics_9,0,CPoP_static,0.0003923021745996,2433.0867127310576,0
wfcommons,deterministic,epigenomics,2.0,epigenomics_9,0,HEFT-Tp_static,0.0003455995347675,2438.8183421503095,0
wfcommons,deterministic,epigenomics,2.0,epigenomics_9,0,CPoP-Tp_static,0.0003628795115054,2672.7137991332997,0
wfcommons,deterministic,epigenomics,2.0,epigenomics_9,0,FastestNode,0.0001718259230881,5819.843606995273,0
wfcommons,deterministic,epigenomics,2.0,epigenomics_9,0,MaxTP,0.0003540287917128,2529.561313571296,0
wfcommons,deterministic,epigenomics,2.0,epigenomics_8,0,HEFT_static,0.0001251663762303,3910.71508962531,0
wfcommons,deterministic,epigenomics,2.0,epigenomics_8,0,CPoP_static,0.0002109545666804,3916.6370334229023,0
wfcommons,deterministic,epigenomics,2.0,epigenomics_8,0,HEFT-Tp_static,0.0002158040969489,4518.536085300085,0
wfcommons,deterministic,epigenomics,2.0,epigenomics_8,0,CPoP-Tp_static,0.0002208818404065,4425.866551698885,0
wfcommons,deterministic,epigenomics,2.0,epigenomics_8,0,FastestNode,0.0001623251165472,6160.47609434492,0
wfcommons,deterministic,epigenomics,2.0,epigenomics_8,0,MaxTP,0.0002208818404065,4492.377900194516,0
wfcommons,deterministic,epigenomics,2.0,epigenomics_12,0,HEFT_static,0.0006086327854701,1450.454818450389,0
wfcommons,deterministic,epigenomics,2.0,epigenomics_12,0,CPoP_static,0.0008464587026045,1451.4021908752145,0
wfcommons,deterministic,epigenomics,2.0,epigenomics_12,0,HEFT-Tp_static,0.0010565801018311,1920.693086629831,0
wfcommons,deterministic,epigenomics,2.0,epigenomics_12,0,CPoP-Tp_static,0.0009917447557791,2024.7406318539215,0
wfcommons,deterministic,epigenomics,2.0,epigenomics_12,0,FastestNode,0.0006474675444547,1544.4789604788232,0
wfcommons,deterministic,epigenomics,2.0,epigenomics_12,0,MaxTP,0.0010565801018311,1920.693086646831,0
wfcommons,deterministic,epigenomics,2.0,epigenomics_10,0,HEFT_static,0.0005879389714988,1685.647118304214,0
wfcommons,deterministic,epigenomics,2.0,epigenomics_10,0,CPoP_static,0.0006166961797805,1683.842286312945,0
wfcommons,deterministic,epigenomics,2.0,epigenomics_10,0,HEFT-Tp_static,0.0006681124676123,2268.9883193514697,0
wfcommons,deterministic,epigenomics,2.0,epigenomics_10,0,CPoP-Tp_static,0.0009798982858314,2383.3127408125097,0
wfcommons,deterministic,epigenomics,2.0,epigenomics_10,0,FastestNode,0.0004276805938789,2338.1935358170053,0
wfcommons,deterministic,epigenomics,2.0,epigenomics_10,0,MaxTP,0.0007349237143735,2307.461268545149,0
wfcommons,deterministic,epigenomics,2.0,epigenomics_4,0,HEFT_static,0.0004833656149041,1956.9546278053303,0
wfcommons,deterministic,epigenomics,2.0,epigenomics_4,0,CPoP_static,0.0005487919926246,1966.2716492136203,0
wfcommons,deterministic,epigenomics,2.0,epigenomics_4,0,HEFT-Tp_static,0.000588445096405,2774.7780444576174,0
wfcommons,deterministic,epigenomics,2.0,epigenomics_4,0,CPoP-Tp_static,0.0006088796400597,3111.5362674056573,0
wfcommons,deterministic,epigenomics,2.0,epigenomics_4,0,FastestNode,0.0001268338044325,7884.333395774385,0
wfcommons,deterministic,epigenomics,2.0,epigenomics_4,0,MaxTP,0.0006094193679832,2891.381204233611,0
wfcommons,deterministic,epigenomics,2.0,epigenomics_11,0,HEFT_static,0.0001986692122674,2656.8896419597327,0
wfcommons,deterministic,epigenomics,2.0,epigenomics_11,0,CPoP_static,0.0003547664504776,2685.2293921259784,0
wfcommons,deterministic,epigenomics,2.0,epigenomics_11,0,HEFT-Tp_static,0.0003547664504776,3187.696721871184,0
wfcommons,deterministic,epigenomics,2.0,epigenomics_11,0,CPoP-Tp_static,0.0003425331245991,3166.943662790162,0
wfcommons,deterministic,epigenomics,2.0,epigenomics_11,0,FastestNode,0.0002653184449506,3769.055710346423,0
wfcommons,deterministic,epigenomics,2.0,epigenomics_11,0,MaxTP,0.0003547664504776,3210.8559078232306,0
wfcommons,deterministic,epigenomics,2.0,epigenomics_16,0,HEFT_static,0.0004532657408602,1843.7839586542,0
wfcommons,deterministic,epigenomics,2.0,epigenomics_16,0,CPoP_static,0.0005541387549322,1835.754964679259,0
wfcommons,deterministic,epigenomics,2.0,epigenomics_16,0,HEFT-Tp_static,0.0005665821760753,2283.030497023248,0
wfcommons,deterministic,epigenomics,2.0,epigenomics_16,0,CPoP-Tp_static,0.000604354321147,2245.0634588187154,0
wfcommons,deterministic,epigenomics,2.0,epigenomics_16,0,FastestNode,0.0004050324822046,2468.937786319864,0
wfcommons,deterministic,epigenomics,2.0,epigenomics_16,0,MaxTP,0.000604354321147,2402.785637019114,0
wfcommons,deterministic,epigenomics,2.0,epigenomics_14,0,HEFT_static,0.0003866459878317,1920.731226520655,0
wfcommons,deterministic,epigenomics,2.0,epigenomics_14,0,CPoP_static,0.0004442315604875,1920.553924104352,0
wfcommons,deterministic,epigenomics,2.0,epigenomics_14,0,HEFT-Tp_static,0.0005494442984977,2234.1618500749505,0
wfcommons,deterministic,epigenomics,2.0,epigenomics_14,0,CPoP-Tp_static,0.000564294144403,2231.764256908779,0
wfcommons,deterministic,epigenomics,2.0,epigenomics_14,0,FastestNode,0.000306095693812,3266.952198993225,0
wfcommons,deterministic,epigenomics,2.0,epigenomics_14,0,MaxTP,0.000564294144403,2241.6764315714163,0
wfcommons,deterministic,epigenomics,2.0,epigenomics_15,0,HEFT_static,0.0001387147054333,3013.349448425297,0
wfcommons,deterministic,epigenomics,2.0,epigenomics_15,0,CPoP_static,0.0002163949404749,2948.3820835575743,0
wfcommons,deterministic,epigenomics,2.0,epigenomics_15,0,HEFT-Tp_static,0.0002535878208684,2956.875591463798,0
wfcommons,deterministic,epigenomics,2.0,epigenomics_15,0,CPoP-Tp_static,0.0002617680731544,3063.3710737963584,0
wfcommons,deterministic,epigenomics,2.0,epigenomics_15,0,FastestNode,0.0002115863896192,4726.201915918235,0
wfcommons,deterministic,epigenomics,2.0,epigenomics_15,0,MaxTP,0.0002617680731544,3054.079747908282,0
wfcommons,deterministic,epigenomics,2.0,epigenomics_13,0,HEFT_static,7.710528886353624e-05,5493.257759821092,0
wfcommons,deterministic,epigenomics,2.0,epigenomics_13,0,CPoP_static,0.0001353626182258,5567.915183586341,0
wfcommons,deterministic,epigenomics,2.0,epigenomics_13,0,HEFT-Tp_static,0.0001368835465204,5513.253280646003,0
wfcommons,deterministic,epigenomics,2.0,epigenomics_13,0,CPoP-Tp_static,0.0001542105777251,5538.294066598707,0
wfcommons,deterministic,epigenomics,2.0,epigenomics_13,0,FastestNode,0.0001092413372769,9154.04392629669,0
wfcommons,deterministic,epigenomics,2.0,epigenomics_13,0,MaxTP,0.0001368835465204,5836.5036195610355,0
wfcommons,deterministic,epigenomics,2.0,epigenomics_18,0,HEFT_static,0.0002280773611097,2470.3454710745486,0
wfcommons,deterministic,epigenomics,2.0,epigenomics_18,0,CPoP_static,0.0003768234661813,2455.9459083226843,0
wfcommons,deterministic,epigenomics,2.0,epigenomics_18,0,HEFT-Tp_static,0.0003768234661813,3031.9095625538343,0
wfcommons,deterministic,epigenomics,2.0,epigenomics_18,0,CPoP-Tp_static,0.0004031134754497,2986.0184219631847,0
wfcommons,deterministic,epigenomics,2.0,epigenomics_18,0,FastestNode,0.0002858661698108,3498.1404083705743,0
wfcommons,deterministic,epigenomics,2.0,epigenomics_18,0,MaxTP,0.0003851973209853,3076.5715230217397,0
wfcommons,deterministic,epigenomics,2.0,epigenomics_19,0,HEFT_static,0.00072198642784,1388.2461616868022,0
wfcommons,deterministic,epigenomics,2.0,epigenomics_19,0,CPoP_static,0.0007465830334302,1384.2525799899277,0
wfcommons,deterministic,epigenomics,2.0,epigenomics_19,0,HEFT-Tp_static,0.0010027589275555,1882.219966251205,0
wfcommons,deterministic,epigenomics,2.0,epigenomics_19,0,CPoP-Tp_static,0.0010617447468235,1804.6053815102396,0
wfcommons,deterministic,epigenomics,2.0,epigenomics_19,0,FastestNode,0.0004933139953827,2027.10648666404,0
wfcommons,deterministic,epigenomics,2.0,epigenomics_19,0,MaxTP,0.0010027589275555,1852.7562827995507,0
wfcommons,deterministic,epigenomics,2.0,epigenomics_21,0,HEFT_static,0.00101507603302,1177.265873595533,0
wfcommons,deterministic,epigenomics,2.0,epigenomics_21,0,CPoP_static,0.0009940192133948,1148.1406596295135,0
wfcommons,deterministic,epigenomics,2.0,epigenomics_21,0,HEFT-Tp_static,0.0013499331588657,1752.8713999448023,0
wfcommons,deterministic,epigenomics,2.0,epigenomics_21,0,CPoP-Tp_static,0.0013499331588657,1981.0197295466312,0
wfcommons,deterministic,epigenomics,2.0,epigenomics_21,0,FastestNode,0.0006799754082377,1470.641420099377,0
wfcommons,deterministic,epigenomics,2.0,epigenomics_21,0,MaxTP,0.0013499331588657,1965.2877087640884,0
wfcommons,deterministic,epigenomics,2.0,epigenomics_17,0,HEFT_static,0.0002294389312347,2132.0591669537453,0
wfcommons,deterministic,epigenomics,2.0,epigenomics_17,0,CPoP_static,0.0004268631278786,2114.7016568898953,0
wfcommons,deterministic,epigenomics,2.0,epigenomics_17,0,HEFT-Tp_static,0.0003599042058513,2246.727696845843,0
wfcommons,deterministic,epigenomics,2.0,epigenomics_17,0,CPoP-Tp_static,0.0003671022899682,2359.9827181788587,0
wfcommons,deterministic,epigenomics,2.0,epigenomics_17,0,FastestNode,0.0001789249198251,5588.936415218183,0
wfcommons,deterministic,epigenomics,2.0,epigenomics_17,0,MaxTP,0.0003990242282256,2217.1750445239695,0
wfcommons,deterministic,epigenomics,2.0,epigenomics_24,0,HEFT_static,0.0008374445950274,1251.8049903831225,0
wfcommons,deterministic,epigenomics,2.0,epigenomics_24,0,CPoP_static,0.0008551038886415,1234.8931737328137,0
wfcommons,deterministic,epigenomics,2.0,epigenomics_24,0,HEFT-Tp_static,0.0013292460696274,2051.602982801024,0
wfcommons,deterministic,epigenomics,2.0,epigenomics_24,0,CPoP-Tp_static,0.0013292460696274,1942.3023906789308,0
wfcommons,deterministic,epigenomics,2.0,epigenomics_24,0,FastestNode,0.000553597095599,1806.36785841632,0
wfcommons,deterministic,epigenomics,2.0,epigenomics_24,0,MaxTP,0.0013292460696274,1961.171928837852,0
wfcommons,deterministic,epigenomics,2.0,epigenomics_22,0,HEFT_static,0.0001775405698944,2950.7078267342754,0
wfcommons,deterministic,epigenomics,2.0,epigenomics_22,0,CPoP_static,0.0002944575305566,2952.0507006986136,0
wfcommons,deterministic,epigenomics,2.0,epigenomics_22,0,HEFT-Tp_static,0.0002807618314609,3425.5249310808995,0
wfcommons,deterministic,epigenomics,2.0,epigenomics_22,0,CPoP-Tp_static,0.0002712979495016,3368.172542769004,0
wfcommons,deterministic,epigenomics,2.0,epigenomics_22,0,FastestNode,0.0002219645230597,4505.224466577379,0
wfcommons,deterministic,epigenomics,2.0,epigenomics_22,0,MaxTP,0.0002840649118311,3402.7869960375797,0
wfcommons,deterministic,epigenomics,2.0,epigenomics_23,0,HEFT_static,0.0002457364529617,2406.430462796473,0
wfcommons,deterministic,epigenomics,2.0,epigenomics_23,0,CPoP_static,0.0003686046794396,2433.8182481595413,0
wfcommons,deterministic,epigenomics,2.0,epigenomics_23,0,HEFT-Tp_static,0.0003205258082094,2754.747728757901,0
wfcommons,deterministic,epigenomics,2.0,epigenomics_23,0,CPoP-Tp_static,0.0003428880739058,2545.9109305290094,0
wfcommons,deterministic,epigenomics,2.0,epigenomics_23,0,FastestNode,0.0001879698283491,5320.002730134891,0
wfcommons,deterministic,epigenomics,2.0,epigenomics_23,0,MaxTP,0.0003276486039545,2824.644750625678,0
wfcommons,deterministic,epigenomics,2.0,epigenomics_20,0,HEFT_static,0.0004617060817805,1994.5667393947533,0
wfcommons,deterministic,epigenomics,2.0,epigenomics_20,0,CPoP_static,0.0005224178557592,1986.1932504273263,0
wfcommons,deterministic,epigenomics,2.0,epigenomics_20,0,HEFT-Tp_static,0.0004822263520819,2449.9196176482055,0
wfcommons,deterministic,epigenomics,2.0,epigenomics_20,0,CPoP-Tp_static,0.0005046554847369,2467.789639718791,0
wfcommons,deterministic,epigenomics,2.0,epigenomics_20,0,FastestNode,0.0002392030829718,4180.54812495319,0
wfcommons,deterministic,epigenomics,2.0,epigenomics_20,0,MaxTP,0.0004931860419019,2382.400865460658,0
wfcommons,deterministic,epigenomics,2.0,epigenomics_25,0,HEFT_static,0.0003117467248338,1939.1200112384652,0
wfcommons,deterministic,epigenomics,2.0,epigenomics_25,0,CPoP_static,0.000519577874723,1940.1093184482131,0
wfcommons,deterministic,epigenomics,2.0,epigenomics_25,0,HEFT-Tp_static,0.000519577874723,2427.290504011697,0
wfcommons,deterministic,epigenomics,2.0,epigenomics_25,0,CPoP-Tp_static,0.0005501412791185,2330.6135687951073,0
wfcommons,deterministic,epigenomics,2.0,epigenomics_25,0,FastestNode,0.0003853050842569,2595.3459761124127,0
wfcommons,deterministic,epigenomics,2.0,epigenomics_25,0,MaxTP,0.0005845251090634,2493.2454366262705,0
wfcommons,deterministic,epigenomics,2.0,epigenomics_27,0,HEFT_static,0.0007951918671534,1537.5470132304554,0
wfcommons,deterministic,epigenomics,2.0,epigenomics_27,0,CPoP_static,0.0008044187854563,1533.138648161514,0
wfcommons,deterministic,epigenomics,2.0,epigenomics_27,0,HEFT-Tp_static,0.0009417075044816,2001.3272463763124,0
wfcommons,deterministic,epigenomics,2.0,epigenomics_27,0,CPoP-Tp_static,0.001177134380602,2154.239981065916,0
wfcommons,deterministic,epigenomics,2.0,epigenomics_27,0,FastestNode,0.0004172367654162,2396.720718042574,0
wfcommons,deterministic,epigenomics,2.0,epigenomics_27,0,MaxTP,0.0009417075044816,1963.978377927513,0
wfcommons,deterministic,epigenomics,2.0,epigenomics_28,0,HEFT_static,0.0005501571571105,1748.2312923634115,0
wfcommons,deterministic,epigenomics,2.0,epigenomics_28,0,CPoP_static,0.0005985386887344,1763.098201478264,0
wfcommons,deterministic,epigenomics,2.0,epigenomics_28,0,HEFT-Tp_static,0.0007405961730334,2691.136344285962,0
wfcommons,deterministic,epigenomics,2.0,epigenomics_28,0,CPoP-Tp_static,0.0009169285951843,2414.497244403655,0
wfcommons,deterministic,epigenomics,2.0,epigenomics_28,0,FastestNode,0.000295473320339,3384.4003203196244,0
wfcommons,deterministic,epigenomics,2.0,epigenomics_28,0,MaxTP,0.0007131666851433,2285.109008661025,0
wfcommons,deterministic,epigenomics,2.0,epigenomics_29,0,HEFT_static,0.0007176898157449,1646.8969068818428,0
wfcommons,deterministic,epigenomics,2.0,epigenomics_29,0,CPoP_static,0.0006207128196568,1652.4411260417469,0
wfcommons,deterministic,epigenomics,2.0,epigenomics_29,0,HEFT-Tp_static,0.0010190941487182,2417.3925026614133,0
wfcommons,deterministic,epigenomics,2.0,epigenomics_29,0,CPoP-Tp_static,0.0011300831317288,2461.2837945690476,0
wfcommons,deterministic,epigenomics,2.0,epigenomics_29,0,FastestNode,0.0003317815615117,3014.031266370175,0
wfcommons,deterministic,epigenomics,2.0,epigenomics_29,0,MaxTP,0.000754884554606,2167.82183624294,0
wfcommons,deterministic,epigenomics,5.0,epigenomics_2,0,HEFT_static,5.172461595419946e-05,3319.4545189429236,0
wfcommons,deterministic,epigenomics,5.0,epigenomics_2,0,CPoP_static,0.0001312272664008,3266.3112704904784,0
wfcommons,deterministic,epigenomics,5.0,epigenomics_2,0,HEFT-Tp_static,0.000191520875286,3284.062841421676,0
wfcommons,deterministic,epigenomics,5.0,epigenomics_2,0,CPoP-Tp_static,0.0002285894317918,3357.7750304824053,0
wfcommons,deterministic,epigenomics,5.0,epigenomics_2,0,FastestNode,0.0001888798648525,5294.370581962212,0
wfcommons,deterministic,epigenomics,5.0,epigenomics_2,0,MaxTP,0.0002024649253021,3404.112809135205,0
wfcommons,deterministic,epigenomics,5.0,epigenomics_1,0,HEFT_static,0.0001340988222942,2523.2842864716313,0
wfcommons,deterministic,epigenomics,5.0,epigenomics_1,0,CPoP_static,0.0002034602820992,2453.8543308090316,0
wfcommons,deterministic,epigenomics,5.0,epigenomics_1,0,HEFT-Tp_static,0.0002458478408681,2588.619063475485,0
wfcommons,deterministic,epigenomics,5.0,epigenomics_1,0,CPoP-Tp_static,0.0002681976445823,2799.6938738125136,0
wfcommons,deterministic,epigenomics,5.0,epigenomics_1,0,FastestNode,0.0001961280558955,5098.709592741387,0
wfcommons,deterministic,epigenomics,5.0,epigenomics_1,0,MaxTP,0.0002950174090392,2442.4055704982843,0
wfcommons,deterministic,epigenomics,2.0,epigenomics_26,0,HEFT_static,0.0004076327220294,1995.504812437894,0
wfcommons,deterministic,epigenomics,2.0,epigenomics_26,0,CPoP_static,0.0004955809540979,2072.0883165225837,0
wfcommons,deterministic,epigenomics,2.0,epigenomics_26,0,HEFT-Tp_static,0.0004446902422131,2151.47559297196,0
wfcommons,deterministic,epigenomics,2.0,epigenomics_26,0,CPoP-Tp_static,0.0004772285526298,2386.1139835096733,0
wfcommons,deterministic,epigenomics,2.0,epigenomics_26,0,FastestNode,0.0001597808145682,6258.573676087663,0
wfcommons,deterministic,epigenomics,2.0,epigenomics_26,0,MaxTP,0.0004446902422131,2211.619372502481,0
wfcommons,deterministic,epigenomics,5.0,epigenomics_0,0,HEFT_static,6.734666962967899e-05,3239.0324024352517,0
wfcommons,deterministic,epigenomics,5.0,epigenomics_0,0,CPoP_static,0.0001156329610613,3426.8718151637986,0
wfcommons,deterministic,epigenomics,5.0,epigenomics_0,0,HEFT-Tp_static,0.0001702374148943,3762.34528248424,0
wfcommons,deterministic,epigenomics,5.0,epigenomics_0,0,CPoP-Tp_static,0.0001976950624571,3629.2126889542137,0
wfcommons,deterministic,epigenomics,5.0,epigenomics_0,0,FastestNode,0.0001375521422514,7269.970380923933,0
wfcommons,deterministic,epigenomics,5.0,epigenomics_0,0,MaxTP,0.0001915170917555,3659.4449138802897,0
wfcommons,deterministic,epigenomics,5.0,epigenomics_3,0,HEFT_static,0.0003004760832236,1630.154993122105,0
wfcommons,deterministic,epigenomics,5.0,epigenomics_3,0,CPoP_static,0.0004056427123518,1616.205081845089,0
wfcommons,deterministic,epigenomics,5.0,epigenomics_3,0,HEFT-Tp_static,0.0004507141248354,1966.1246809818613,0
wfcommons,deterministic,epigenomics,5.0,epigenomics_3,0,CPoP-Tp_static,0.0004269923287914,1979.098533101764,0
wfcommons,deterministic,epigenomics,5.0,epigenomics_3,0,FastestNode,0.0004544456765759,2200.483031408424,0
wfcommons,deterministic,epigenomics,5.0,epigenomics_3,0,MaxTP,0.0004507141248354,1943.0842229610953,0
wfcommons,deterministic,epigenomics,5.0,epigenomics_7,0,HEFT_static,0.0001761215450968,2502.877917624599,0
wfcommons,deterministic,epigenomics,5.0,epigenomics_7,0,CPoP_static,0.0002595475401426,2550.746636096053,0
wfcommons,deterministic,epigenomics,5.0,epigenomics_7,0,HEFT-Tp_static,0.0003082127039194,2793.0726613324096,0
wfcommons,deterministic,epigenomics,5.0,epigenomics_7,0,CPoP-Tp_static,0.0002739668479283,2784.9767089296747,0
wfcommons,deterministic,epigenomics,5.0,epigenomics_7,0,FastestNode,0.0003445316573701,2902.4908991961893,0
wfcommons,deterministic,epigenomics,5.0,epigenomics_7,0,MaxTP,0.0002739668479283,2800.486685460261,0
wfcommons,deterministic,epigenomics,5.0,epigenomics_5,0,HEFT_static,6.29184951889336e-05,3043.797489385054,0
wfcommons,deterministic,epigenomics,5.0,epigenomics_5,0,CPoP_static,0.0001051918591433,3172.0178669671363,0
wfcommons,deterministic,epigenomics,5.0,epigenomics_5,0,HEFT-Tp_static,0.0001870077495858,3219.2638082878093,0
wfcommons,deterministic,epigenomics,5.0,epigenomics_5,0,CPoP-Tp_static,0.0001819534860836,3114.48124175206,0
wfcommons,deterministic,epigenomics,5.0,epigenomics_5,0,FastestNode,0.0001811189026409,5521.234865158397,0
wfcommons,deterministic,epigenomics,5.0,epigenomics_5,0,MaxTP,0.0002040084540931,3309.4042786255086,0
wfcommons,deterministic,epigenomics,5.0,epigenomics_6,0,HEFT_static,0.0001518766461122,1911.3731708260873,0
wfcommons,deterministic,epigenomics,5.0,epigenomics_6,0,CPoP_static,0.0002121035919843,1915.1864523910813,0
wfcommons,deterministic,epigenomics,5.0,epigenomics_6,0,HEFT-Tp_static,0.0003324867117593,2580.673666701395,0
wfcommons,deterministic,epigenomics,5.0,epigenomics_6,0,CPoP-Tp_static,0.0002860932170952,2433.5390052608127,0
wfcommons,deterministic,epigenomics,5.0,epigenomics_6,0,FastestNode,0.0002875331462159,3477.8599029778634,0
wfcommons,deterministic,epigenomics,5.0,epigenomics_6,0,MaxTP,0.0003000489837827,2494.701655656757,0
wfcommons,deterministic,epigenomics,5.0,epigenomics_9,0,HEFT_static,0.0001290238263134,2630.243680787631,0
wfcommons,deterministic,epigenomics,5.0,epigenomics_9,0,CPoP_static,0.000175941581335,2570.4531576880636,0
wfcommons,deterministic,epigenomics,5.0,epigenomics_9,0,HEFT-Tp_static,0.0002764796278074,2600.6340064816163,0
wfcommons,deterministic,epigenomics,5.0,epigenomics_9,0,CPoP-Tp_static,0.00023224288736,2994.2777125180064,0
wfcommons,deterministic,epigenomics,5.0,epigenomics_9,0,FastestNode,0.0001718259230881,5819.843606995273,0
wfcommons,deterministic,epigenomics,5.0,epigenomics_9,0,MaxTP,0.0002419196743329,2915.008434556913,0
wfcommons,deterministic,epigenomics,5.0,epigenomics_8,0,HEFT_static,5.3262287757604745e-05,4035.014274273533,0
wfcommons,deterministic,epigenomics,5.0,epigenomics_8,0,CPoP_static,9.048171775689497e-05,4024.1958237830745,0
wfcommons,deterministic,epigenomics,5.0,epigenomics_8,0,HEFT-Tp_static,0.0001341068316753,4059.580364542101,0
wfcommons,deterministic,epigenomics,5.0,epigenomics_8,0,CPoP-Tp_static,0.0001341068316753,4131.857260517654,0
wfcommons,deterministic,epigenomics,5.0,epigenomics_8,0,FastestNode,0.0001623251165472,6160.47609434492,0
wfcommons,deterministic,epigenomics,5.0,epigenomics_8,0,MaxTP,0.0001341068316753,4179.513513073686,0
wfcommons,deterministic,epigenomics,5.0,epigenomics_10,0,HEFT_static,0.0004199564082134,1843.671902133215,0
wfcommons,deterministic,epigenomics,5.0,epigenomics_10,0,CPoP_static,0.0004899491429157,1840.3373540266416,0
wfcommons,deterministic,epigenomics,5.0,epigenomics_10,0,HEFT-Tp_static,0.0004899491429157,2214.9293241048986,0
wfcommons,deterministic,epigenomics,5.0,epigenomics_10,0,CPoP-Tp_static,0.0004899491429157,2269.9009213101417,0
wfcommons,deterministic,epigenomics,5.0,epigenomics_10,0,FastestNode,0.0004276805938789,2338.1935358170053,0
wfcommons,deterministic,epigenomics,5.0,epigenomics_10,0,MaxTP,0.0004899491429157,2201.6207798602018,0
wfcommons,deterministic,epigenomics,5.0,epigenomics_12,0,HEFT_static,0.0006730974121778,1641.5546028518777,0
wfcommons,deterministic,epigenomics,5.0,epigenomics_12,0,CPoP_static,0.0004869062283761,1590.8710524713897,0
wfcommons,deterministic,epigenomics,5.0,epigenomics_12,0,HEFT-Tp_static,0.0004869062283761,1659.7904074841306,0
wfcommons,deterministic,epigenomics,5.0,epigenomics_12,0,CPoP-Tp_static,0.0004869062283761,1659.7904074931305,0
wfcommons,deterministic,epigenomics,5.0,epigenomics_12,0,FastestNode,0.0006474675444547,1544.4789604788232,0
wfcommons,deterministic,epigenomics,5.0,epigenomics_12,0,MaxTP,0.0004869062283761,1649.173988601796,0
wfcommons,deterministic,epigenomics,5.0,epigenomics_4,0,HEFT_static,0.0003383559304117,2162.319534938707,0
wfcommons,deterministic,epigenomics,5.0,epigenomics_4,0,CPoP_static,0.0003609129924377,2176.103160567371,0
wfcommons,deterministic,epigenomics,5.0,epigenomics_4,0,HEFT-Tp_static,0.000416438068193,3098.5050784312793,0
wfcommons,deterministic,epigenomics,5.0,epigenomics_4,0,CPoP-Tp_static,0.0003383559304117,3258.1600129800386,0
wfcommons,deterministic,epigenomics,5.0,epigenomics_4,0,FastestNode,0.0001268338044325,7884.333395774385,0
wfcommons,deterministic,epigenomics,5.0,epigenomics_4,0,MaxTP,0.0003383559304329,3616.33454298973,0
wfcommons,deterministic,epigenomics,5.0,epigenomics_11,0,HEFT_static,7.095329009553093e-05,2792.3283645058987,0
wfcommons,deterministic,epigenomics,5.0,epigenomics_11,0,CPoP_static,0.0001589353698139,2763.253124370643,0
wfcommons,deterministic,epigenomics,5.0,epigenomics_11,0,HEFT-Tp_static,0.000220743569186,2970.8101240718925,0
wfcommons,deterministic,epigenomics,5.0,epigenomics_11,0,CPoP-Tp_static,0.000220743569186,2942.2054664101,0
wfcommons,deterministic,epigenomics,5.0,epigenomics_11,0,FastestNode,0.0002653184449506,3769.055710346423,0
wfcommons,deterministic,epigenomics,5.0,epigenomics_11,0,MaxTP,0.000220743569186,2925.865565321904,0
wfcommons,deterministic,epigenomics,5.0,epigenomics_16,0,HEFT_static,0.0001726726631848,1968.640621843209,0
wfcommons,deterministic,epigenomics,5.0,epigenomics_16,0,CPoP_static,0.0003021771605735,1968.4772610287048,0
wfcommons,deterministic,epigenomics,5.0,epigenomics_16,0,HEFT-Tp_static,0.0003626125926882,2200.5639437807044,0
wfcommons,deterministic,epigenomics,5.0,epigenomics_16,0,CPoP-Tp_static,0.0003626125926882,2176.978110391765,0
wfcommons,deterministic,epigenomics,5.0,epigenomics_16,0,FastestNode,0.0004050324822046,2468.937786319864,0
wfcommons,deterministic,epigenomics,5.0,epigenomics_16,0,MaxTP,0.0003626125926882,2207.6936829282413,0
wfcommons,deterministic,epigenomics,5.0,epigenomics_14,0,HEFT_static,0.0001815555073296,2053.142412470817,0
wfcommons,deterministic,epigenomics,5.0,epigenomics_14,0,CPoP_static,0.0002530773738535,2016.8649990582287,0
wfcommons,deterministic,epigenomics,5.0,epigenomics_14,0,HEFT-Tp_static,0.0003340621334866,2603.8572005077613,0
wfcommons,deterministic,epigenomics,5.0,epigenomics_14,0,CPoP-Tp_static,0.0003340621334866,2555.4296548518955,0
wfcommons,deterministic,epigenomics,5.0,epigenomics_14,0,FastestNode,0.000306095693812,3266.952198993225,0
wfcommons,deterministic,epigenomics,5.0,epigenomics_14,0,MaxTP,0.0003340621334866,2550.1920512247093,0
wfcommons,deterministic,epigenomics,5.0,epigenomics_15,0,HEFT_static,6.0109705687722095e-05,3019.891358792106,0
wfcommons,deterministic,epigenomics,5.0,epigenomics_15,0,CPoP_static,0.0001047072292617,3116.7851701210407,0
wfcommons,deterministic,epigenomics,5.0,epigenomics_15,0,HEFT-Tp_static,0.0002318517219322,3067.7208180461357,0
wfcommons,deterministic,epigenomics,5.0,epigenomics_15,0,CPoP-Tp_static,0.0002094144585201,3251.505165350771,0
wfcommons,deterministic,epigenomics,5.0,epigenomics_15,0,FastestNode,0.0002115863896192,4726.201915918235,0
wfcommons,deterministic,epigenomics,5.0,epigenomics_15,0,MaxTP,0.0001967226731556,3122.075198661681,0
wfcommons,deterministic,epigenomics,5.0,epigenomics_13,0,HEFT_static,3.1038562141242867e-05,5619.6719458912885,0
wfcommons,deterministic,epigenomics,5.0,epigenomics_13,0,CPoP_static,6.0913178201442e-05,5629.02830336137,0
wfcommons,deterministic,epigenomics,5.0,epigenomics_13,0,HEFT-Tp_static,0.0001015219636673,5958.574356369131,0
wfcommons,deterministic,epigenomics,5.0,epigenomics_13,0,CPoP-Tp_static,0.0001188549818536,5667.248310556126,0
wfcommons,deterministic,epigenomics,5.0,epigenomics_13,0,FastestNode,0.0001092413372769,9154.04392629669,0
wfcommons,deterministic,epigenomics,5.0,epigenomics_13,0,MaxTP,0.0001082900945782,5912.833535286931,0
wfcommons,deterministic,epigenomics,5.0,epigenomics_18,0,HEFT_static,0.0001083367465271,2600.673310185478,0
wfcommons,deterministic,epigenomics,5.0,epigenomics_18,0,CPoP_static,0.0001824618888877,2600.000482989444,0
wfcommons,deterministic,epigenomics,5.0,epigenomics_18,0,HEFT-Tp_static,0.0002311183925912,2794.290160107736,0
wfcommons,deterministic,epigenomics,5.0,epigenomics_18,0,CPoP-Tp_static,0.0002476268492048,2801.2378743283475,0
wfcommons,deterministic,epigenomics,5.0,epigenomics_18,0,FastestNode,0.0002858661698108,3498.1404083705743,0
wfcommons,deterministic,epigenomics,5.0,epigenomics_18,0,MaxTP,0.0002311183925912,2695.249593360625,0
wfcommons,deterministic,epigenomics,5.0,epigenomics_19,0,HEFT_static,0.0004813242852266,1565.8429626683085,0
wfcommons,deterministic,epigenomics,5.0,epigenomics_19,0,CPoP_static,0.0005157045913142,1564.665330119247,0
wfcommons,deterministic,epigenomics,5.0,epigenomics_19,0,HEFT-Tp_static,0.0005553741752615,1967.4288820361417,0
wfcommons,deterministic,epigenomics,5.0,epigenomics_19,0,CPoP-Tp_static,0.0005553741752615,1934.00173533556,0
wfcommons,deterministic,epigenomics,5.0,epigenomics_19,0,FastestNode,0.0004933139953827,2027.10648666404,0
wfcommons,deterministic,epigenomics,5.0,epigenomics_19,0,MaxTP,0.0005553741752615,1965.547660222452,0
wfcommons,deterministic,epigenomics,5.0,epigenomics_21,0,HEFT_static,0.0008511907699378,1416.4653368683123,0
wfcommons,deterministic,epigenomics,5.0,epigenomics_21,0,CPoP_static,0.0008828654133086,1284.4454448269412,0
wfcommons,deterministic,epigenomics,5.0,epigenomics_21,0,HEFT-Tp_static,0.0012255250104554,1892.3041446978457,0
wfcommons,deterministic,epigenomics,5.0,epigenomics_21,0,CPoP-Tp_static,0.0012255250104554,1892.3041447158455,0
wfcommons,deterministic,epigenomics,5.0,epigenomics_21,0,FastestNode,0.0006799754082377,1470.641420099377,0
wfcommons,deterministic,epigenomics,5.0,epigenomics_21,0,MaxTP,0.0012255250104554,1894.1071181217992,0
wfcommons,deterministic,epigenomics,5.0,epigenomics_17,0,HEFT_static,0.0001019728583265,2302.7239863471546,0
wfcommons,deterministic,epigenomics,5.0,epigenomics_17,0,CPoP_static,0.0002294389312347,2277.560558084803,0
wfcommons,deterministic,epigenomics,5.0,epigenomics_17,0,HEFT-Tp_static,0.0002936818319687,2486.4140420943954,0
wfcommons,deterministic,epigenomics,5.0,epigenomics_17,0,CPoP-Tp_static,0.0002447348599755,2468.0008967781328,0
wfcommons,deterministic,epigenomics,5.0,epigenomics_17,0,FastestNode,0.0001789249198251,5588.936415218183,0
wfcommons,deterministic,epigenomics,5.0,epigenomics_17,0,MaxTP,0.0002622159214017,2636.7879022931456,0
wfcommons,deterministic,epigenomics,5.0,epigenomics_24,0,HEFT_static,0.0007266860845892,1542.0915510517566,0
wfcommons,deterministic,epigenomics,5.0,epigenomics_24,0,CPoP_static,0.0007417761313139,1451.340368693673,0
wfcommons,deterministic,epigenomics,5.0,epigenomics_24,0,HEFT-Tp_static,0.0009890348417519,1942.841751838548,0
wfcommons,deterministic,epigenomics,5.0,epigenomics_24,0,CPoP-Tp_static,0.000847744150073,2215.470872301454,0
wfcommons,deterministic,epigenomics,5.0,epigenomics_24,0,FastestNode,0.000553597095599,1806.36785841632,0
wfcommons,deterministic,epigenomics,5.0,epigenomics_24,0,MaxTP,0.0009890348417519,2265.166910791732,0
wfcommons,deterministic,epigenomics,5.0,epigenomics_22,0,HEFT_static,6.70708819601234e-05,3037.617507789158,0
wfcommons,deterministic,epigenomics,5.0,epigenomics_22,0,CPoP_static,0.0001323042055103,3053.400489100666,0
wfcommons,deterministic,epigenomics,5.0,epigenomics_22,0,HEFT-Tp_static,0.0001857347500434,3180.5651102424913,0
wfcommons,deterministic,epigenomics,5.0,epigenomics_22,0,CPoP-Tp_static,0.0001788556852269,3080.598821291548,0
wfcommons,deterministic,epigenomics,5.0,epigenomics_22,0,FastestNode,0.0002219645230597,4505.224466577379,0
wfcommons,deterministic,epigenomics,5.0,epigenomics_22,0,MaxTP,0.0001788556852269,3086.2519450255127,0
wfcommons,deterministic,epigenomics,5.0,epigenomics_23,0,HEFT_static,0.0001552019702901,2466.736908839806,0
wfcommons,deterministic,epigenomics,5.0,epigenomics_23,0,CPoP_static,0.0001787174203334,2605.100668971273,0
wfcommons,deterministic,epigenomics,5.0,epigenomics_23,0,HEFT-Tp_static,0.0002184324026282,3099.8413556383,0
wfcommons,deterministic,epigenomics,5.0,epigenomics_23,0,CPoP-Tp_static,0.0002457364529556,2978.891098965795,0
wfcommons,deterministic,epigenomics,5.0,epigenomics_23,0,FastestNode,0.0001879698283491,5320.002730134891,0
wfcommons,deterministic,epigenomics,5.0,epigenomics_23,0,MaxTP,0.0002808416605324,2812.8825121344325,0
wfcommons,deterministic,epigenomics,5.0,epigenomics_25,0,HEFT_static,0.0001870480349002,2068.710712488827,0
wfcommons,deterministic,epigenomics,5.0,epigenomics_25,0,CPoP_static,0.0002877662075389,2041.1664298987355,0
wfcommons,deterministic,epigenomics,5.0,epigenomics_25,0,HEFT-Tp_static,0.0003400873361823,2236.3458155202015,0
wfcommons,deterministic,epigenomics,5.0,epigenomics_25,0,CPoP-Tp_static,0.0003117467248338,2197.1479904598987,0
wfcommons,deterministic,epigenomics,5.0,epigenomics_25,0,FastestNode,0.0003853050842569,2595.3459761124127,0
wfcommons,deterministic,epigenomics,5.0,epigenomics_25,0,MaxTP,0.0003117467248338,2176.3595850349625,0
wfcommons,deterministic,epigenomics,5.0,epigenomics_20,0,HEFT_static,0.0001550013274549,2092.3760585911978,0
wfcommons,deterministic,epigenomics,5.0,epigenomics_20,0,CPoP_static,0.0002284230088809,2125.0517292275963,0
wfcommons,deterministic,epigenomics,5.0,epigenomics_20,0,HEFT-Tp_static,0.0002480021239278,2794.0030796641454,0
wfcommons,deterministic,epigenomics,5.0,epigenomics_20,0,CPoP-Tp_static,0.000263032555681,2567.4573117895625,0
wfcommons,deterministic,epigenomics,5.0,epigenomics_20,0,FastestNode,0.0002392030829718,4180.54812495319,0
wfcommons,deterministic,epigenomics,5.0,epigenomics_20,0,MaxTP,0.0002480021239278,3206.7578831016726,0
wfcommons,deterministic,epigenomics,5.0,epigenomics_27,0,HEFT_static,0.0004431564726972,1629.0737797057802,0
wfcommons,deterministic,epigenomics,5.0,epigenomics_27,0,CPoP_static,0.0004431564726972,1660.5524451186627,0
wfcommons,deterministic,epigenomics,5.0,epigenomics_27,0,HEFT-Tp_static,0.0006278050029877,2192.2420050887754,0
wfcommons,deterministic,epigenomics,5.0,epigenomics_27,0,CPoP-Tp_static,0.0005022440023901,2353.3433481406246,0
wfcommons,deterministic,epigenomics,5.0,epigenomics_27,0,FastestNode,0.0004172367654162,2396.720718042574,0
wfcommons,deterministic,epigenomics,5.0,epigenomics_27,0,MaxTP,0.0006278050029877,2474.2707031107484,0
wfcommons,deterministic,epigenomics,5.0,epigenomics_28,0,HEFT_static,0.0002200628628442,1890.0929540748084,0
wfcommons,deterministic,epigenomics,5.0,epigenomics_28,0,CPoP_static,0.0004053789578709,1914.6481611649303,0
wfcommons,deterministic,epigenomics,5.0,epigenomics_28,0,HEFT-Tp_static,0.0003209250083145,2589.9850808338897,0
wfcommons,deterministic,epigenomics,5.0,epigenomics_28,0,CPoP-Tp_static,0.0004053789578709,2424.7973005974018,0
wfcommons,deterministic,epigenomics,5.0,epigenomics_28,0,FastestNode,0.000295473320339,3384.4003203196244,0
wfcommons,deterministic,epigenomics,5.0,epigenomics_28,0,MaxTP,0.0003851100099774,2802.1022162890763,0
wfcommons,deterministic,epigenomics,5.0,epigenomics_29,0,HEFT_static,0.0003396980495727,1772.4167693434265,0
wfcommons,deterministic,epigenomics,5.0,epigenomics_29,0,CPoP_static,0.0003882263423688,1765.4727998764267,0
wfcommons,deterministic,epigenomics,5.0,epigenomics_29,0,HEFT-Tp_static,0.0004529307327636,2515.3339366155565,0
wfcommons,deterministic,epigenomics,5.0,epigenomics_29,0,CPoP-Tp_static,0.0004076376594872,2425.0667213092875,0
wfcommons,deterministic,epigenomics,5.0,epigenomics_29,0,FastestNode,0.0003317815615117,3014.031266370175,0
wfcommons,deterministic,epigenomics,5.0,epigenomics_29,0,MaxTP,0.0004529307327636,2634.293614565155,0
wfcommons,deterministic,montage,0.2,montage_2,0,HEFT_static,0.0001013024516402,9908.606606031904,0
wfcommons,deterministic,montage,0.2,montage_2,0,CPoP_static,0.0001012005034332,9931.882074702067,0
wfcommons,deterministic,montage,0.2,montage_2,0,HEFT-Tp_static,0.000101660096394,10006.673213165772,0
wfcommons,deterministic,montage,0.2,montage_2,0,CPoP-Tp_static,0.0001015360608056,9967.913631235771,0
wfcommons,deterministic,montage,0.2,montage_2,0,FastestNode,5.550267117512485e-05,18017.150865491665,0
wfcommons,deterministic,montage,0.2,montage_2,0,MaxTP,0.0001016599551119,9930.964330050016,0
wfcommons,deterministic,montage,0.2,montage_0,0,HEFT_static,3.519700090048773e-05,28411.511617990756,0
wfcommons,deterministic,montage,0.2,montage_0,0,CPoP_static,3.519920224888975e-05,28479.99326521674,0
wfcommons,deterministic,montage,0.2,montage_0,0,HEFT-Tp_static,3.520268361722141e-05,28534.063199374163,0
wfcommons,deterministic,montage,0.2,montage_0,0,CPoP-Tp_static,3.523068644482699e-05,28533.215471315503,0
wfcommons,deterministic,montage,0.2,montage_0,0,FastestNode,1.793162945947547e-05,55767.3803298215,0
wfcommons,deterministic,montage,0.2,montage_0,0,MaxTP,3.523332719060221e-05,28479.554294875605,0
wfcommons,deterministic,epigenomics,5.0,epigenomics_26,0,HEFT_static,0.0001397597904105,2145.183864471174,0
wfcommons,deterministic,epigenomics,5.0,epigenomics_26,0,CPoP_static,0.0003010210870434,2223.3910828935313,0
wfcommons,deterministic,epigenomics,5.0,epigenomics_26,0,HEFT-Tp_static,0.0003010210870318,2343.17023019941,0
wfcommons,deterministic,epigenomics,5.0,epigenomics_26,0,CPoP-Tp_static,0.0002898721578936,2563.0433898227852,0
wfcommons,deterministic,epigenomics,5.0,epigenomics_26,0,FastestNode,0.0001597808145682,6258.573676087663,0
wfcommons,deterministic,epigenomics,5.0,epigenomics_26,0,MaxTP,0.0002608849421043,2645.227072590832,0
wfcommons,deterministic,montage,0.2,montage_1,0,HEFT_static,0.0001386191419137,7300.676709979139,0
wfcommons,deterministic,montage,0.2,montage_1,0,CPoP_static,0.0001377546555188,7395.516661948178,0
wfcommons,deterministic,montage,0.2,montage_1,0,HEFT-Tp_static,0.0001394865464182,7416.4059739172735,0
wfcommons,deterministic,montage,0.2,montage_1,0,CPoP-Tp_static,0.00013945510543,8243.988541262417,0
wfcommons,deterministic,montage,0.2,montage_1,0,FastestNode,2.719908680703742e-05,36765.940235216374,0
wfcommons,deterministic,montage,0.2,montage_1,0,MaxTP,0.0001392889552308,7707.874105534662,0
wfcommons,deterministic,montage,0.2,montage_4,0,HEFT_static,0.0001117061236426,9091.643090279656,0
wfcommons,deterministic,montage,0.2,montage_4,0,CPoP_static,0.0001109832451322,9151.190938170826,0
wfcommons,deterministic,montage,0.2,montage_4,0,HEFT-Tp_static,0.0001122757606177,9273.565433919395,0
wfcommons,deterministic,montage,0.2,montage_4,0,CPoP-Tp_static,0.000112322714894,10375.414835595468,0
wfcommons,deterministic,montage,0.2,montage_4,0,FastestNode,2.8049705673920572e-05,35650.99796857254,0
wfcommons,deterministic,montage,0.2,montage_4,0,MaxTP,0.0001123718788786,9391.762494916267,0
wfcommons,deterministic,montage,0.2,montage_3,0,HEFT_static,2.5223568972425644e-05,39685.274542523446,0
wfcommons,deterministic,montage,0.2,montage_3,0,CPoP_static,2.520497739601649e-05,39710.737316017614,0
wfcommons,deterministic,montage,0.2,montage_3,0,HEFT-Tp_static,2.5229753954092957e-05,39755.1830607272,0
wfcommons,deterministic,montage,0.2,montage_3,0,CPoP-Tp_static,2.5228289975796386e-05,39848.931765171656,0
wfcommons,deterministic,montage,0.2,montage_3,0,FastestNode,1.2802587404404142e-05,78109.21092840936,0
wfcommons,deterministic,montage,0.2,montage_3,0,MaxTP,2.521340399922524e-05,39689.61385746978,0
wfcommons,deterministic,montage,0.2,montage_7,0,HEFT_static,4.69019026207777e-05,21403.518020756645,0
wfcommons,deterministic,montage,0.2,montage_7,0,CPoP_static,4.670465650454348e-05,21427.44405182527,0
wfcommons,deterministic,montage,0.2,montage_7,0,HEFT-Tp_static,4.688670143148465e-05,21474.860163020032,0
wfcommons,deterministic,montage,0.2,montage_7,0,CPoP-Tp_static,4.688080597398499e-05,21528.19881464724,0
wfcommons,deterministic,montage,0.2,montage_7,0,FastestNode,2.867923116855348e-05,34868.43821310283,0
wfcommons,deterministic,montage,0.2,montage_7,0,MaxTP,4.686680554514166e-05,21535.694709289444,0
wfcommons,deterministic,montage,0.2,montage_6,0,HEFT_static,9.25375249826806e-05,10849.139670545126,0
wfcommons,deterministic,montage,0.2,montage_6,0,CPoP_static,9.249107815896676e-05,10965.038970950973,0
wfcommons,deterministic,montage,0.2,montage_6,0,HEFT-Tp_static,9.339584427916898e-05,10980.859460471218,0
wfcommons,deterministic,montage,0.2,montage_6,0,CPoP-Tp_static,9.336020170086292e-05,11693.040854036251,0
wfcommons,deterministic,montage,0.2,montage_6,0,FastestNode,2.8420274678440775e-05,35186.14831539915,0
wfcommons,deterministic,montage,0.2,montage_6,0,MaxTP,9.330065061888152e-05,11215.295462737744,0
wfcommons,deterministic,montage,0.2,montage_5,0,HEFT_static,5.630602347391613e-05,18031.353495513795,0
wfcommons,deterministic,montage,0.2,montage_5,0,CPoP_static,5.5795066703981894e-05,18658.50427144775,0
wfcommons,deterministic,montage,0.2,montage_5,0,HEFT-Tp_static,5.715620252685381e-05,18736.054085815395,0
wfcommons,deterministic,montage,0.2,montage_5,0,CPoP-Tp_static,5.718735644573956e-05,20199.542273219384,0
wfcommons,deterministic,montage,0.2,montage_5,0,FastestNode,1.8339912188963204e-05,54525.88811203748,0
wfcommons,deterministic,montage,0.2,montage_5,0,MaxTP,4.6536080889284714e-05,24576.21313719004,0
wfcommons,deterministic,montage,0.2,montage_8,0,HEFT_static,9.928021249071994e-05,10152.819834725964,0
wfcommons,deterministic,montage,0.2,montage_8,0,CPoP_static,8.136609996710243e-05,12595.260415401535,0
wfcommons,deterministic,montage,0.2,montage_8,0,HEFT-Tp_static,9.962438731406e-05,10209.20939991656,0
wfcommons,deterministic,montage,0.2,montage_8,0,CPoP-Tp_static,8.678055279226591e-05,15309.780375768269,0
wfcommons,deterministic,montage,0.2,montage_8,0,FastestNode,3.001259803176943e-05,33319.34139595191,0
wfcommons,deterministic,montage,0.2,montage_8,0,MaxTP,9.962057832311274e-05,10560.24991522286,0
wfcommons,deterministic,montage,0.2,montage_10,0,HEFT_static,3.552205553167444e-05,28287.41608283143,0
wfcommons,deterministic,montage,0.2,montage_10,0,CPoP_static,3.539806435751996e-05,28355.92188087402,0
wfcommons,deterministic,montage,0.2,montage_10,0,HEFT-Tp_static,3.5503146275358764e-05,28381.93179763388,0
wfcommons,deterministic,montage,0.2,montage_10,0,CPoP-Tp_static,3.552334153054172e-05,28565.99370597375,0
wfcommons,deterministic,montage,0.2,montage_10,0,FastestNode,2.226808992470914e-05,44907.30922055327,0
wfcommons,deterministic,montage,0.2,montage_10,0,MaxTP,3.418380194030534e-05,30693.24336502296,0
wfcommons,deterministic,montage,0.2,montage_11,0,HEFT_static,0.0001457778325477,6915.405245499372,0
wfcommons,deterministic,montage,0.2,montage_11,0,CPoP_static,0.0001457832273951,7062.360587922494,0
wfcommons,deterministic,montage,0.2,montage_11,0,HEFT-Tp_static,0.0001469682034182,8075.162349973367,0
wfcommons,deterministic,montage,0.2,montage_11,0,CPoP-Tp_static,0.0001469423087972,7728.731065922172,0
wfcommons,deterministic,montage,0.2,montage_11,0,FastestNode,4.432872151056554e-05,22558.737674436532,0
wfcommons,deterministic,montage,0.2,montage_11,0,MaxTP,0.0001470853267926,8132.408399888675,0
wfcommons,deterministic,montage,0.2,montage_12,0,HEFT_static,9.857302418803916e-05,10245.42425734758,0
wfcommons,deterministic,montage,0.2,montage_12,0,CPoP_static,9.693082636230903e-05,10582.187002949846,0
wfcommons,deterministic,montage,0.2,montage_12,0,HEFT-Tp_static,9.913267567813174e-05,10782.992991722307,0
wfcommons,deterministic,montage,0.2,montage_12,0,CPoP-Tp_static,9.91050886641241e-05,11360.926767997276,0
wfcommons,deterministic,montage,0.2,montage_12,0,FastestNode,3.167741423064396e-05,31568.23321243892,0
wfcommons,deterministic,montage,0.2,montage_12,0,MaxTP,9.307891874818555e-05,11851.847481962435,0
wfcommons,deterministic,montage,0.2,montage_14,0,HEFT_static,4.204596288475612e-05,23907.79006958389,0
wfcommons,deterministic,montage,0.2,montage_14,0,CPoP_static,4.1311501629184606e-05,24659.622648259618,0
wfcommons,deterministic,montage,0.2,montage_14,0,HEFT-Tp_static,4.2287549569232546e-05,24271.470700463473,0
wfcommons,deterministic,montage,0.2,montage_14,0,CPoP-Tp_static,4.228077953145753e-05,25226.861573380807,0
wfcommons,deterministic,montage,0.2,montage_14,0,FastestNode,1.4675636813293708e-05,68140.1436082259,0
wfcommons,deterministic,montage,0.2,montage_14,0,MaxTP,4.230214519706464e-05,25053.201401540064,0
wfcommons,deterministic,montage,0.2,montage_9,0,HEFT_static,7.664461228033943e-05,13170.53248441654,0
wfcommons,deterministic,montage,0.2,montage_9,0,CPoP_static,7.607876910735247e-05,13225.388461047796,0
wfcommons,deterministic,montage,0.2,montage_9,0,HEFT-Tp_static,7.672607911304508e-05,13279.486803635791,0
wfcommons,deterministic,montage,0.2,montage_9,0,CPoP-Tp_static,7.679059432811694e-05,15092.681320626622,0
wfcommons,deterministic,montage,0.2,montage_9,0,FastestNode,1.750720561215746e-05,57119.338297230825,0
wfcommons,deterministic,montage,0.2,montage_9,0,MaxTP,7.66537180068619e-05,13247.142427141212,0
wfcommons,deterministic,montage,0.2,montage_13,0,HEFT_static,4.214951436944731e-05,23877.28232082934,0
wfcommons,deterministic,montage,0.2,montage_13,0,CPoP_static,4.206365240962328e-05,24377.80862545599,0
wfcommons,deterministic,montage,0.2,montage_13,0,HEFT-Tp_static,4.226475509608585e-05,24068.004434992097,0
wfcommons,deterministic,montage,0.2,montage_13,0,CPoP-Tp_static,4.226430882602818e-05,24378.328551432995,0
wfcommons,deterministic,montage,0.2,montage_13,0,FastestNode,1.635498747532416e-05,61143.42805268213,0
wfcommons,deterministic,montage,0.2,montage_13,0,MaxTP,4.047712132550672e-05,26214.99142130944,0
wfcommons,deterministic,montage,0.2,montage_15,0,HEFT_static,4.747277043784888e-05,21159.60652326618,0
wfcommons,deterministic,montage,0.2,montage_15,0,CPoP_static,4.744530561880152e-05,21155.100592027993,0
wfcommons,deterministic,montage,0.2,montage_15,0,HEFT-Tp_static,4.752069496483236e-05,21176.58220149617,0
wfcommons,deterministic,montage,0.2,montage_15,0,CPoP-Tp_static,4.7520988606462493e-05,21292.04934682167,0
wfcommons,deterministic,montage,0.2,montage_15,0,FastestNode,2.0547446686554575e-05,48667.84740969105,0
wfcommons,deterministic,montage,0.2,montage_15,0,MaxTP,4.753134389339491e-05,21252.321795503096,0
wfcommons,deterministic,montage,0.2,montage_16,0,HEFT_static,2.8734095039137116e-05,35777.55322128666,0
wfcommons,deterministic,montage,0.2,montage_16,0,CPoP_static,2.8734095039137116e-05,35777.55322128666,0
wfcommons,deterministic,montage,0.2,montage_16,0,HEFT-Tp_static,2.983165777491762e-05,36572.178601355845,0
wfcommons,deterministic,montage,0.2,montage_16,0,CPoP-Tp_static,2.983165777491762e-05,36459.96379515787,0
wfcommons,deterministic,montage,0.2,montage_16,0,FastestNode,1.502377195844882e-05,66561.18069188588,0
wfcommons,deterministic,montage,0.2,montage_16,0,MaxTP,2.5328741132854647e-05,41601.97374273711,0
wfcommons,deterministic,montage,0.2,montage_19,0,HEFT_static,4.441869752254814e-05,22513.041934477544,0
wfcommons,deterministic,montage,0.2,montage_19,0,CPoP_static,4.443928685256558e-05,22547.86649345322,0
wfcommons,deterministic,montage,0.2,montage_19,0,HEFT-Tp_static,4.4634208665724687e-05,22542.22906764108,0
wfcommons,deterministic,montage,0.2,montage_19,0,CPoP-Tp_static,4.4569820188760326e-05,23660.36701939015,0
wfcommons,deterministic,montage,0.2,montage_19,0,FastestNode,2.288476709887225e-05,43697.18929974514,0
wfcommons,deterministic,montage,0.2,montage_19,0,MaxTP,4.456726753666854e-05,22552.368955184935,0
wfcommons,deterministic,montage,0.2,montage_21,0,HEFT_static,8.7266580561183e-05,11491.266291296228,0
wfcommons,deterministic,montage,0.2,montage_21,0,CPoP_static,8.71300163773049e-05,11538.699579378002,0
wfcommons,deterministic,montage,0.2,montage_21,0,HEFT-Tp_static,8.767136611907772e-05,12354.064935593256,0
wfcommons,deterministic,montage,0.2,montage_21,0,CPoP-Tp_static,8.758197887646963e-05,12040.2481513848,0
wfcommons,deterministic,montage,0.2,montage_21,0,FastestNode,3.8900053938472995e-05,25706.905229017648,0
wfcommons,deterministic,montage,0.2,montage_21,0,MaxTP,8.750195577165406e-05,11983.20661278378,0
wfcommons,deterministic,montage,0.2,montage_18,0,HEFT_static,6.278418739648654e-05,15951.060712069926,0
wfcommons,deterministic,montage,0.2,montage_18,0,CPoP_static,6.250650472366157e-05,16066.633002435698,0
wfcommons,deterministic,montage,0.2,montage_18,0,HEFT-Tp_static,6.291957578539075e-05,16292.43197831628,0
wfcommons,deterministic,montage,0.2,montage_18,0,CPoP-Tp_static,6.290417375170143e-05,16420.83291157862,0
wfcommons,deterministic,montage,0.2,montage_18,0,FastestNode,2.5731412484243652e-05,38863.00453239164,0
wfcommons,deterministic,montage,0.2,montage_18,0,MaxTP,5.929075450413552e-05,18243.804338166417,0
wfcommons,deterministic,montage,0.2,montage_20,0,HEFT_static,0.0002154809396179,4818.952759787208,0
wfcommons,deterministic,montage,0.2,montage_20,0,CPoP_static,0.0002173802392024,4726.037774703134,0
wfcommons,deterministic,montage,0.2,montage_20,0,HEFT-Tp_static,0.0002203430665102,5541.259875699477,0
wfcommons,deterministic,montage,0.2,montage_20,0,CPoP-Tp_static,0.0002202080851397,5738.9383908134505,0
wfcommons,deterministic,montage,0.2,montage_20,0,FastestNode,4.757673234230337e-05,21018.677634378833,0
wfcommons,deterministic,montage,0.2,montage_20,0,MaxTP,0.0002198952545663,5548.531206460198,0
wfcommons,deterministic,montage,0.2,montage_22,0,HEFT_static,0.0002221397991512,4776.589790292703,0
wfcommons,deterministic,montage,0.2,montage_22,0,CPoP_static,0.0001072260997451,9495.866115640243,0
wfcommons,deterministic,montage,0.2,montage_22,0,HEFT-Tp_static,0.0002263167767565,5946.4267097396705,0
wfcommons,deterministic,montage,0.2,montage_22,0,CPoP-Tp_static,0.0001110375166251,10047.62045475587,0
wfcommons,deterministic,montage,0.2,montage_22,0,FastestNode,6.348267832330969e-05,15752.328452607491,0
wfcommons,deterministic,montage,0.2,montage_22,0,MaxTP,0.0002267210269753,5897.981824925589,0
wfcommons,deterministic,montage,0.2,montage_17,0,HEFT_static,7.711326173828914e-05,13062.911780439928,0
wfcommons,deterministic,montage,0.2,montage_17,0,CPoP_static,7.701529081257745e-05,13147.211203732137,0
wfcommons,deterministic,montage,0.2,montage_17,0,HEFT-Tp_static,7.731102173597007e-05,13478.84500496564,0
wfcommons,deterministic,montage,0.2,montage_17,0,CPoP-Tp_static,7.738490126518583e-05,13770.857002236216,0
wfcommons,deterministic,montage,0.2,montage_17,0,FastestNode,1.691545782733563e-05,59117.52494123956,0
wfcommons,deterministic,montage,0.2,montage_17,0,MaxTP,7.500144062973724e-05,14517.17024556686,0
wfcommons,deterministic,montage,0.2,montage_24,0,HEFT_static,6.541833347882225e-05,15368.4905064251,0
wfcommons,deterministic,montage,0.2,montage_24,0,CPoP_static,6.554884507647905e-05,15372.462800121197,0
wfcommons,deterministic,montage,0.2,montage_24,0,HEFT-Tp_static,6.551569256690377e-05,15470.303154179246,0
wfcommons,deterministic,montage,0.2,montage_24,0,CPoP-Tp_static,6.556078073273435e-05,15447.04369418102,0
wfcommons,deterministic,montage,0.2,montage_24,0,FastestNode,2.026272706252782e-05,49351.698659027774,0
wfcommons,deterministic,montage,0.2,montage_24,0,MaxTP,6.558646092348196e-05,15540.715328250964,0
wfcommons,deterministic,montage,0.2,montage_26,0,HEFT_static,3.1048273988098334e-05,32228.419333157795,0
wfcommons,deterministic,montage,0.2,montage_26,0,CPoP_static,3.105514642313168e-05,32276.70538404187,0
wfcommons,deterministic,montage,0.2,montage_26,0,HEFT-Tp_static,3.1043787764582076e-05,32294.99532842179,0
wfcommons,deterministic,montage,0.2,montage_26,0,CPoP-Tp_static,3.1052326050281636e-05,32280.6675843972,0
wfcommons,deterministic,montage,0.2,montage_26,0,FastestNode,1.913620610173295e-05,52256.96225697743,0
wfcommons,deterministic,montage,0.2,montage_26,0,MaxTP,3.1056159121233675e-05,32288.318719877418,0
wfcommons,deterministic,montage,0.2,montage_23,0,HEFT_static,3.9791159287220125e-05,25350.604117832467,0
wfcommons,deterministic,montage,0.2,montage_23,0,CPoP_static,3.948601497296152e-05,25368.35057455864,0
wfcommons,deterministic,montage,0.2,montage_23,0,HEFT-Tp_static,3.981194273058829e-05,26619.57388973368,0
wfcommons,deterministic,montage,0.2,montage_23,0,CPoP-Tp_static,3.978334008568504e-05,25796.435534223547,0
wfcommons,deterministic,montage,0.2,montage_23,0,FastestNode,1.4999699262787491e-05,66668.00330329846,0
wfcommons,deterministic,montage,0.2,montage_23,0,MaxTP,3.623241491563093e-05,31100.00042558736,0
wfcommons,deterministic,montage,0.2,montage_28,0,HEFT_static,6.019379466806048e-05,16625.53706987338,0
wfcommons,deterministic,montage,0.2,montage_28,0,CPoP_static,6.031721698877442e-05,16681.287690902725,0
wfcommons,deterministic,montage,0.2,montage_28,0,HEFT-Tp_static,6.027004742664153e-05,16714.03860904829,0
wfcommons,deterministic,montage,0.2,montage_28,0,CPoP-Tp_static,6.033707935758613e-05,16737.713249949244,0
wfcommons,deterministic,montage,0.2,montage_28,0,FastestNode,3.391650149594538e-05,29484.173068957218,0
wfcommons,deterministic,montage,0.2,montage_28,0,MaxTP,6.026786750531598e-05,16731.84103422714,0
wfcommons,deterministic,montage,0.2,montage_27,0,HEFT_static,5.0679489117050194e-05,19764.487870799498,0
wfcommons,deterministic,montage,0.2,montage_27,0,CPoP_static,5.050347057865768e-05,19810.293659890223,0
wfcommons,deterministic,montage,0.2,montage_27,0,HEFT-Tp_static,5.065429274880467e-05,19819.081694836204,0
wfcommons,deterministic,montage,0.2,montage_27,0,CPoP-Tp_static,5.062638949765985e-05,19903.26550166244,0
wfcommons,deterministic,montage,0.2,montage_27,0,FastestNode,2.6986264027649515e-05,37055.888839426705,0
wfcommons,deterministic,montage,0.2,montage_27,0,MaxTP,5.064738131362338e-05,19895.22378672825,0
wfcommons,deterministic,montage,0.2,montage_25,0,HEFT_static,5.117911862859934e-05,19784.269123320293,0
wfcommons,deterministic,montage,0.2,montage_25,0,CPoP_static,5.0043763537654565e-05,20234.36337850724,0
wfcommons,deterministic,montage,0.2,montage_25,0,HEFT-Tp_static,5.179532126232587e-05,20418.836222354592,0
wfcommons,deterministic,montage,0.2,montage_25,0,CPoP-Tp_static,5.179054666571765e-05,20865.487087058635,0
wfcommons,deterministic,montage,0.2,montage_25,0,FastestNode,1.531158022136473e-05,65310.04543898536,0
wfcommons,deterministic,montage,0.2,montage_25,0,MaxTP,4.6320328183445504e-05,23521.230089252625,0
wfcommons,deterministic,montage,0.5,montage_2,0,HEFT_static,9.41425511910334e-05,9988.003120141268,0
wfcommons,deterministic,montage,0.5,montage_2,0,CPoP_static,0.0001007436300827,10108.225358866095,0
wfcommons,deterministic,montage,0.5,montage_2,0,HEFT-Tp_static,9.149064834349512e-05,10171.853287946518,0
wfcommons,deterministic,montage,0.5,montage_2,0,CPoP-Tp_static,9.695277660079051e-05,10072.785397669142,0
wfcommons,deterministic,montage,0.5,montage_2,0,FastestNode,5.550267117512485e-05,18017.150865491665,0
wfcommons,deterministic,montage,0.5,montage_2,0,MaxTP,0.0001016599551119,10160.504937578551,0
wfcommons,deterministic,montage,0.5,montage_0,0,HEFT_static,2.7033782710538415e-05,28611.651926540304,0
wfcommons,deterministic,montage,0.5,montage_0,0,CPoP_static,2.7716453991178605e-05,28560.934674379605,0
wfcommons,deterministic,montage,0.5,montage_0,0,HEFT-Tp_static,2.873224026315602e-05,28682.413873540852,0
wfcommons,deterministic,montage,0.5,montage_0,0,CPoP-Tp_static,2.966409670403259e-05,29547.4618779945,0
wfcommons,deterministic,montage,0.5,montage_0,0,FastestNode,1.793162945947547e-05,55767.3803298215,0
wfcommons,deterministic,montage,0.5,montage_0,0,MaxTP,2.934683363770983e-05,29004.210527405325,0
wfcommons,deterministic,montage,0.5,montage_1,0,HEFT_static,0.0001383675819167,7428.08573550703,0
wfcommons,deterministic,montage,0.5,montage_1,0,CPoP_static,0.000136549955978,7596.284379404335,0
wfcommons,deterministic,montage,0.5,montage_1,0,HEFT-Tp_static,0.0001394865464182,7841.091994221157,0
wfcommons,deterministic,montage,0.5,montage_1,0,CPoP-Tp_static,0.0001396454694863,8543.929450169997,0
wfcommons,deterministic,montage,0.5,montage_1,0,FastestNode,2.719908680703742e-05,36765.940235216374,0
wfcommons,deterministic,montage,0.5,montage_1,0,MaxTP,0.0001392889552308,8181.650726282059,0
wfcommons,deterministic,montage,0.5,montage_4,0,HEFT_static,0.0001104674996451,9218.816872687534,0
wfcommons,deterministic,montage,0.5,montage_4,0,CPoP_static,0.0001109883627189,9400.696641047072,0
wfcommons,deterministic,montage,0.5,montage_4,0,HEFT-Tp_static,0.0001122005513648,9838.886935544098,0
wfcommons,deterministic,montage,0.5,montage_4,0,CPoP-Tp_static,0.000112270976251,10412.581018886322,0
wfcommons,deterministic,montage,0.5,montage_4,0,FastestNode,2.8049705673920572e-05,35650.99796857254,0
wfcommons,deterministic,montage,0.5,montage_4,0,MaxTP,0.000112341142864,9883.298936028306,0
wfcommons,deterministic,montage,0.5,montage_3,0,HEFT_static,1.9703312986147305e-05,39759.63005966689,0
wfcommons,deterministic,montage,0.5,montage_3,0,CPoP_static,1.9271459550810074e-05,39822.44977538204,0
wfcommons,deterministic,montage,0.5,montage_3,0,HEFT-Tp_static,2.2545136974459903e-05,41423.64167392826,0
wfcommons,deterministic,montage,0.5,montage_3,0,CPoP-Tp_static,2.068847863544599e-05,41058.60356517013,0
wfcommons,deterministic,montage,0.5,montage_3,0,FastestNode,1.2802587404404142e-05,78109.21092840936,0
wfcommons,deterministic,montage,0.5,montage_3,0,MaxTP,2.021288142540908e-05,40352.21247515881,0
wfcommons,deterministic,montage,0.2,montage_29,0,HEFT_static,8.508827788046999e-05,11874.733443391851,0
wfcommons,deterministic,montage,0.2,montage_29,0,CPoP_static,7.931750792835858e-05,12840.515177969057,0
wfcommons,deterministic,montage,0.2,montage_29,0,HEFT-Tp_static,8.557665378876742e-05,12132.11322776332,0
wfcommons,deterministic,montage,0.2,montage_29,0,CPoP-Tp_static,8.225603991258714e-05,17362.622483347655,0
wfcommons,deterministic,montage,0.2,montage_29,0,FastestNode,2.057143374041742e-05,48611.09889658613,0
wfcommons,deterministic,montage,0.2,montage_29,0,MaxTP,8.565430603535815e-05,12197.331688824595,0
wfcommons,deterministic,montage,0.5,montage_7,0,HEFT_static,3.80673710646021e-05,21405.71114082761,0
wfcommons,deterministic,montage,0.5,montage_7,0,CPoP_static,3.8781134272247773e-05,21600.122920572776,0
wfcommons,deterministic,montage,0.5,montage_7,0,HEFT-Tp_static,4.136654322352412e-05,21618.381189427942,0
wfcommons,deterministic,montage,0.5,montage_7,0,CPoP-Tp_static,3.854025766211848e-05,21637.518259227167,0
wfcommons,deterministic,montage,0.5,montage_7,0,FastestNode,2.867923116855348e-05,34868.43821310283,0
wfcommons,deterministic,montage,0.5,montage_7,0,MaxTP,4.192555056405395e-05,21927.67153086408,0
wfcommons,deterministic,montage,0.5,montage_6,0,HEFT_static,9.28136891846276e-05,10963.780155127277,0
wfcommons,deterministic,montage,0.5,montage_6,0,CPoP_static,9.249107815896676e-05,11078.0237781922,0
wfcommons,deterministic,montage,0.5,montage_6,0,HEFT-Tp_static,9.342473765820178e-05,11635.113893131736,0
wfcommons,deterministic,montage,0.5,montage_6,0,CPoP-Tp_static,9.336020170086292e-05,12150.613467116043,0
wfcommons,deterministic,montage,0.5,montage_6,0,FastestNode,2.8420274678440775e-05,35186.14831539915,0
wfcommons,deterministic,montage,0.5,montage_6,0,MaxTP,9.330065061888152e-05,11611.482987613488,0
wfcommons,deterministic,montage,0.5,montage_8,0,HEFT_static,9.937698094900832e-05,10339.2590122953,0
wfcommons,deterministic,montage,0.5,montage_8,0,CPoP_static,8.066758987124825e-05,12679.680867787203,0
wfcommons,deterministic,montage,0.5,montage_8,0,HEFT-Tp_static,9.962830250473188e-05,10628.67291231955,0
wfcommons,deterministic,montage,0.5,montage_8,0,CPoP-Tp_static,8.461494799318329e-05,14715.936039183684,0
wfcommons,deterministic,montage,0.5,montage_8,0,FastestNode,3.001259803176943e-05,33319.34139595191,0
wfcommons,deterministic,montage,0.5,montage_8,0,MaxTP,9.936050239684756e-05,10983.508956331218,0
wfcommons,deterministic,montage,0.5,montage_10,0,HEFT_static,2.7344413079586054e-05,28380.5382971685,0
wfcommons,deterministic,montage,0.5,montage_10,0,CPoP_static,3.481855265419039e-05,28670.819140345026,0
wfcommons,deterministic,montage,0.5,montage_10,0,HEFT-Tp_static,3.2041612872440555e-05,29033.812341674005,0
wfcommons,deterministic,montage,0.5,montage_10,0,CPoP-Tp_static,3.223940060620151e-05,28856.47118515252,0
wfcommons,deterministic,montage,0.5,montage_10,0,FastestNode,2.226808992470914e-05,44907.30922055327,0
wfcommons,deterministic,montage,0.5,montage_10,0,MaxTP,3.418380194030534e-05,30923.005931047664,0
wfcommons,deterministic,montage,0.5,montage_5,0,HEFT_static,5.493021810433348e-05,18460.93044688834,0
wfcommons,deterministic,montage,0.5,montage_5,0,CPoP_static,4.615664160155799e-05,19572.339850391705,0
wfcommons,deterministic,montage,0.5,montage_5,0,HEFT-Tp_static,5.717145624791509e-05,19197.23457808,0
wfcommons,deterministic,montage,0.5,montage_5,0,CPoP-Tp_static,5.7177402615716447e-05,19499.006935912133,0
wfcommons,deterministic,montage,0.5,montage_5,0,FastestNode,1.8339912188963204e-05,54525.88811203748,0
wfcommons,deterministic,montage,0.5,montage_5,0,MaxTP,4.548922309578926e-05,24033.671121322892,0
wfcommons,deterministic,montage,0.5,montage_11,0,HEFT_static,0.0001439905396598,7133.932153807177,0
wfcommons,deterministic,montage,0.5,montage_11,0,CPoP_static,0.000144404510797,7240.62397350336,0
wfcommons,deterministic,montage,0.5,montage_11,0,HEFT-Tp_static,0.0001470020400315,8483.579637559074,0
wfcommons,deterministic,montage,0.5,montage_11,0,CPoP-Tp_static,0.0001469423087972,8136.247789609476,0
wfcommons,deterministic,montage,0.5,montage_11,0,FastestNode,4.432872151056554e-05,22558.737674436532,0
wfcommons,deterministic,montage,0.5,montage_11,0,MaxTP,0.0001470853267926,8430.72488172628,0
wfcommons,deterministic,montage,0.5,montage_12,0,HEFT_static,9.79460219588887e-05,10562.14945965035,0
wfcommons,deterministic,montage,0.5,montage_12,0,CPoP_static,9.830999037470844e-05,10579.14127394721,0
wfcommons,deterministic,montage,0.5,montage_12,0,HEFT-Tp_static,9.88628838962224e-05,11374.49674273971,0
wfcommons,deterministic,montage,0.5,montage_12,0,CPoP-Tp_static,9.908472304925524e-05,11980.6077198873,0
wfcommons,deterministic,montage,0.5,montage_12,0,FastestNode,3.167741423064396e-05,31568.23321243892,0
wfcommons,deterministic,montage,0.5,montage_12,0,MaxTP,9.307891874818555e-05,12233.692178074542,0
wfcommons,deterministic,montage,0.5,montage_14,0,HEFT_static,3.3682122472023815e-05,23864.33288016736,0
wfcommons,deterministic,montage,0.5,montage_14,0,CPoP_static,4.127907313832142e-05,25194.04851125732,0
wfcommons,deterministic,montage,0.5,montage_14,0,HEFT-Tp_static,4.233420286674858e-05,24659.817175825843,0
wfcommons,deterministic,montage,0.5,montage_14,0,CPoP-Tp_static,4.227961941763498e-05,25019.543088113984,0
wfcommons,deterministic,montage,0.5,montage_14,0,FastestNode,1.4675636813293708e-05,68140.1436082259,0
wfcommons,deterministic,montage,0.5,montage_14,0,MaxTP,4.2270399356245305e-05,25772.298621796243,0
wfcommons,deterministic,montage,0.5,montage_9,0,HEFT_static,7.57524326414126e-05,13301.391102027965,0
wfcommons,deterministic,montage,0.5,montage_9,0,CPoP_static,7.587449425484537e-05,13404.756608306048,0
wfcommons,deterministic,montage,0.5,montage_9,0,HEFT-Tp_static,7.672607911304508e-05,13628.033097075451,0
wfcommons,deterministic,montage,0.5,montage_9,0,CPoP-Tp_static,7.672186486828274e-05,15564.407506716829,0
wfcommons,deterministic,montage,0.5,montage_9,0,FastestNode,1.750720561215746e-05,57119.338297230825,0
wfcommons,deterministic,montage,0.5,montage_9,0,MaxTP,7.66537180068619e-05,13516.196900060017,0
wfcommons,deterministic,montage,0.5,montage_13,0,HEFT_static,4.1768310982545925e-05,24184.81644970303,0
wfcommons,deterministic,montage,0.5,montage_13,0,CPoP_static,4.206098598484093e-05,25074.443231912617,0
wfcommons,deterministic,montage,0.5,montage_13,0,HEFT-Tp_static,4.2264755096085865e-05,24411.653864927463,0
wfcommons,deterministic,montage,0.5,montage_13,0,CPoP-Tp_static,4.2264901971492125e-05,25191.08302651335,0
wfcommons,deterministic,montage,0.5,montage_13,0,FastestNode,1.635498747532416e-05,61143.42805268213,0
wfcommons,deterministic,montage,0.5,montage_13,0,MaxTP,4.047712132550672e-05,26473.4534888695,0
wfcommons,deterministic,montage,0.5,montage_15,0,HEFT_static,3.842476461455831e-05,21356.75833757225,0
wfcommons,deterministic,montage,0.5,montage_15,0,CPoP_static,4.54823744403351e-05,21240.05011109783,0
wfcommons,deterministic,montage,0.5,montage_15,0,HEFT-Tp_static,4.75091009302894e-05,21371.03146721093,0
wfcommons,deterministic,montage,0.5,montage_15,0,CPoP-Tp_static,4.7405849628542215e-05,21605.565809234144,0
wfcommons,deterministic,montage,0.5,montage_15,0,FastestNode,2.0547446686554575e-05,48667.84740969105,0
wfcommons,deterministic,montage,0.5,montage_15,0,MaxTP,4.7478152952179664e-05,21506.73550599435,0
wfcommons,deterministic,montage,0.5,montage_16,0,HEFT_static,2.84901230110531e-05,35989.949023690584,0
wfcommons,deterministic,montage,0.5,montage_16,0,CPoP_static,2.8490123011053105e-05,36037.76033164657,0
wfcommons,deterministic,montage,0.5,montage_16,0,HEFT-Tp_static,2.9831657774917623e-05,37816.21512429834,0
wfcommons,deterministic,montage,0.5,montage_16,0,CPoP-Tp_static,2.9831657774917623e-05,37289.32147725776,0
wfcommons,deterministic,montage,0.5,montage_16,0,FastestNode,1.502377195844882e-05,66561.18069188588,0
wfcommons,deterministic,montage,0.5,montage_16,0,MaxTP,2.5328741132854657e-05,42016.65258378705,0
wfcommons,deterministic,montage,0.5,montage_19,0,HEFT_static,3.382180833434896e-05,22727.28993393768,0
wfcommons,deterministic,montage,0.5,montage_19,0,CPoP_static,4.448945548309722e-05,22781.943901073555,0
wfcommons,deterministic,montage,0.5,montage_19,0,HEFT-Tp_static,3.757978703827686e-05,22901.80499750254,0
wfcommons,deterministic,montage,0.5,montage_19,0,CPoP-Tp_static,3.963493164201749e-05,24074.54433217733,0
wfcommons,deterministic,montage,0.5,montage_19,0,FastestNode,2.288476709887225e-05,43697.18929974514,0
wfcommons,deterministic,montage,0.5,montage_19,0,MaxTP,3.62376517867852e-05,22682.919622924168,0
wfcommons,deterministic,montage,0.5,montage_21,0,HEFT_static,8.650620249847052e-05,11723.89061113218,0
wfcommons,deterministic,montage,0.5,montage_21,0,CPoP_static,8.704400248706599e-05,11652.468170211954,0
wfcommons,deterministic,montage,0.5,montage_21,0,HEFT-Tp_static,8.767136611907772e-05,12990.097594927302,0
wfcommons,deterministic,montage,0.5,montage_21,0,CPoP-Tp_static,8.758197887646961e-05,12571.308637178989,0
wfcommons,deterministic,montage,0.5,montage_21,0,FastestNode,3.8900053938472995e-05,25706.905229017648,0
wfcommons,deterministic,montage,0.5,montage_21,0,MaxTP,8.750195577165406e-05,12531.568469212782,0
wfcommons,deterministic,montage,0.5,montage_18,0,HEFT_static,6.277717498746697e-05,16058.87129549198,0
wfcommons,deterministic,montage,0.5,montage_18,0,CPoP_static,5.928836489144733e-05,16221.468578924643,0
wfcommons,deterministic,montage,0.5,montage_18,0,HEFT-Tp_static,6.291957578539079e-05,16695.623656830372,0
wfcommons,deterministic,montage,0.5,montage_18,0,CPoP-Tp_static,6.29041737517014e-05,16963.08198469595,0
wfcommons,deterministic,montage,0.5,montage_18,0,FastestNode,2.5731412484243652e-05,38863.00453239164,0
wfcommons,deterministic,montage,0.5,montage_18,0,MaxTP,5.929075450413552e-05,18300.1902587652,0
wfcommons,deterministic,montage,0.5,montage_20,0,HEFT_static,0.0002130108360443,5013.021466854355,0
wfcommons,deterministic,montage,0.5,montage_20,0,CPoP_static,0.0002123633163002,5016.27136073447,0
wfcommons,deterministic,montage,0.5,montage_20,0,HEFT-Tp_static,0.0002203430665102,5909.530073442617,0
wfcommons,deterministic,montage,0.5,montage_20,0,CPoP-Tp_static,0.0002202867725281,6291.343687382127,0
wfcommons,deterministic,montage,0.5,montage_20,0,FastestNode,4.757673234230337e-05,21018.677634378833,0
wfcommons,deterministic,montage,0.5,montage_20,0,MaxTP,0.000219990637021,5979.126793580234,0
wfcommons,deterministic,montage,0.5,montage_22,0,HEFT_static,0.0002204847924216,5181.2878981007425,0
wfcommons,deterministic,montage,0.5,montage_22,0,CPoP_static,0.0001068525952681,9680.94654708549,0
wfcommons,deterministic,montage,0.5,montage_22,0,HEFT-Tp_static,0.0002262498690146,6427.168436086402,0
wfcommons,deterministic,montage,0.5,montage_22,0,CPoP-Tp_static,0.0001110375166251,10254.54261328502,0
wfcommons,deterministic,montage,0.5,montage_22,0,FastestNode,6.348267832330969e-05,15752.328452607491,0
wfcommons,deterministic,montage,0.5,montage_22,0,MaxTP,0.0002267210269753,6220.385339625382,0
wfcommons,deterministic,montage,0.5,montage_17,0,HEFT_static,7.671599304286228e-05,13204.667758394877,0
wfcommons,deterministic,montage,0.5,montage_17,0,CPoP_static,7.667153403865574e-05,13394.586471735322,0
wfcommons,deterministic,montage,0.5,montage_17,0,HEFT-Tp_static,7.738223676468336e-05,14026.241468994323,0
wfcommons,deterministic,montage,0.5,montage_17,0,CPoP-Tp_static,7.738490126518583e-05,14020.342255265286,0
wfcommons,deterministic,montage,0.5,montage_17,0,FastestNode,1.691545782733563e-05,59117.52494123956,0
wfcommons,deterministic,montage,0.5,montage_17,0,MaxTP,7.500144062973724e-05,14804.649217467428,0
wfcommons,deterministic,montage,0.5,montage_24,0,HEFT_static,6.536806895997223e-05,15538.25127600379,0
wfcommons,deterministic,montage,0.5,montage_24,0,CPoP_static,6.513394634391594e-05,15585.40092811962,0
wfcommons,deterministic,montage,0.5,montage_24,0,HEFT-Tp_static,6.551569256690377e-05,15767.73264107677,0
wfcommons,deterministic,montage,0.5,montage_24,0,CPoP-Tp_static,6.556871428639367e-05,15891.527756050931,0
wfcommons,deterministic,montage,0.5,montage_24,0,FastestNode,2.026272706252782e-05,49351.698659027774,0
wfcommons,deterministic,montage,0.5,montage_24,0,MaxTP,6.558646092348196e-05,15781.992853127846,0
wfcommons,deterministic,montage,0.5,montage_26,0,HEFT_static,2.511430981376634e-05,32262.81305073322,0
wfcommons,deterministic,montage,0.5,montage_26,0,CPoP_static,2.273986597708385e-05,32416.106101120055,0
wfcommons,deterministic,montage,0.5,montage_26,0,HEFT-Tp_static,2.707126902021595e-05,32487.75715203708,0
wfcommons,deterministic,montage,0.5,montage_26,0,CPoP-Tp_static,2.5317664549289013e-05,32398.088030651816,0
wfcommons,deterministic,montage,0.5,montage_26,0,FastestNode,1.913620610173295e-05,52256.96225697743,0
wfcommons,deterministic,montage,0.5,montage_26,0,MaxTP,2.6385920437474847e-05,32439.67018117764,0
wfcommons,deterministic,montage,0.5,montage_23,0,HEFT_static,3.6359685724059365e-05,25486.096710921112,0
wfcommons,deterministic,montage,0.5,montage_23,0,CPoP_static,3.928327016352565e-05,25751.597579378067,0
wfcommons,deterministic,montage,0.5,montage_23,0,HEFT-Tp_static,3.980844179075114e-05,25824.149615056056,0
wfcommons,deterministic,montage,0.5,montage_23,0,CPoP-Tp_static,3.978444282456325e-05,26230.510361306297,0
wfcommons,deterministic,montage,0.5,montage_23,0,FastestNode,1.4999699262787491e-05,66668.00330329846,0
wfcommons,deterministic,montage,0.5,montage_23,0,MaxTP,3.623241491563093e-05,31353.87416099312,0
wfcommons,deterministic,montage,0.5,montage_28,0,HEFT_static,4.837273043845327e-05,16787.545246012145,0
wfcommons,deterministic,montage,0.5,montage_28,0,CPoP_static,5.760752443007354e-05,16751.585819807548,0
wfcommons,deterministic,montage,0.5,montage_28,0,HEFT-Tp_static,5.029228323381585e-05,16799.76672857419,0
wfcommons,deterministic,montage,0.5,montage_28,0,CPoP-Tp_static,5.65788186378183e-05,16932.14277979237,0
wfcommons,deterministic,montage,0.5,montage_28,0,FastestNode,3.391650149594538e-05,29484.173068957218,0
wfcommons,deterministic,montage,0.5,montage_28,0,MaxTP,5.6078121127306015e-05,16957.255881908153,0
wfcommons,deterministic,montage,0.5,montage_25,0,HEFT_static,5.15092995634386e-05,19682.275586195847,0
wfcommons,deterministic,montage,0.5,montage_25,0,CPoP_static,5.1111132151248866e-05,20401.69477587868,0
wfcommons,deterministic,montage,0.5,montage_25,0,HEFT-Tp_static,5.179532126232588e-05,20711.51232227328,0
wfcommons,deterministic,montage,0.5,montage_25,0,CPoP-Tp_static,5.1778281218636456e-05,21602.711864995075,0
wfcommons,deterministic,montage,0.5,montage_25,0,FastestNode,1.531158022136473e-05,65310.04543898536,0
wfcommons,deterministic,montage,0.5,montage_25,0,MaxTP,4.63203281834455e-05,23930.942340101483,0
wfcommons,deterministic,montage,0.5,montage_27,0,HEFT_static,4.846690140843598e-05,19815.928341107345,0
wfcommons,deterministic,montage,0.5,montage_27,0,CPoP_static,5.0479248413584166e-05,19918.691198538538,0
wfcommons,deterministic,montage,0.5,montage_27,0,HEFT-Tp_static,4.963010704365909e-05,19959.573084752283,0
wfcommons,deterministic,montage,0.5,montage_27,0,CPoP-Tp_static,5.003034984154615e-05,20071.316524563885,0
wfcommons,deterministic,montage,0.5,montage_27,0,FastestNode,2.6986264027649515e-05,37055.888839426705,0
wfcommons,deterministic,montage,0.5,montage_27,0,MaxTP,4.1358422537154645e-05,20155.92424179489,0
wfcommons,deterministic,montage,1.0,montage_2,0,HEFT_static,5.238577445230357e-05,10214.115037973252,0
wfcommons,deterministic,montage,1.0,montage_2,0,CPoP_static,5.9053054836051185e-05,10289.909585736114,0
wfcommons,deterministic,montage,1.0,montage_2,0,HEFT-Tp_static,7.217595591131245e-05,10589.81130671679,0
wfcommons,deterministic,montage,1.0,montage_2,0,CPoP-Tp_static,7.217595591131245e-05,10810.346348594549,0
wfcommons,deterministic,montage,1.0,montage_2,0,FastestNode,5.550267117512485e-05,18017.150865491665,0
wfcommons,deterministic,montage,1.0,montage_2,0,MaxTP,7.733138133268981e-05,10773.397047409791,0
wfcommons,deterministic,montage,1.0,montage_0,0,HEFT_static,1.3788587663890534e-05,28854.39728974691,0
wfcommons,deterministic,montage,1.0,montage_0,0,CPoP_static,1.429129658915862e-05,28799.28349277159,0
wfcommons,deterministic,montage,1.0,montage_0,0,HEFT-Tp_static,1.9188314301011212e-05,29667.96235207247,0
wfcommons,deterministic,montage,1.0,montage_0,0,CPoP-Tp_static,2.472008058486767e-05,29161.94317945634,0
wfcommons,deterministic,montage,1.0,montage_0,0,FastestNode,1.793162945947547e-05,55767.3803298215,0
wfcommons,deterministic,montage,1.0,montage_0,0,MaxTP,1.9188314301145396e-05,30446.428754447,0
wfcommons,deterministic,montage,1.0,montage_1,0,HEFT_static,9.78466319671571e-05,7893.014293766061,0
wfcommons,deterministic,montage,1.0,montage_1,0,CPoP_static,9.25576248523088e-05,7963.302653187999,0
wfcommons,deterministic,montage,1.0,montage_1,0,HEFT-Tp_static,0.0001394680777285,8782.939875500662,0
wfcommons,deterministic,montage,1.0,montage_1,0,CPoP-Tp_static,0.0001268382266494,9372.95027152237,0
wfcommons,deterministic,montage,1.0,montage_1,0,FastestNode,2.719908680703742e-05,36765.940235216374,0
wfcommons,deterministic,montage,1.0,montage_1,0,MaxTP,0.0001395217225264,8854.183079981824,0
wfcommons,deterministic,montage,1.0,montage_4,0,HEFT_static,7.527534334891447e-05,9572.76642961877,0
wfcommons,deterministic,montage,1.0,montage_4,0,CPoP_static,8.634524679807623e-05,9721.751693872053,0
wfcommons,deterministic,montage,1.0,montage_4,0,HEFT-Tp_static,0.0001120833219474,10581.50161426255,0
wfcommons,deterministic,montage,1.0,montage_4,0,CPoP-Tp_static,0.0001048477996833,11959.062086822603,0
wfcommons,deterministic,montage,1.0,montage_4,0,FastestNode,2.8049705673920572e-05,35650.99796857254,0
wfcommons,deterministic,montage,1.0,montage_4,0,MaxTP,0.0001012323583149,11137.304116968277,0
wfcommons,deterministic,montage,1.0,montage_3,0,HEFT_static,1.0048689622864196e-05,39854.52031967271,0
wfcommons,deterministic,montage,1.0,montage_3,0,CPoP_static,9.429065329833791e-06,39986.78028854048,0
wfcommons,deterministic,montage,1.0,montage_3,0,HEFT-Tp_static,1.4181618419160336e-05,43719.509872327595,0
wfcommons,deterministic,montage,1.0,montage_3,0,CPoP-Tp_static,1.4068165471817033e-05,43825.14557986885,0
wfcommons,deterministic,montage,1.0,montage_3,0,FastestNode,1.2802587404404142e-05,78109.21092840936,0
wfcommons,deterministic,montage,1.0,montage_3,0,MaxTP,1.4012117003806738e-05,43877.96343362751,0
wfcommons,deterministic,montage,0.5,montage_29,0,HEFT_static,8.452388211795246e-05,12104.293570058391,0
wfcommons,deterministic,montage,0.5,montage_29,0,CPoP_static,7.878972439046059e-05,13075.24748160029,0
wfcommons,deterministic,montage,0.5,montage_29,0,HEFT-Tp_static,8.557665378876741e-05,12482.092077644513,0
wfcommons,deterministic,montage,0.5,montage_29,0,CPoP-Tp_static,8.225603991258714e-05,17534.613131565493,0
wfcommons,deterministic,montage,0.5,montage_29,0,FastestNode,2.057143374041742e-05,48611.09889658613,0
wfcommons,deterministic,montage,0.5,montage_29,0,MaxTP,8.565430603535814e-05,12493.093518873737,0
wfcommons,deterministic,montage,1.0,montage_7,0,HEFT_static,2.027771726620013e-05,21545.565731536477,0
wfcommons,deterministic,montage,1.0,montage_7,0,CPoP_static,2.0546296303085782e-05,21787.56828026303,0
wfcommons,deterministic,montage,1.0,montage_7,0,HEFT-Tp_static,2.7700810193324965e-05,23049.008451365968,0
wfcommons,deterministic,montage,1.0,montage_7,0,CPoP-Tp_static,2.721483106742043e-05,24303.30803780345,0
wfcommons,deterministic,montage,1.0,montage_7,0,FastestNode,2.867923116855348e-05,34868.43821310283,0
wfcommons,deterministic,montage,1.0,montage_7,0,MaxTP,2.7700810193572295e-05,22235.7826421616,0
wfcommons,deterministic,montage,1.0,montage_6,0,HEFT_static,5.849805517075771e-05,11506.894014771617,0
wfcommons,deterministic,montage,1.0,montage_6,0,CPoP_static,6.142295791847345e-05,11396.497141015583,0
wfcommons,deterministic,montage,1.0,montage_6,0,HEFT-Tp_static,7.925542958807491e-05,13108.715839906245,0
wfcommons,deterministic,montage,1.0,montage_6,0,CPoP-Tp_static,7.22623034394492e-05,13488.414349817036,0
wfcommons,deterministic,montage,1.0,montage_6,0,FastestNode,2.8420274678440775e-05,35186.14831539915,0
wfcommons,deterministic,montage,1.0,montage_6,0,MaxTP,7.677869740385023e-05,12886.060563613284,0
wfcommons,deterministic,montage,1.0,montage_8,0,HEFT_static,5.119640592713087e-05,10716.097516064012,0
wfcommons,deterministic,montage,1.0,montage_8,0,CPoP_static,6.301096113987236e-05,12955.820394271504,0
wfcommons,deterministic,montage,1.0,montage_8,0,HEFT-Tp_static,7.619930184503197e-05,11229.21425770034,0
wfcommons,deterministic,montage,1.0,montage_8,0,CPoP-Tp_static,7.281266620747498e-05,15292.087923043222,0
wfcommons,deterministic,montage,1.0,montage_8,0,FastestNode,3.001259803176943e-05,33319.34139595191,0
wfcommons,deterministic,montage,1.0,montage_8,0,MaxTP,7.281266620747498e-05,11684.361282124251,0
wfcommons,deterministic,montage,1.0,montage_10,0,HEFT_static,1.4269898628902253e-05,28885.13158013482,0
wfcommons,deterministic,montage,1.0,montage_10,0,CPoP_static,1.6633066554527658e-05,29283.77944028419,0
wfcommons,deterministic,montage,1.0,montage_10,0,HEFT-Tp_static,2.637769140341603e-05,29943.968632352316,0
wfcommons,deterministic,montage,1.0,montage_10,0,CPoP-Tp_static,2.395771971516468e-05,29482.554218898964,0
wfcommons,deterministic,montage,1.0,montage_10,0,FastestNode,2.226808992470914e-05,44907.30922055327,0
wfcommons,deterministic,montage,1.0,montage_10,0,MaxTP,2.176159540897777e-05,31926.17241631335,0
wfcommons,deterministic,montage,1.0,montage_5,0,HEFT_static,3.4617481200447304e-05,18437.23616840512,0
wfcommons,deterministic,montage,1.0,montage_5,0,CPoP_static,3.356846661931491e-05,19238.121843112476,0
wfcommons,deterministic,montage,1.0,montage_5,0,HEFT-Tp_static,4.747540279017396e-05,20732.033723925808,0
wfcommons,deterministic,montage,1.0,montage_5,0,CPoP-Tp_static,5.035269992058025e-05,21013.69923077719,0
wfcommons,deterministic,montage,1.0,montage_5,0,FastestNode,1.8339912188963204e-05,54525.88811203748,0
wfcommons,deterministic,montage,1.0,montage_5,0,MaxTP,4.315945708197632e-05,28549.020301768815,0
wfcommons,deterministic,montage,1.0,montage_11,0,HEFT_static,0.0001012360491939,7619.896182694505,0
wfcommons,deterministic,montage,1.0,montage_11,0,CPoP_static,8.589725385895113e-05,7594.354198597291,0
wfcommons,deterministic,montage,1.0,montage_11,0,HEFT-Tp_static,0.0001349813988995,9293.66375890706,0
wfcommons,deterministic,montage,1.0,montage_11,0,CPoP-Tp_static,0.0001232438859538,9071.067464447926,0
wfcommons,deterministic,montage,1.0,montage_11,0,FastestNode,4.432872151056554e-05,22558.737674436532,0
wfcommons,deterministic,montage,1.0,montage_11,0,MaxTP,0.000141730468829,9285.322350286764,0
wfcommons,deterministic,montage,1.0,montage_12,0,HEFT_static,6.458894095078089e-05,10992.261052030104,0
wfcommons,deterministic,montage,1.0,montage_12,0,CPoP_static,7.566133082805762e-05,10993.179165868702,0
wfcommons,deterministic,montage,1.0,montage_12,0,HEFT-Tp_static,8.542408317643461e-05,12964.939122140508,0
wfcommons,deterministic,montage,1.0,montage_12,0,CPoP-Tp_static,9.457666351480564e-05,14330.884713558007,0
wfcommons,deterministic,montage,1.0,montage_12,0,FastestNode,3.167741423064396e-05,31568.23321243892,0
wfcommons,deterministic,montage,1.0,montage_12,0,MaxTP,9.307891874818554e-05,13046.047298390766,0
wfcommons,deterministic,montage,1.0,montage_14,0,HEFT_static,2.2067597482106312e-05,24191.36283871289,0
wfcommons,deterministic,montage,1.0,montage_14,0,CPoP_static,2.4852828232275062e-05,24968.72145063434,0
wfcommons,deterministic,montage,1.0,montage_14,0,HEFT-Tp_static,3.1998016343454484e-05,26811.638250479,0
wfcommons,deterministic,montage,1.0,montage_14,0,CPoP-Tp_static,3.0115780093227424e-05,25830.16446356765,0
wfcommons,deterministic,montage,1.0,montage_14,0,FastestNode,1.4675636813293708e-05,68140.1436082259,0
wfcommons,deterministic,montage,1.0,montage_14,0,MaxTP,2.8442681195050843e-05,26564.15636666911,0
wfcommons,deterministic,montage,1.0,montage_9,0,HEFT_static,5.474934468482484e-05,13564.770188130702,0
wfcommons,deterministic,montage,1.0,montage_9,0,CPoP_static,3.837570889087371e-05,13608.51600300301,0
wfcommons,deterministic,montage,1.0,montage_9,0,HEFT-Tp_static,6.622904598223e-05,14452.928668784358,0
wfcommons,deterministic,montage,1.0,montage_9,0,CPoP-Tp_static,5.951015726352657e-05,17659.35204958986,0
wfcommons,deterministic,montage,1.0,montage_9,0,FastestNode,1.750720561215746e-05,57119.338297230825,0
wfcommons,deterministic,montage,1.0,montage_9,0,MaxTP,6.731476804628435e-05,14925.324655285329,0
wfcommons,deterministic,montage,1.0,montage_13,0,HEFT_static,2.2674816522816e-05,24095.376458906645,0
wfcommons,deterministic,montage,1.0,montage_13,0,CPoP_static,2.4927281740240703e-05,26364.907899775193,0
wfcommons,deterministic,montage,1.0,montage_13,0,HEFT-Tp_static,2.7676614285224007e-05,25375.06305190641,0
wfcommons,deterministic,montage,1.0,montage_13,0,CPoP-Tp_static,2.7474595203270363e-05,27367.08242599165,0
wfcommons,deterministic,montage,1.0,montage_13,0,FastestNode,1.635498747532416e-05,61143.42805268213,0
wfcommons,deterministic,montage,1.0,montage_13,0,MaxTP,2.595875546767445e-05,26994.21864254872,0
wfcommons,deterministic,montage,1.0,montage_15,0,HEFT_static,1.9323436540258936e-05,21535.073391623315,0
wfcommons,deterministic,montage,1.0,montage_15,0,CPoP_static,2.1567448525208543e-05,21383.839807819317,0
wfcommons,deterministic,montage,1.0,montage_15,0,HEFT-Tp_static,3.4111780828859015e-05,23404.08857869145,0
wfcommons,deterministic,montage,1.0,montage_15,0,CPoP-Tp_static,3.309855961628114e-05,22500.631915774513,0
wfcommons,deterministic,montage,1.0,montage_15,0,FastestNode,2.0547446686554575e-05,48667.84740969105,0
wfcommons,deterministic,montage,1.0,montage_15,0,MaxTP,3.0116707400384575e-05,21857.168179483295,0
wfcommons,deterministic,montage,1.0,montage_16,0,HEFT_static,2.770611303387821e-05,36681.080425440494,0
wfcommons,deterministic,montage,1.0,montage_16,0,CPoP_static,2.76780664043186e-05,36728.891733396486,0
wfcommons,deterministic,montage,1.0,montage_16,0,HEFT-Tp_static,2.983165777491762e-05,39692.39625937708,0
wfcommons,deterministic,montage,1.0,montage_16,0,CPoP-Tp_static,2.983165777491762e-05,38671.58428075758,0
wfcommons,deterministic,montage,1.0,montage_16,0,FastestNode,1.502377195844882e-05,66561.18069188588,0
wfcommons,deterministic,montage,1.0,montage_16,0,MaxTP,2.5328741132854657e-05,42711.607668841185,0
wfcommons,deterministic,montage,1.0,montage_19,0,HEFT_static,1.7494038793443778e-05,22884.36649256848,0
wfcommons,deterministic,montage,1.0,montage_19,0,CPoP_static,2.2448102876393564e-05,22895.32290761132,0
wfcommons,deterministic,montage,1.0,montage_19,0,HEFT-Tp_static,2.6423287760175213e-05,24190.483141390545,0
wfcommons,deterministic,montage,1.0,montage_19,0,CPoP-Tp_static,3.474843321821596e-05,23870.240479238884,0
wfcommons,deterministic,montage,1.0,montage_19,0,FastestNode,2.288476709887225e-05,43697.18929974514,0
wfcommons,deterministic,montage,1.0,montage_19,0,MaxTP,2.850152387613738e-05,24589.443034622596,0
wfcommons,deterministic,montage,1.0,montage_21,0,HEFT_static,5.220917531234907e-05,12311.292084249597,0
wfcommons,deterministic,montage,1.0,montage_21,0,CPoP_static,5.4886568920787944e-05,12470.251316529366,0
wfcommons,deterministic,montage,1.0,montage_21,0,HEFT-Tp_static,7.135253958275381e-05,13030.721739873876,0
wfcommons,deterministic,montage,1.0,montage_21,0,CPoP-Tp_static,6.905084476240407e-05,13527.781235018403,0
wfcommons,deterministic,montage,1.0,montage_21,0,FastestNode,3.8900053938472995e-05,25706.905229017648,0
wfcommons,deterministic,montage,1.0,montage_21,0,MaxTP,6.689300586175826e-05,13439.809917703997,0
wfcommons,deterministic,montage,1.0,montage_18,0,HEFT_static,3.4443716749992984e-05,16294.515172361102,0
wfcommons,deterministic,montage,1.0,montage_18,0,CPoP_static,2.6789557469608657e-05,16754.012710322615,0
wfcommons,deterministic,montage,1.0,montage_18,0,HEFT-Tp_static,4.3573376607432046e-05,17356.209040194713,0
wfcommons,deterministic,montage,1.0,montage_18,0,CPoP-Tp_static,4.357337660795702e-05,18148.603892033498,0
wfcommons,deterministic,montage,1.0,montage_18,0,FastestNode,2.5731412484243652e-05,38863.00453239164,0
wfcommons,deterministic,montage,1.0,montage_18,0,MaxTP,4.410475924676984e-05,18245.08409091589,0
wfcommons,deterministic,montage,1.0,montage_20,0,HEFT_static,0.0001810265047019,5333.894426113633,0
wfcommons,deterministic,montage,1.0,montage_20,0,CPoP_static,0.0001629238542317,5495.358750053117,0
wfcommons,deterministic,montage,1.0,montage_20,0,HEFT-Tp_static,0.0002190281152252,6949.559261921459,0
wfcommons,deterministic,montage,1.0,montage_20,0,CPoP-Tp_static,0.0002172318055844,7296.956498285014,0
wfcommons,deterministic,montage,1.0,montage_20,0,FastestNode,4.757673234230337e-05,21018.677634378833,0
wfcommons,deterministic,montage,1.0,montage_20,0,MaxTP,0.0002186003710845,6775.732494848768,0
wfcommons,deterministic,montage,1.0,montage_22,0,HEFT_static,0.0001035586115574,5754.218010195075,0
wfcommons,deterministic,montage,1.0,montage_22,0,CPoP_static,0.0001048299472009,9539.258834922832,0
wfcommons,deterministic,montage,1.0,montage_22,0,HEFT-Tp_static,0.0002230493171823,7149.212819163759,0
wfcommons,deterministic,montage,1.0,montage_22,0,CPoP-Tp_static,0.0001110375166251,11129.55952002536,0
wfcommons,deterministic,montage,1.0,montage_22,0,FastestNode,6.348267832330969e-05,15752.328452607491,0
wfcommons,deterministic,montage,1.0,montage_22,0,MaxTP,0.0002071172231297,7466.948579962002,0
wfcommons,deterministic,montage,1.0,montage_17,0,HEFT_static,4.6450457097910775e-05,13800.868621338546,0
wfcommons,deterministic,montage,1.0,montage_17,0,CPoP_static,4.499888031360107e-05,13597.858690557325,0
wfcommons,deterministic,montage,1.0,montage_17,0,HEFT-Tp_static,7.578758787864152e-05,14772.44624358212,0
wfcommons,deterministic,montage,1.0,montage_17,0,CPoP-Tp_static,6.545291681978331e-05,15450.668465515104,0
wfcommons,deterministic,montage,1.0,montage_17,0,FastestNode,1.691545782733563e-05,59117.52494123956,0
wfcommons,deterministic,montage,1.0,montage_17,0,MaxTP,7.024215463586502e-05,16012.133979951008,0
wfcommons,deterministic,montage,1.0,montage_24,0,HEFT_static,4.050636580125665e-05,15818.17262674661,0
wfcommons,deterministic,montage,1.0,montage_24,0,CPoP_static,3.944040880648673e-05,15830.421641075904,0
wfcommons,deterministic,montage,1.0,montage_24,0,HEFT-Tp_static,5.352626908400368e-05,16856.286863491765,0
wfcommons,deterministic,montage,1.0,montage_24,0,CPoP-Tp_static,5.168053567211916e-05,16786.503356204317,0
wfcommons,deterministic,montage,1.0,montage_24,0,FastestNode,2.026272706252782e-05,49351.698659027774,0
wfcommons,deterministic,montage,1.0,montage_24,0,MaxTP,5.449947398714537e-05,16935.056607886705,0
wfcommons,deterministic,montage,1.0,montage_26,0,HEFT_static,1.3028048215797757e-05,32533.8350356101,0
wfcommons,deterministic,montage,1.0,montage_26,0,CPoP_static,1.175462996928558e-05,32533.882925952086,0
wfcommons,deterministic,montage,1.0,montage_26,0,HEFT-Tp_static,1.6456481956504792e-05,34321.28012388764,0
wfcommons,deterministic,montage,1.0,montage_26,0,CPoP-Tp_static,1.5952712100744825e-05,33970.89719327344,0
wfcommons,deterministic,montage,1.0,montage_26,0,FastestNode,1.913620610173295e-05,52256.96225697743,0
wfcommons,deterministic,montage,1.0,montage_26,0,MaxTP,1.7085964872991763e-05,33017.9964572236,0
wfcommons,deterministic,montage,1.0,montage_23,0,HEFT_static,1.8560572555437457e-05,25797.188577319976,0
wfcommons,deterministic,montage,1.0,montage_23,0,CPoP_static,2.2019064338144133e-05,25966.06362648385,0
wfcommons,deterministic,montage,1.0,montage_23,0,HEFT-Tp_static,2.9298093871414937e-05,28834.077718668457,0
wfcommons,deterministic,montage,1.0,montage_23,0,CPoP-Tp_static,2.444875419344846e-05,28205.025147972527,0
wfcommons,deterministic,montage,1.0,montage_23,0,FastestNode,1.4999699262787491e-05,66668.00330329846,0
wfcommons,deterministic,montage,1.0,montage_23,0,MaxTP,2.1748891767843376e-05,31827.33050625912,0
wfcommons,deterministic,montage,1.0,montage_28,0,HEFT_static,2.400313517952463e-05,17060.80954318311,0
wfcommons,deterministic,montage,1.0,montage_28,0,CPoP_static,3.370653025126714e-05,16964.310826560966,0
wfcommons,deterministic,montage,1.0,montage_28,0,HEFT-Tp_static,3.481773454548883e-05,17898.788562960865,0
wfcommons,deterministic,montage,1.0,montage_28,0,CPoP-Tp_static,4.0620690302698304e-05,18066.23533838888,0
wfcommons,deterministic,montage,1.0,montage_28,0,FastestNode,3.391650149594538e-05,29484.173068957218,0
wfcommons,deterministic,montage,1.0,montage_28,0,MaxTP,3.560015554680556e-05,17620.031550167565,0
wfcommons,deterministic,montage,1.0,montage_25,0,HEFT_static,3.073538092476965e-05,20122.372377099666,0
wfcommons,deterministic,montage,1.0,montage_25,0,CPoP_static,2.7394578654013027e-05,21120.195303594843,0
wfcommons,deterministic,montage,1.0,montage_25,0,HEFT-Tp_static,3.937970681514373e-05,23763.1848005218,0
wfcommons,deterministic,montage,1.0,montage_25,0,CPoP-Tp_static,4.131641370769178e-05,26145.762882976156,0
wfcommons,deterministic,montage,1.0,montage_25,0,FastestNode,1.531158022136473e-05,65310.04543898536,0
wfcommons,deterministic,montage,1.0,montage_25,0,MaxTP,3.761643636073432e-05,24759.01754755929,0
wfcommons,deterministic,montage,1.0,montage_27,0,HEFT_static,2.4815053521233983e-05,19983.458941504618,0
wfcommons,deterministic,montage,1.0,montage_27,0,CPoP_static,2.9263034812062535e-05,20095.849872292587,0
wfcommons,deterministic,montage,1.0,montage_27,0,HEFT-Tp_static,3.976771397460709e-05,21476.701579789195,0
wfcommons,deterministic,montage,1.0,montage_27,0,CPoP-Tp_static,3.8773521125415894e-05,20823.25852482076,0
wfcommons,deterministic,montage,1.0,montage_27,0,FastestNode,2.6986264027649515e-05,37055.888839426705,0
wfcommons,deterministic,montage,1.0,montage_27,0,MaxTP,3.926432519020759e-05,21496.001416559287,0
wfcommons,deterministic,montage,2.0,montage_2,0,HEFT_static,2.7524728949312268e-05,11362.893565492564,0
wfcommons,deterministic,montage,2.0,montage_2,0,CPoP_static,4.776350023021394e-05,10669.706665625165,0
wfcommons,deterministic,montage,2.0,montage_2,0,HEFT-Tp_static,5.599858647810878e-05,10692.960958490778,0
wfcommons,deterministic,montage,2.0,montage_2,0,CPoP-Tp_static,5.599858647810878e-05,10635.188355035853,0
wfcommons,deterministic,montage,2.0,montage_2,0,FastestNode,5.550267117512485e-05,18017.150865491665,0
wfcommons,deterministic,montage,2.0,montage_2,0,MaxTP,5.7998535994684105e-05,10692.96095849578,0
wfcommons,deterministic,montage,2.0,montage_0,0,HEFT_static,6.825693893359729e-06,29214.165533137,0
wfcommons,deterministic,montage,2.0,montage_0,0,CPoP_static,7.035715243940264e-06,29318.681341802065,0
wfcommons,deterministic,montage,2.0,montage_0,0,HEFT-Tp_static,1.1827279935190565e-05,30050.104827864005,0
wfcommons,deterministic,montage,2.0,montage_0,0,CPoP-Tp_static,2.212845923023476e-05,29526.384103730295,0
wfcommons,deterministic,montage,2.0,montage_0,0,FastestNode,1.793162945947547e-05,55767.3803298215,0
wfcommons,deterministic,montage,2.0,montage_0,0,MaxTP,1.1626817563438253e-05,30158.050985047004,0
wfcommons,deterministic,montage,2.0,montage_1,0,HEFT_static,5.350987685770793e-05,9073.750154218507,0
wfcommons,deterministic,montage,2.0,montage_1,0,CPoP_static,4.3905539991792337e-05,8843.92966782566,0
wfcommons,deterministic,montage,2.0,montage_1,0,HEFT-Tp_static,6.849264237427031e-05,10385.82826515398,0
wfcommons,deterministic,montage,2.0,montage_1,0,CPoP-Tp_static,8.153885998893874e-05,10937.234074805234,0
wfcommons,deterministic,montage,2.0,montage_1,0,FastestNode,2.719908680703742e-05,36765.940235216374,0
wfcommons,deterministic,montage,2.0,montage_1,0,MaxTP,7.134650247248477e-05,10348.81619731882,0
wfcommons,deterministic,montage,2.0,montage_4,0,HEFT_static,3.862813671732292e-05,10846.14441903083,0
wfcommons,deterministic,montage,2.0,montage_4,0,CPoP_static,4.7350619211848245e-05,10655.703872254431,0
wfcommons,deterministic,montage,2.0,montage_4,0,HEFT-Tp_static,6.11612164692287e-05,12532.641178866836,0
wfcommons,deterministic,montage,2.0,montage_4,0,CPoP-Tp_static,6.989853312225214e-05,14026.44676976499,0
wfcommons,deterministic,montage,2.0,montage_4,0,FastestNode,2.8049705673920572e-05,35650.99796857254,0
wfcommons,deterministic,montage,2.0,montage_4,0,MaxTP,6.672132707124068e-05,13250.949712783313,0
wfcommons,deterministic,montage,2.0,montage_3,0,HEFT_static,4.91206894973227e-06,40297.42883067367,0
wfcommons,deterministic,montage,2.0,montage_3,0,CPoP_static,4.791609493220914e-06,40329.19485005516,0
wfcommons,deterministic,montage,2.0,montage_3,0,HEFT-Tp_static,8.705547940298813e-06,44670.23124028583,0
wfcommons,deterministic,montage,2.0,montage_3,0,CPoP-Tp_static,9.206914575546233e-06,44934.320509106066,0
wfcommons,deterministic,montage,2.0,montage_3,0,FastestNode,1.2802587404404142e-05,78109.21092840936,0
wfcommons,deterministic,montage,2.0,montage_3,0,MaxTP,8.578149677771526e-06,44828.68480158575,0
wfcommons,deterministic,montage,1.0,montage_29,0,HEFT_static,5.777694488738515e-05,12410.690768759512,0
wfcommons,deterministic,montage,1.0,montage_29,0,CPoP_static,5.135728434553118e-05,13343.551437351898,0
wfcommons,deterministic,montage,1.0,montage_29,0,HEFT-Tp_static,8.534569609568091e-05,13330.067244829426,0
wfcommons,deterministic,montage,1.0,montage_29,0,CPoP-Tp_static,7.111008601820619e-05,15835.608860181796,0
wfcommons,deterministic,montage,1.0,montage_29,0,FastestNode,2.057143374041742e-05,48611.09889658613,0
wfcommons,deterministic,montage,1.0,montage_29,0,MaxTP,8.156745160911889e-05,14015.923114613766,0
wfcommons,deterministic,montage,2.0,montage_7,0,HEFT_static,9.233603398132249e-06,21980.971083688648,0
wfcommons,deterministic,montage,2.0,montage_7,0,CPoP_static,8.966736247865434e-06,22279.049780663707,0
wfcommons,deterministic,montage,2.0,montage_7,0,HEFT-Tp_static,1.686136272612953e-05,23855.17912784663,0
wfcommons,deterministic,montage,2.0,montage_7,0,CPoP-Tp_static,1.8689703262658625e-05,23759.628051645053,0
wfcommons,deterministic,montage,2.0,montage_7,0,FastestNode,2.867923116855348e-05,34868.43821310283,0
wfcommons,deterministic,montage,2.0,montage_7,0,MaxTP,1.7236059675549115e-05,23466.85563700223,0
wfcommons,deterministic,montage,2.0,montage_6,0,HEFT_static,4.236066064190211e-05,12676.08126157792,0
wfcommons,deterministic,montage,2.0,montage_6,0,CPoP_static,4.094863861777547e-05,12457.348632534298,0
wfcommons,deterministic,montage,2.0,montage_6,0,HEFT-Tp_static,4.3873541379112904e-05,15896.891891856112,0
wfcommons,deterministic,montage,2.0,montage_6,0,CPoP-Tp_static,5.849805517215056e-05,14390.956949515366,0
wfcommons,deterministic,montage,2.0,montage_6,0,FastestNode,2.8420274678440775e-05,35186.14831539915,0
wfcommons,deterministic,montage,2.0,montage_6,0,MaxTP,5.118579827563173e-05,14956.538744187868,0
wfcommons,deterministic,montage,2.0,montage_8,0,HEFT_static,3.0338610915286627e-05,11754.66918972694,0
wfcommons,deterministic,montage,2.0,montage_8,0,CPoP_static,3.723374976010874e-05,13597.54130969352,0
wfcommons,deterministic,montage,2.0,montage_8,0,HEFT-Tp_static,4.550791637082312e-05,13199.93668222546,0
wfcommons,deterministic,montage,2.0,montage_8,0,CPoP-Tp_static,5.460949965560628e-05,17252.665716903302,0
wfcommons,deterministic,montage,2.0,montage_8,0,FastestNode,3.001259803176943e-05,33319.34139595191,0
wfcommons,deterministic,montage,2.0,montage_8,0,MaxTP,4.964499968691479e-05,12282.52701970014,0
wfcommons,deterministic,montage,2.0,montage_10,0,HEFT_static,9.81726108649178e-06,30293.87504605275,0
wfcommons,deterministic,montage,2.0,montage_10,0,CPoP_static,1.0281068696730523e-05,29964.910591815253,0
wfcommons,deterministic,montage,2.0,montage_10,0,HEFT-Tp_static,1.592311859055297e-05,30050.215152810168,0
wfcommons,deterministic,montage,2.0,montage_10,0,CPoP-Tp_static,1.632119655523718e-05,30691.128907000133,0
wfcommons,deterministic,montage,2.0,montage_10,0,FastestNode,2.226808992470914e-05,44907.30922055327,0
wfcommons,deterministic,montage,2.0,montage_10,0,MaxTP,1.4348304664922357e-05,32695.216832503294,0
wfcommons,deterministic,montage,2.0,montage_5,0,HEFT_static,2.0263891434336103e-05,18905.982938752873,0
wfcommons,deterministic,montage,2.0,montage_5,0,CPoP_static,1.8259770301103857e-05,20282.92932537048,0
wfcommons,deterministic,montage,2.0,montage_5,0,HEFT-Tp_static,2.967212673803027e-05,29243.115407751164,0
wfcommons,deterministic,montage,2.0,montage_5,0,CPoP-Tp_static,3.323278194381659e-05,32581.054208327492,0
wfcommons,deterministic,montage,2.0,montage_5,0,FastestNode,1.8339912188963204e-05,54525.88811203748,0
wfcommons,deterministic,montage,2.0,montage_5,0,MaxTP,2.2762179419946416e-05,33100.367388214785,0
wfcommons,deterministic,montage,2.0,montage_11,0,HEFT_static,6.442294039323721e-05,8458.485462351568,0
wfcommons,deterministic,montage,2.0,montage_11,0,CPoP_static,7.459498359698247e-05,8217.26069696675,0
wfcommons,deterministic,montage,2.0,montage_11,0,HEFT-Tp_static,7.873914935559361e-05,10348.809145230767,0
wfcommons,deterministic,montage,2.0,montage_11,0,CPoP-Tp_static,6.749069944979422e-05,10570.959865614996,0
wfcommons,deterministic,montage,2.0,montage_11,0,FastestNode,4.432872151056554e-05,22558.737674436532,0
wfcommons,deterministic,montage,2.0,montage_11,0,MaxTP,8.858154304472762e-05,11171.73223132067,0
wfcommons,deterministic,montage,2.0,montage_12,0,HEFT_static,3.6779813587777506e-05,11640.93488177824,0
wfcommons,deterministic,montage,2.0,montage_12,0,CPoP_static,5.296293157964037e-05,11899.292316701223,0
wfcommons,deterministic,montage,2.0,montage_12,0,HEFT-Tp_static,5.296293157964037e-05,13754.657017116826,0
wfcommons,deterministic,montage,2.0,montage_12,0,CPoP-Tp_static,5.296293157328483e-05,16850.745567117934,0
wfcommons,deterministic,montage,2.0,montage_12,0,FastestNode,3.167741423064396e-05,31568.23321243892,0
wfcommons,deterministic,montage,2.0,montage_12,0,MaxTP,5.296293156692927e-05,14209.263463576995,0
wfcommons,deterministic,montage,2.0,montage_14,0,HEFT_static,1.040585897403316e-05,24997.48749682031,0
wfcommons,deterministic,montage,2.0,montage_14,0,CPoP_static,9.84554349178946e-06,25425.564286045905,0
wfcommons,deterministic,montage,2.0,montage_14,0,HEFT-Tp_static,1.580148955255242e-05,26716.90375165991,0
wfcommons,deterministic,montage,2.0,montage_14,0,CPoP-Tp_static,1.753315964331733e-05,27966.3466169561,0
wfcommons,deterministic,montage,2.0,montage_14,0,FastestNode,1.4675636813293708e-05,68140.1436082259,0
wfcommons,deterministic,montage,2.0,montage_14,0,MaxTP,1.5999008171927226e-05,28670.467228448902,0
wfcommons,deterministic,montage,2.0,montage_9,0,HEFT_static,2.4154122652512288e-05,14061.416951011724,0
wfcommons,deterministic,montage,2.0,montage_9,0,CPoP_static,2.2812226952010348e-05,14193.231966250069,0
wfcommons,deterministic,montage,2.0,montage_9,0,HEFT-Tp_static,3.732909864874422e-05,16598.545623689846,0
wfcommons,deterministic,montage,2.0,montage_9,0,CPoP-Tp_static,3.802037824771794e-05,19822.832235452013,0
wfcommons,deterministic,montage,2.0,montage_9,0,FastestNode,1.750720561215746e-05,57119.338297230825,0
wfcommons,deterministic,montage,2.0,montage_9,0,MaxTP,3.601930571370056e-05,17411.014519638436,0
wfcommons,deterministic,montage,2.0,montage_13,0,HEFT_static,1.120243911551839e-05,24352.02704512118,0
wfcommons,deterministic,montage,2.0,montage_13,0,CPoP_static,1.2064165201167314e-05,26683.907032849325,0
wfcommons,deterministic,montage,2.0,montage_13,0,HEFT-Tp_static,1.58152081626363e-05,28889.693397084833,0
wfcommons,deterministic,montage,2.0,montage_13,0,CPoP-Tp_static,2.8953996485771257e-05,28672.436965236306,0
wfcommons,deterministic,montage,2.0,montage_13,0,FastestNode,1.635498747532416e-05,61143.42805268213,0
wfcommons,deterministic,montage,2.0,montage_13,0,MaxTP,1.4476998241549292e-05,30112.09676300617,0
wfcommons,deterministic,montage,2.0,montage_15,0,HEFT_static,1.1448474388303846e-05,22229.905011772888,0
wfcommons,deterministic,montage,2.0,montage_15,0,CPoP_static,1.1448474388225431e-05,22167.181284454015,0
wfcommons,deterministic,montage,2.0,montage_15,0,HEFT-Tp_static,1.8571969562109275e-05,23222.266758267935,0
wfcommons,deterministic,montage,2.0,montage_15,0,CPoP-Tp_static,1.878064337843145e-05,23657.176321315263,0
wfcommons,deterministic,montage,2.0,montage_15,0,FastestNode,2.0547446686554575e-05,48667.84740969105,0
wfcommons,deterministic,montage,2.0,montage_15,0,MaxTP,1.8168231093437985e-05,24877.105487894485,0
wfcommons,deterministic,montage,2.0,montage_16,0,HEFT_static,2.685814959767736e-05,38063.34322894032,0
wfcommons,deterministic,montage,2.0,montage_16,0,CPoP_static,2.494660100135976e-05,38111.154536896305,0
wfcommons,deterministic,montage,2.0,montage_16,0,HEFT-Tp_static,2.979914526293927e-05,43736.55016498539,0
wfcommons,deterministic,montage,2.0,montage_16,0,CPoP-Tp_static,2.983165777491762e-05,41240.127376762845,0
wfcommons,deterministic,montage,2.0,montage_16,0,FastestNode,1.502377195844882e-05,66561.18069188588,0
wfcommons,deterministic,montage,2.0,montage_16,0,MaxTP,2.494660100135976e-05,44348.87827413784,0
wfcommons,deterministic,montage,2.0,montage_19,0,HEFT_static,8.807762586969731e-06,23803.742219628813,0
wfcommons,deterministic,montage,2.0,montage_19,0,CPoP_static,1.0748456038147438e-05,23742.57889018876,0
wfcommons,deterministic,montage,2.0,montage_19,0,HEFT-Tp_static,1.7374216608869977e-05,24991.89633530315,0
wfcommons,deterministic,montage,2.0,montage_19,0,CPoP-Tp_static,2.5366356246364877e-05,24843.58646597844,0
wfcommons,deterministic,montage,2.0,montage_19,0,FastestNode,2.288476709887225e-05,43697.18929974514,0
wfcommons,deterministic,montage,2.0,montage_19,0,MaxTP,1.8118825891968975e-05,24826.46396161049,0
wfcommons,deterministic,montage,2.0,montage_18,0,HEFT_static,1.6439046628757024e-05,17048.07652019513,0
wfcommons,deterministic,montage,2.0,montage_18,0,CPoP_static,1.7387453164718378e-05,17345.768650795235,0
wfcommons,deterministic,montage,2.0,montage_18,0,HEFT-Tp_static,2.411060172246921e-05,18884.937911334157,0
wfcommons,deterministic,montage,2.0,montage_18,0,CPoP-Tp_static,2.5468945479496653e-05,18821.615081554653,0
wfcommons,deterministic,montage,2.0,montage_18,0,FastestNode,2.5731412484243652e-05,38863.00453239164,0
wfcommons,deterministic,montage,2.0,montage_18,0,MaxTP,2.4436420667922928e-05,19507.989899957734,0
wfcommons,deterministic,montage,2.0,montage_21,0,HEFT_static,3.822457478275501e-05,13097.640332935716,0
wfcommons,deterministic,montage,2.0,montage_21,0,CPoP_static,4.45953372481402e-05,12586.161014804924,0
wfcommons,deterministic,montage,2.0,montage_21,0,HEFT-Tp_static,3.9640299768783825e-05,15469.811472910746,0
wfcommons,deterministic,montage,2.0,montage_21,0,CPoP-Tp_static,3.344650293610515e-05,16645.3032534088,0
wfcommons,deterministic,montage,2.0,montage_21,0,FastestNode,3.8900053938472995e-05,25706.905229017648,0
wfcommons,deterministic,montage,2.0,montage_21,0,MaxTP,3.822457478412017e-05,16373.319681583607,0
wfcommons,deterministic,montage,2.0,montage_20,0,HEFT_static,8.574939695505145e-05,6143.867108655795,0
wfcommons,deterministic,montage,2.0,montage_20,0,CPoP_static,6.78849392632282e-05,6399.88971321617,0
wfcommons,deterministic,montage,2.0,montage_20,0,HEFT-Tp_static,0.0001481125947561,8306.795462646685,0
wfcommons,deterministic,montage,2.0,montage_20,0,CPoP-Tp_static,0.0001163741815941,8601.785447625445,0
wfcommons,deterministic,montage,2.0,montage_20,0,FastestNode,4.757673234230337e-05,21018.677634378833,0
wfcommons,deterministic,montage,2.0,montage_20,0,MaxTP,0.0001253260417167,8266.840162041117,0
wfcommons,deterministic,montage,2.0,montage_22,0,HEFT_static,5.177930577873859e-05,6311.0373493580355,0
wfcommons,deterministic,montage,2.0,montage_22,0,CPoP_static,8.528356245014047e-05,9969.6640108447,0
wfcommons,deterministic,montage,2.0,montage_22,0,HEFT-Tp_static,0.0001318018692284,8253.507448732737,0
wfcommons,deterministic,montage,2.0,montage_22,0,CPoP-Tp_static,0.0001110375166251,12329.665696943675,0
wfcommons,deterministic,montage,2.0,montage_22,0,FastestNode,6.348267832330969e-05,15752.328452607491,0
wfcommons,deterministic,montage,2.0,montage_22,0,MaxTP,0.0001208183801288,8690.473097397602,0
wfcommons,deterministic,montage,2.0,montage_17,0,HEFT_static,1.9458975270220494e-05,14466.904791848572,0
wfcommons,deterministic,montage,2.0,montage_17,0,CPoP_static,2.3999402829920664e-05,14697.51972485872,0
wfcommons,deterministic,montage,2.0,montage_17,0,HEFT-Tp_static,3.692215820603162e-05,16943.602245460366,0
wfcommons,deterministic,montage,2.0,montage_17,0,CPoP-Tp_static,3.789379393932076e-05,18075.75580242465,0
wfcommons,deterministic,montage,2.0,montage_17,0,FastestNode,1.691545782733563e-05,59117.52494123956,0
wfcommons,deterministic,montage,2.0,montage_17,0,MaxTP,3.692215819751112e-05,17690.456377763454,0
wfcommons,deterministic,montage,2.0,montage_24,0,HEFT_static,2.2040228450359652e-05,16703.078906574985,0
wfcommons,deterministic,montage,2.0,montage_24,0,CPoP_static,1.9214558134030132e-05,16747.990025760395,0
wfcommons,deterministic,montage,2.0,montage_24,0,HEFT-Tp_static,3.058643947571526e-05,18407.06078911228,0
wfcommons,deterministic,montage,2.0,montage_24,0,CPoP-Tp_static,2.9974710689333e-05,18642.059145624546,0
wfcommons,deterministic,montage,2.0,montage_24,0,FastestNode,2.026272706252782e-05,49351.698659027774,0
wfcommons,deterministic,montage,2.0,montage_24,0,MaxTP,2.8278028952393013e-05,18629.65242572287,0
wfcommons,deterministic,montage,2.0,montage_26,0,HEFT_static,6.738645628840572e-06,32907.23452745729,0
wfcommons,deterministic,montage,2.0,montage_26,0,CPoP_static,6.40723682750323e-06,33123.83064621972,0
wfcommons,deterministic,montage,2.0,montage_26,0,HEFT-Tp_static,1.0932627873053604e-05,38056.37379367677,0
wfcommons,deterministic,montage,2.0,montage_26,0,CPoP-Tp_static,1.0353415800305686e-05,36716.637877815985,0
wfcommons,deterministic,montage,2.0,montage_26,0,FastestNode,1.913620610173295e-05,52256.96225697743,0
wfcommons,deterministic,montage,2.0,montage_26,0,MaxTP,1.0021575550269935e-05,35622.913082720275,0
wfcommons,deterministic,montage,2.0,montage_23,0,HEFT_static,8.81858049293286e-06,25843.987185644535,0
wfcommons,deterministic,montage,2.0,montage_23,0,CPoP_static,1.0426674582607937e-05,26070.185654553927,0
wfcommons,deterministic,montage,2.0,montage_23,0,HEFT-Tp_static,1.5686147602611637e-05,29431.990687555244,0
wfcommons,deterministic,montage,2.0,montage_23,0,CPoP-Tp_static,1.3129886511383592e-05,29300.534629270343,0
wfcommons,deterministic,montage,2.0,montage_23,0,FastestNode,1.4999699262787491e-05,66668.00330329846,0
wfcommons,deterministic,montage,2.0,montage_23,0,MaxTP,1.3847927181410965e-05,35311.99023430969,0
wfcommons,deterministic,montage,2.0,montage_28,0,HEFT_static,1.2474070251015437e-05,17365.165552917304,0
wfcommons,deterministic,montage,2.0,montage_28,0,CPoP_static,1.980258652189264e-05,17196.052630156533,0
wfcommons,deterministic,montage,2.0,montage_28,0,HEFT-Tp_static,2.2631527453672407e-05,18867.79935154965,0
wfcommons,deterministic,montage,2.0,montage_28,0,CPoP-Tp_static,2.4372414180556574e-05,17913.63504747345,0
wfcommons,deterministic,montage,2.0,montage_28,0,FastestNode,3.391650149594538e-05,29484.173068957218,0
wfcommons,deterministic,montage,2.0,montage_28,0,MaxTP,2.3297160614299676e-05,18669.686365228554,0
wfcommons,deterministic,montage,2.0,montage_27,0,HEFT_static,1.4099462227840537e-05,20444.182418427765,0
wfcommons,deterministic,montage,2.0,montage_27,0,CPoP_static,1.3370179698914898e-05,21123.75656300273,0
wfcommons,deterministic,montage,2.0,montage_27,0,HEFT-Tp_static,2.584901408210277e-05,21571.342200088973,0
wfcommons,deterministic,montage,2.0,montage_27,0,CPoP-Tp_static,2.461810864989521e-05,21232.579553382835,0
wfcommons,deterministic,montage,2.0,montage_27,0,FastestNode,2.6986264027649515e-05,37055.888839426705,0
wfcommons,deterministic,montage,2.0,montage_27,0,MaxTP,2.584901408210277e-05,21663.1104232995,0
wfcommons,deterministic,montage,2.0,montage_25,0,HEFT_static,1.4652914163774417e-05,21060.043900206136,0
wfcommons,deterministic,montage,2.0,montage_25,0,CPoP_static,1.0863367397187364e-05,22109.74998232737,0
wfcommons,deterministic,montage,2.0,montage_25,0,HEFT-Tp_static,2.1358485048299253e-05,25648.457909541292,0
wfcommons,deterministic,montage,2.0,montage_25,0,CPoP-Tp_static,2.210790558043156e-05,25498.911314899204,0
wfcommons,deterministic,montage,2.0,montage_25,0,FastestNode,1.531158022136473e-05,65310.04543898536,0
wfcommons,deterministic,montage,2.0,montage_25,0,MaxTP,1.9689853405110635e-05,30605.348491433346,0
wfcommons,deterministic,montage,5.0,montage_2,0,HEFT_static,1.623959007932353e-05,11710.552448436936,0
wfcommons,deterministic,montage,5.0,montage_2,0,CPoP_static,3.093255252497453e-05,12411.53502006305,0
wfcommons,deterministic,montage,5.0,montage_2,0,HEFT-Tp_static,2.40586519679425e-05,11560.939947263476,0
wfcommons,deterministic,montage,5.0,montage_2,0,CPoP-Tp_static,5.413196690581688e-05,12797.376732423452,0
wfcommons,deterministic,montage,5.0,montage_2,0,FastestNode,5.550267117512485e-05,18017.150865491665,0
wfcommons,deterministic,montage,5.0,montage_2,0,MaxTP,2.40586519679425e-05,11083.93355301652,0
wfcommons,deterministic,montage,5.0,montage_0,0,HEFT_static,3.8110124236499304e-06,32396.050577719165,0
wfcommons,deterministic,montage,5.0,montage_0,0,CPoP_static,3.209273619982592e-06,32493.36628079328,0
wfcommons,deterministic,montage,5.0,montage_0,0,HEFT-Tp_static,5.433522663170249e-06,32817.863475791244,0
wfcommons,deterministic,montage,5.0,montage_0,0,CPoP-Tp_static,2.3860251679332748e-05,30194.84127959242,0
wfcommons,deterministic,montage,5.0,montage_0,0,FastestNode,1.793162945947547e-05,55767.3803298215,0
wfcommons,deterministic,montage,5.0,montage_0,0,MaxTP,4.944016117018076e-06,32594.59266859843,0
wfcommons,deterministic,montage,5.0,montage_1,0,HEFT_static,2.446165799143983e-05,10708.268622111493,0
wfcommons,deterministic,montage,5.0,montage_1,0,CPoP_static,2.0144894820796625e-05,10527.737364069131,0
wfcommons,deterministic,montage,5.0,montage_1,0,HEFT-Tp_static,2.8538600990183008e-05,15412.091208183938,0
wfcommons,deterministic,montage,5.0,montage_1,0,CPoP-Tp_static,4.566176159380568e-05,15439.559469430773,0
wfcommons,deterministic,montage,5.0,montage_1,0,FastestNode,2.719908680703742e-05,36765.940235216374,0
wfcommons,deterministic,montage,5.0,montage_1,0,MaxTP,2.8538600990183008e-05,17235.673893745094,0
wfcommons,deterministic,montage,5.0,montage_4,0,HEFT_static,2.096955993218218e-05,13026.708423043849,0
wfcommons,deterministic,montage,5.0,montage_4,0,CPoP_static,2.348590712907673e-05,12434.083329851312,0
wfcommons,deterministic,montage,5.0,montage_4,0,HEFT-Tp_static,2.0969559936675655e-05,17048.880866009084,0
wfcommons,deterministic,montage,5.0,montage_4,0,CPoP-Tp_static,2.66885308224307e-05,20755.3051912046,0
wfcommons,deterministic,montage,5.0,montage_4,0,FastestNode,2.8049705673920572e-05,35650.99796857254,0
wfcommons,deterministic,montage,5.0,montage_4,0,MaxTP,2.348590712437955e-05,19368.449366045425,0
wfcommons,deterministic,montage,2.0,montage_29,0,HEFT_static,2.773293354266314e-05,13687.025635515563,0
wfcommons,deterministic,montage,2.0,montage_29,0,CPoP_static,3.301539707830929e-05,14500.65066263273,0
wfcommons,deterministic,montage,2.0,montage_29,0,HEFT-Tp_static,4.0783725804559445e-05,17797.933582767015,0
wfcommons,deterministic,montage,2.0,montage_29,0,CPoP-Tp_static,5.546586709420087e-05,17979.184580816385,0
wfcommons,deterministic,montage,2.0,montage_29,0,FastestNode,2.057143374041742e-05,48611.09889658613,0
wfcommons,deterministic,montage,2.0,montage_29,0,MaxTP,5.777694488979258e-05,18019.757186852457,0
wfcommons,deterministic,montage,5.0,montage_3,0,HEFT_static,2.0934770047693833e-06,42426.18157186612,0
wfcommons,deterministic,montage,5.0,montage_3,0,CPoP_static,2.2401537375764076e-06,40361.85604106373,0
wfcommons,deterministic,montage,5.0,montage_3,0,HEFT-Tp_static,4.019475848938982e-06,45251.227632495094,0
wfcommons,deterministic,montage,5.0,montage_3,0,CPoP-Tp_static,5.210431655799338e-06,43439.1591766931,0
wfcommons,deterministic,montage,5.0,montage_3,0,FastestNode,1.2802587404404142e-05,78109.21092840936,0
wfcommons,deterministic,montage,5.0,montage_3,0,MaxTP,3.951731873965237e-06,45304.04548627569,0
wfcommons,deterministic,montage,5.0,montage_6,0,HEFT_static,1.8899371671002477e-05,14803.36168574704,0
wfcommons,deterministic,montage,5.0,montage_6,0,CPoP_static,2.2335621065730205e-05,14457.707087447983,0
wfcommons,deterministic,montage,5.0,montage_6,0,HEFT-Tp_static,1.7549416551645158e-05,22600.501815765383,0
wfcommons,deterministic,montage,5.0,montage_6,0,CPoP-Tp_static,2.456918316738939e-05,20644.228627708384,0
wfcommons,deterministic,montage,5.0,montage_6,0,FastestNode,2.8420274678440775e-05,35186.14831539915,0
wfcommons,deterministic,montage,5.0,montage_6,0,MaxTP,1.965534653469772e-05,20233.397587558644,0
wfcommons,deterministic,montage,5.0,montage_7,0,HEFT_static,5.214270154073248e-06,23557.8815387614,0
wfcommons,deterministic,montage,5.0,montage_7,0,CPoP_static,5.004017325302015e-06,23400.36713279254,0
wfcommons,deterministic,montage,5.0,montage_7,0,HEFT-Tp_static,7.854406940710167e-06,25657.13105789057,0
wfcommons,deterministic,montage,5.0,montage_7,0,CPoP-Tp_static,9.124972769014731e-06,23454.8751250892,0
wfcommons,deterministic,montage,5.0,montage_7,0,FastestNode,2.867923116855348e-05,34868.43821310283,0
wfcommons,deterministic,montage,5.0,montage_7,0,MaxTP,7.756226853964789e-06,25620.53748914211,0
wfcommons,deterministic,montage,5.0,montage_8,0,HEFT_static,1.5239860369006414e-05,13358.053163201752,0
wfcommons,deterministic,montage,5.0,montage_8,0,CPoP_static,2.0478562366372683e-05,14148.77537888828,0
wfcommons,deterministic,montage,5.0,montage_8,0,HEFT-Tp_static,1.4893499906074448e-05,18230.556297478463,0
wfcommons,deterministic,montage,5.0,montage_8,0,CPoP-Tp_static,3.6406333103737536e-05,21715.530637427382,0
wfcommons,deterministic,montage,5.0,montage_8,0,FastestNode,3.001259803176943e-05,33319.34139595191,0
wfcommons,deterministic,montage,5.0,montage_8,0,MaxTP,1.820316655186877e-05,18341.19666958654,0
wfcommons,deterministic,montage,5.0,montage_10,0,HEFT_static,4.0802991390834455e-06,31267.654955605583,0
wfcommons,deterministic,montage,5.0,montage_10,0,CPoP_static,4.927153677294449e-06,32059.58454762434,0
wfcommons,deterministic,montage,5.0,montage_10,0,HEFT-Tp_static,1.4507730266969642e-05,35170.022298961834,0
wfcommons,deterministic,montage,5.0,montage_10,0,CPoP-Tp_static,2.0087626522723824e-05,31862.88145570594,0
wfcommons,deterministic,montage,5.0,montage_10,0,FastestNode,2.226808992470914e-05,44907.30922055327,0
wfcommons,deterministic,montage,5.0,montage_10,0,MaxTP,7.154497120358796e-06,33115.64403914222,0
wfcommons,deterministic,montage,5.0,montage_5,0,HEFT_static,8.105556573932153e-06,21827.788278834018,0
wfcommons,deterministic,montage,5.0,montage_5,0,CPoP_static,1.089599408120453e-05,21919.82651377627,0
wfcommons,deterministic,montage,5.0,montage_5,0,HEFT-Tp_static,2.0770488720701115e-05,46606.48666741285,0
wfcommons,deterministic,montage,5.0,montage_5,0,CPoP-Tp_static,2.014107997158896e-05,35562.63678452538,0
wfcommons,deterministic,montage,5.0,montage_5,0,FastestNode,1.8339912188963204e-05,54525.88811203748,0
wfcommons,deterministic,montage,5.0,montage_5,0,MaxTP,8.52122614182611e-06,37015.35070460396,0
wfcommons,deterministic,montage,5.0,montage_11,0,HEFT_static,2.9837993446645097e-05,10073.482979125558,0
wfcommons,deterministic,montage,5.0,montage_11,0,CPoP_static,4.0494419677589775e-05,9945.707243738658,0
wfcommons,deterministic,montage,5.0,montage_11,0,HEFT-Tp_static,3.7794791689005176e-05,13807.209617290717,0
wfcommons,deterministic,montage,5.0,montage_11,0,CPoP-Tp_static,3.7794791689005176e-05,13506.666935463942,0
wfcommons,deterministic,montage,5.0,montage_11,0,FastestNode,4.432872151056554e-05,22558.737674436532,0
wfcommons,deterministic,montage,5.0,montage_11,0,MaxTP,3.334834560899197e-05,15055.204694974618,0
wfcommons,deterministic,montage,5.0,montage_12,0,HEFT_static,2.1185172622534676e-05,13486.999552278476,0
wfcommons,deterministic,montage,5.0,montage_12,0,CPoP_static,2.3027361556365384e-05,15366.664363066342,0
wfcommons,deterministic,montage,5.0,montage_12,0,HEFT-Tp_static,2.4074059800173243e-05,20595.796356475286,0
wfcommons,deterministic,montage,5.0,montage_12,0,CPoP-Tp_static,2.522044360935257e-05,24713.133499250835,0
wfcommons,deterministic,montage,5.0,montage_12,0,FastestNode,3.167741423064396e-05,31568.23321243892,0
wfcommons,deterministic,montage,5.0,montage_12,0,MaxTP,2.3027361550358244e-05,20230.58580593081,0
wfcommons,deterministic,montage,5.0,montage_14,0,HEFT_static,6.480610906055516e-06,26322.09941456783,0
wfcommons,deterministic,montage,5.0,montage_14,0,CPoP_static,5.119682615080713e-06,28019.92665035774,0
wfcommons,deterministic,montage,5.0,montage_14,0,HEFT-Tp_static,6.563695660250492e-06,31806.22671974945,0
wfcommons,deterministic,montage,5.0,montage_14,0,CPoP-Tp_static,1.023936523169732e-05,47371.16860428985,0
wfcommons,deterministic,montage,5.0,montage_14,0,FastestNode,1.4675636813293708e-05,68140.1436082259,0
wfcommons,deterministic,montage,5.0,montage_14,0,MaxTP,6.243515385181298e-06,32598.35948784736,0
wfcommons,deterministic,montage,5.0,montage_9,0,HEFT_static,1.0805791712830558e-05,15990.21934435454,0
wfcommons,deterministic,montage,5.0,montage_9,0,CPoP_static,1.0015124026612665e-05,17009.227802915786,0
wfcommons,deterministic,montage,5.0,montage_9,0,HEFT-Tp_static,1.3462953611022532e-05,18784.91582329114,0
wfcommons,deterministic,montage,5.0,montage_9,0,CPoP-Tp_static,2.346400486492498e-05,21323.546822495653,0
wfcommons,deterministic,montage,5.0,montage_9,0,FastestNode,1.750720561215746e-05,57119.338297230825,0
wfcommons,deterministic,montage,5.0,montage_9,0,MaxTP,1.2077061327534918e-05,20172.89998583688,0
wfcommons,deterministic,montage,5.0,montage_13,0,HEFT_static,4.562447930759426e-06,26051.90602051444,0
wfcommons,deterministic,montage,5.0,montage_13,0,CPoP_static,4.952657293195197e-06,26914.70284589086,0
wfcommons,deterministic,montage,5.0,montage_13,0,HEFT-Tp_static,1.1235879228756478e-05,53823.20289320659,0
wfcommons,deterministic,montage,5.0,montage_13,0,CPoP-Tp_static,1.0602871952535958e-05,57522.08932650461,0
wfcommons,deterministic,montage,5.0,montage_13,0,FastestNode,1.635498747532416e-05,61143.42805268213,0
wfcommons,deterministic,montage,5.0,montage_13,0,MaxTP,5.8812805361723e-06,34121.03654074653,0
wfcommons,deterministic,montage,5.0,montage_15,0,HEFT_static,5.571590868787569e-06,24512.80342377905,0
wfcommons,deterministic,montage,5.0,montage_15,0,CPoP_static,5.666024612359953e-06,23458.33357624614,0
wfcommons,deterministic,montage,5.0,montage_15,0,HEFT-Tp_static,7.347152795107656e-06,29190.003419184817,0
wfcommons,deterministic,montage,5.0,montage_15,0,CPoP-Tp_static,8.153547612491951e-06,27009.30522175591,0
wfcommons,deterministic,montage,5.0,montage_15,0,FastestNode,2.0547446686554575e-05,48667.84740969105,0
wfcommons,deterministic,montage,5.0,montage_15,0,MaxTP,7.189149508341033e-06,26563.670365095775,0
wfcommons,deterministic,montage,5.0,montage_16,0,HEFT_static,1.315366234138836e-05,42210.13163943979,0
wfcommons,deterministic,montage,5.0,montage_16,0,CPoP_static,9.978640400543906e-06,42257.94294739578,0
wfcommons,deterministic,montage,5.0,montage_16,0,HEFT-Tp_static,2.2260043970444087e-05,56186.072528570025,0
wfcommons,deterministic,montage,5.0,montage_16,0,CPoP-Tp_static,2.630732469234301e-05,51609.70918327073,0
wfcommons,deterministic,montage,5.0,montage_16,0,FastestNode,1.502377195844882e-05,66561.18069188588,0
wfcommons,deterministic,montage,5.0,montage_16,0,MaxTP,1.2057523817323886e-05,63687.7574251705,0
wfcommons,deterministic,montage,5.0,montage_19,0,HEFT_static,4.263253151305873e-06,26761.30622465072,0
wfcommons,deterministic,montage,5.0,montage_19,0,CPoP_static,7.460693014189698e-06,23793.353477475903,0
wfcommons,deterministic,montage,5.0,montage_19,0,HEFT-Tp_static,7.686774620748806e-06,26174.56520978524,0
wfcommons,deterministic,montage,5.0,montage_19,0,CPoP-Tp_static,3.1707945289089836e-05,24113.52568419772,0
wfcommons,deterministic,montage,5.0,montage_19,0,FastestNode,2.288476709887225e-05,43697.18929974514,0
wfcommons,deterministic,montage,5.0,montage_19,0,MaxTP,7.926986327598414e-06,25646.63351841431,0
wfcommons,deterministic,montage,5.0,montage_21,0,HEFT_static,1.945978352557664e-05,15421.270175295282,0
wfcommons,deterministic,montage,5.0,montage_21,0,CPoP_static,1.8613705976976676e-05,15389.144639908303,0
wfcommons,deterministic,montage,5.0,montage_21,0,HEFT-Tp_static,1.861370597778597e-05,22552.07558404586,0
wfcommons,deterministic,montage,5.0,montage_21,0,CPoP-Tp_static,2.378417985906806e-05,19309.00813927787,0
wfcommons,deterministic,montage,5.0,montage_21,0,FastestNode,3.8900053938472995e-05,25706.905229017648,0
wfcommons,deterministic,montage,5.0,montage_21,0,MaxTP,1.7124609503285832e-05,24839.6351898342,0
wfcommons,deterministic,montage,5.0,montage_18,0,HEFT_static,7.161564867951432e-06,19581.4272947789,0
wfcommons,deterministic,montage,5.0,montage_18,0,CPoP_static,9.041475645888268e-06,19392.223955636106,0
wfcommons,deterministic,montage,5.0,montage_18,0,HEFT-Tp_static,1.5724305468144635e-05,23580.15998871418,0
wfcommons,deterministic,montage,5.0,montage_18,0,CPoP-Tp_static,2.2603689112177752e-05,29658.933232279276,0
wfcommons,deterministic,montage,5.0,montage_18,0,FastestNode,2.5731412484243652e-05,38863.00453239164,0
wfcommons,deterministic,montage,5.0,montage_18,0,MaxTP,1.1301844556442062e-05,22467.958656504852,0
wfcommons,deterministic,montage,5.0,montage_20,0,HEFT_static,4.073096355793689e-05,8980.662283699823,0
wfcommons,deterministic,montage,5.0,montage_20,0,CPoP_static,2.6067816674994184e-05,12235.922538313482,0
wfcommons,deterministic,montage,5.0,montage_20,0,HEFT-Tp_static,4.3446361128466016e-05,15052.053686047351,0
wfcommons,deterministic,montage,5.0,montage_20,0,CPoP-Tp_static,5.9245037902453656e-05,21469.585656491025,0
wfcommons,deterministic,montage,5.0,montage_20,0,FastestNode,4.757673234230337e-05,21018.677634378833,0
wfcommons,deterministic,montage,5.0,montage_20,0,MaxTP,5.013041668669155e-05,12256.294002437033,0
wfcommons,deterministic,montage,5.0,montage_22,0,HEFT_static,5.2720747696168566e-05,8407.890431101589,0
wfcommons,deterministic,montage,5.0,montage_22,0,CPoP_static,3.624551404090995e-05,11453.62704046937,0
wfcommons,deterministic,montage,5.0,montage_22,0,HEFT-Tp_static,4.142344462594969e-05,14912.205004361354,0
wfcommons,deterministic,montage,5.0,montage_22,0,CPoP-Tp_static,7.249102809541196e-05,18077.18027881973,0
wfcommons,deterministic,montage,5.0,montage_22,0,FastestNode,6.348267832330969e-05,15752.328452607491,0
wfcommons,deterministic,montage,5.0,montage_22,0,MaxTP,4.142344462594969e-05,13223.82180030152,0
wfcommons,deterministic,montage,5.0,montage_17,0,HEFT_static,1.4768863282412644e-05,16329.14947950814,0
wfcommons,deterministic,montage,5.0,montage_17,0,CPoP_static,1.43996416974724e-05,16329.14947950814,0
wfcommons,deterministic,montage,5.0,montage_17,0,HEFT-Tp_static,1.515751757931824e-05,22129.78588342739,0
wfcommons,deterministic,montage,5.0,montage_17,0,CPoP-Tp_static,1.7454111151942216e-05,21050.209733317857,0
wfcommons,deterministic,montage,5.0,montage_17,0,FastestNode,1.691545782733563e-05,59117.52494123956,0
wfcommons,deterministic,montage,5.0,montage_17,0,MaxTP,1.3395015535211468e-05,24390.23349160025,0
wfcommons,deterministic,montage,5.0,montage_24,0,HEFT_static,1.0899894794852732e-05,18724.33348956546,0
wfcommons,deterministic,montage,5.0,montage_24,0,CPoP_static,6.661046820207027e-06,19138.157652726244,0
wfcommons,deterministic,montage,5.0,montage_24,0,HEFT-Tp_static,1.2755196039544652e-05,24534.82839986746,0
wfcommons,deterministic,montage,5.0,montage_24,0,CPoP-Tp_static,1.3941725901742975e-05,23469.008728756533,0
wfcommons,deterministic,montage,5.0,montage_24,0,FastestNode,2.026272706252782e-05,49351.698659027774,0
wfcommons,deterministic,montage,5.0,montage_24,0,MaxTP,1.0336107135493084e-05,25813.92073967048,0
wfcommons,deterministic,montage,5.0,montage_26,0,HEFT_static,2.8554626226427203e-06,34387.94584892419,0
wfcommons,deterministic,montage,5.0,montage_26,0,CPoP_static,2.881780250512154e-06,33644.935908987674,0
wfcommons,deterministic,montage,5.0,montage_26,0,HEFT-Tp_static,4.847645847524014e-06,38288.535114317914,0
wfcommons,deterministic,montage,5.0,montage_26,0,CPoP-Tp_static,4.963065986656426e-06,37196.25674359753,0
wfcommons,deterministic,montage,5.0,montage_26,0,FastestNode,1.913620610173295e-05,52256.96225697743,0
wfcommons,deterministic,montage,5.0,montage_26,0,MaxTP,4.373051149190858e-06,38483.60810259727,0
wfcommons,deterministic,montage,5.0,montage_23,0,HEFT_static,4.574283042707269e-06,28296.803646701985,0
wfcommons,deterministic,montage,5.0,montage_23,0,CPoP_static,4.889750838723412e-06,27315.067358531516,0
wfcommons,deterministic,montage,5.0,montage_23,0,HEFT-Tp_static,9.207972359228805e-06,41232.571209287955,0
wfcommons,deterministic,montage,5.0,montage_23,0,CPoP-Tp_static,1.0275563356460322e-05,47578.393286002414,0
wfcommons,deterministic,montage,5.0,montage_23,0,FastestNode,1.4999699262787491e-05,66668.00330329846,0
wfcommons,deterministic,montage,5.0,montage_23,0,MaxTP,5.291148296180903e-06,38588.47795308446,0
wfcommons,deterministic,montage,5.0,montage_27,0,HEFT_static,9.123181440724249e-06,21956.08869492938,0
wfcommons,deterministic,montage,5.0,montage_27,0,CPoP_static,6.743221065223751e-06,22428.399408863803,0
wfcommons,deterministic,montage,5.0,montage_27,0,HEFT-Tp_static,1.1078148892145103e-05,22093.6286767652,0
wfcommons,deterministic,montage,5.0,montage_27,0,CPoP-Tp_static,1.3486442128541812e-05,21584.11308332739,0
wfcommons,deterministic,montage,5.0,montage_27,0,FastestNode,2.6986264027649515e-05,37055.888839426705,0
wfcommons,deterministic,montage,5.0,montage_27,0,MaxTP,1.051485318572029e-05,25707.001797929028,0
wfcommons,deterministic,montage,5.0,montage_28,0,HEFT_static,7.921034608856074e-06,18906.575822729737,0
wfcommons,deterministic,montage,5.0,montage_28,0,CPoP_static,8.801149565236726e-06,18961.145036814505,0
wfcommons,deterministic,montage,5.0,montage_28,0,HEFT-Tp_static,1.0220689817561464e-05,21634.067755754197,0
wfcommons,deterministic,montage,5.0,montage_28,0,CPoP-Tp_static,1.4081839303166136e-05,18813.35214809381,0
wfcommons,deterministic,montage,5.0,montage_28,0,FastestNode,3.391650149594538e-05,29484.173068957218,0
wfcommons,deterministic,montage,5.0,montage_28,0,MaxTP,1.0925564977435822e-05,19642.71217692441,0
wfcommons,deterministic,montage,5.0,montage_25,0,HEFT_static,4.9417671293074776e-06,23998.19202440274,0
wfcommons,deterministic,montage,5.0,montage_25,0,CPoP_static,7.412650694397268e-06,27243.06078251048,0
wfcommons,deterministic,montage,5.0,montage_25,0,HEFT-Tp_static,9.334449022848875e-06,34478.11822138884,0
wfcommons,deterministic,montage,5.0,montage_25,0,CPoP-Tp_static,1.4001673534273304e-05,45368.35403444977,0
wfcommons,deterministic,montage,5.0,montage_25,0,FastestNode,1.531158022136473e-05,65310.04543898536,0
wfcommons,deterministic,montage,5.0,montage_25,0,MaxTP,7.412650694615288e-06,36909.54225979028,0
wfcommons,deterministic,cycles,0.2,cycles_2,0,HEFT_static,0.0009236949734313,1089.2190474610954,0
wfcommons,deterministic,cycles,0.2,cycles_2,0,CPoP_static,0.0009195787629114,1092.8980563375862,0
wfcommons,deterministic,cycles,0.2,cycles_2,0,HEFT-Tp_static,0.0009237828581307,1088.9015679478632,0
wfcommons,deterministic,cycles,0.2,cycles_2,0,CPoP-Tp_static,0.0009181335570999,1113.0161929184412,0
wfcommons,deterministic,cycles,0.2,cycles_2,0,FastestNode,0.0004696786096,2129.1154835677207,0
wfcommons,deterministic,cycles,0.2,cycles_2,0,MaxTP,0.0009064679701112,1119.199198716274,0
wfcommons,deterministic,cycles,0.2,cycles_1,0,HEFT_static,0.0003224260376824,3109.463723433205,0
wfcommons,deterministic,cycles,0.2,cycles_1,0,CPoP_static,0.0003220482163651,3119.2685448560323,0
wfcommons,deterministic,cycles,0.2,cycles_1,0,HEFT-Tp_static,0.0003224294132867,3109.474414120054,0
wfcommons,deterministic,cycles,0.2,cycles_1,0,CPoP-Tp_static,0.0003222117177357,3154.9157882497943,0
wfcommons,deterministic,cycles,0.2,cycles_1,0,FastestNode,0.0001748846473141,5718.054817034246,0
wfcommons,deterministic,cycles,0.2,cycles_1,0,MaxTP,0.0003203951245527,3133.8496990124377,0
wfcommons,deterministic,cycles,0.2,cycles_0,0,HEFT_static,0.0003597271490983,2789.329597359122,0
wfcommons,deterministic,cycles,0.2,cycles_0,0,CPoP_static,0.0003581325282696,2820.126522348474,0
wfcommons,deterministic,cycles,0.2,cycles_0,0,HEFT-Tp_static,0.000359995396768,2788.5222497951304,0
wfcommons,deterministic,cycles,0.2,cycles_0,0,CPoP-Tp_static,0.0003593280895812,2829.821297932404,0
wfcommons,deterministic,cycles,0.2,cycles_0,0,FastestNode,0.000157140219262,6363.743188703769,0
wfcommons,deterministic,cycles,0.2,cycles_0,0,MaxTP,0.00032535358353,3130.508253566222,0
wfcommons,deterministic,cycles,0.2,cycles_3,0,HEFT_static,0.0002896810582519,3458.268912990058,0
wfcommons,deterministic,cycles,0.2,cycles_3,0,CPoP_static,0.0002898300139914,3456.969283826391,0
wfcommons,deterministic,cycles,0.2,cycles_3,0,HEFT-Tp_static,0.0002899171208231,3461.0700208239887,0
wfcommons,deterministic,cycles,0.2,cycles_3,0,CPoP-Tp_static,0.0002898941232778,3506.474210754433,0
wfcommons,deterministic,cycles,0.2,cycles_3,0,FastestNode,0.0001484283742128,6737.256304958921,0
wfcommons,deterministic,cycles,0.2,cycles_3,0,MaxTP,0.0002840568766012,3531.0504366702057,0
wfcommons,deterministic,cycles,0.2,cycles_6,0,HEFT_static,0.0009564975806276,1052.6126209993524,0
wfcommons,deterministic,cycles,0.2,cycles_6,0,CPoP_static,0.0009555310277129,1059.3288339714095,0
wfcommons,deterministic,cycles,0.2,cycles_6,0,HEFT-Tp_static,0.0009565765170597,1052.6242756225115,0
wfcommons,deterministic,cycles,0.2,cycles_6,0,CPoP-Tp_static,0.0009554916469507,1071.0024599898688,0
wfcommons,deterministic,cycles,0.2,cycles_6,0,FastestNode,0.000629664202953,1588.1480879969315,0
wfcommons,deterministic,cycles,0.2,cycles_6,0,MaxTP,0.000943469121769,1069.472906587076,0
wfcommons,deterministic,cycles,0.2,cycles_5,0,HEFT_static,0.0012787750544732,788.4420322747833,0
wfcommons,deterministic,cycles,0.2,cycles_5,0,CPoP_static,0.0012683638666759,794.7383226471126,0
wfcommons,deterministic,cycles,0.2,cycles_5,0,HEFT-Tp_static,0.0012797268123144,794.5613662325813,0
wfcommons,deterministic,cycles,0.2,cycles_5,0,CPoP-Tp_static,0.001271536152947,820.5052405475287,0
wfcommons,deterministic,cycles,0.2,cycles_5,0,FastestNode,0.0003952552145091,2530.0108974956256,0
wfcommons,deterministic,cycles,0.2,cycles_5,0,MaxTP,0.0012366851107923,814.5761675461056,0
wfcommons,deterministic,cycles,0.2,cycles_4,0,HEFT_static,0.0005448880718582,1842.7029157200673,0
wfcommons,deterministic,cycles,0.2,cycles_4,0,CPoP_static,0.0005436356319342,1847.2516348408983,0
wfcommons,deterministic,cycles,0.2,cycles_4,0,HEFT-Tp_static,0.0005449091138594,1842.7583469253436,0
wfcommons,deterministic,cycles,0.2,cycles_4,0,CPoP-Tp_static,0.0005444975044426,1903.6811979091513,0
wfcommons,deterministic,cycles,0.2,cycles_4,0,FastestNode,0.0002178796936843,4589.688846583285,0
wfcommons,deterministic,cycles,0.2,cycles_4,0,MaxTP,0.0005389516557922,1893.4132704511144,0
wfcommons,deterministic,montage,5.0,montage_29,0,HEFT_static,1.066651290252581e-05,16769.288590526783,0
wfcommons,deterministic,montage,5.0,montage_29,0,CPoP_static,1.0875660214549189e-05,16006.477665965753,0
wfcommons,deterministic,montage,5.0,montage_29,0,HEFT-Tp_static,1.91261610669658e-05,21771.869763445226,0
wfcommons,deterministic,montage,5.0,montage_29,0,CPoP-Tp_static,2.4115594383540452e-05,26065.70402299815,0
wfcommons,deterministic,montage,5.0,montage_29,0,FastestNode,2.057143374041742e-05,48611.09889658613,0
wfcommons,deterministic,montage,5.0,montage_29,0,MaxTP,1.9809238247928865e-05,26069.932021697943,0
wfcommons,deterministic,cycles,0.2,cycles_7,0,HEFT_static,0.0010279121217579,975.4890647835348,0
wfcommons,deterministic,cycles,0.2,cycles_7,0,CPoP_static,0.0010275134773361,992.2227593398168,0
wfcommons,deterministic,cycles,0.2,cycles_7,0,HEFT-Tp_static,0.0010319215010968,989.891445501289,0
wfcommons,deterministic,cycles,0.2,cycles_7,0,CPoP-Tp_static,0.0010356268864229,1013.8172482674536,0
wfcommons,deterministic,cycles,0.2,cycles_7,0,FastestNode,0.000294107310092,3400.1194995354786,0
wfcommons,deterministic,cycles,0.2,cycles_7,0,MaxTP,0.0008069272458195,1268.9752882813182,0
wfcommons,deterministic,cycles,0.2,cycles_8,0,HEFT_static,0.0011920576535212,845.4512726397212,0
wfcommons,deterministic,cycles,0.2,cycles_8,0,CPoP_static,0.0011845423069528,851.0547332251191,0
wfcommons,deterministic,cycles,0.2,cycles_8,0,HEFT-Tp_static,0.0011923720500031,852.0525598590096,0
wfcommons,deterministic,cycles,0.2,cycles_8,0,CPoP-Tp_static,0.0011888601073456,899.6264704027069,0
wfcommons,deterministic,cycles,0.2,cycles_8,0,FastestNode,0.0003509507452505,2849.4026969113575,0
wfcommons,deterministic,cycles,0.2,cycles_8,0,MaxTP,0.0011594303222651,918.2410230398953,0
wfcommons,deterministic,cycles,0.2,cycles_11,0,HEFT_static,0.0005301182304851,1900.0775747044952,0
wfcommons,deterministic,cycles,0.2,cycles_11,0,CPoP_static,0.0005301510042828,1899.0773932948537,0
wfcommons,deterministic,cycles,0.2,cycles_11,0,HEFT-Tp_static,0.0005302420333345,1906.3056926568763,0
wfcommons,deterministic,cycles,0.2,cycles_11,0,CPoP-Tp_static,0.000530109253802,1930.296201400332,0
wfcommons,deterministic,cycles,0.2,cycles_11,0,FastestNode,0.0002728447551397,3665.087860999566,0
wfcommons,deterministic,cycles,0.2,cycles_11,0,MaxTP,0.000466023388099,2163.1974828591487,0
wfcommons,deterministic,cycles,0.2,cycles_13,0,HEFT_static,0.0012249344108841,822.3562387708033,0
wfcommons,deterministic,cycles,0.2,cycles_13,0,CPoP_static,0.0012107190198255,833.7365013278003,0
wfcommons,deterministic,cycles,0.2,cycles_13,0,HEFT-Tp_static,0.0012257027335535,830.6311476639042,0
wfcommons,deterministic,cycles,0.2,cycles_13,0,CPoP-Tp_static,0.0012193993075545,838.7429076396296,0
wfcommons,deterministic,cycles,0.2,cycles_13,0,FastestNode,0.0004788354687631,2088.4000146919902,0
wfcommons,deterministic,cycles,0.2,cycles_13,0,MaxTP,0.0011907972596012,859.6456272350927,0
wfcommons,deterministic,cycles,0.2,cycles_10,0,HEFT_static,0.0003080912151529,3251.308560353538,0
wfcommons,deterministic,cycles,0.2,cycles_10,0,CPoP_static,0.0003080988828822,3251.462869907739,0
wfcommons,deterministic,cycles,0.2,cycles_10,0,HEFT-Tp_static,0.0003080912151529,3251.308560353538,0
wfcommons,deterministic,cycles,0.2,cycles_10,0,CPoP-Tp_static,0.0003080656119314,3287.821973155199,0
wfcommons,deterministic,cycles,0.2,cycles_10,0,FastestNode,0.0001570920661506,6365.693853952112,0
wfcommons,deterministic,cycles,0.2,cycles_10,0,MaxTP,0.0003062001440985,3278.757733531785,0
wfcommons,deterministic,cycles,0.2,cycles_12,0,HEFT_static,0.000286830289256,3492.9862856171935,0
wfcommons,deterministic,cycles,0.2,cycles_12,0,CPoP_static,0.0002862774180867,3508.4066279940575,0
wfcommons,deterministic,cycles,0.2,cycles_12,0,HEFT-Tp_static,0.0002868323104658,3493.135093728857,0
wfcommons,deterministic,cycles,0.2,cycles_12,0,CPoP-Tp_static,0.0002868086153149,3537.3001921645605,0
wfcommons,deterministic,cycles,0.2,cycles_12,0,FastestNode,0.0001714791788957,5831.611781905301,0
wfcommons,deterministic,cycles,0.2,cycles_12,0,MaxTP,0.0002853969332326,3530.288509045166,0
wfcommons,deterministic,cycles,0.2,cycles_9,0,HEFT_static,0.0004314140626195,2326.0641770036254,0
wfcommons,deterministic,cycles,0.2,cycles_9,0,CPoP_static,0.0004308035507998,2331.043269065698,0
wfcommons,deterministic,cycles,0.2,cycles_9,0,HEFT-Tp_static,0.0004319682127973,2332.5576713210794,0
wfcommons,deterministic,cycles,0.2,cycles_9,0,CPoP-Tp_static,0.0004310856893979,2398.0401493637587,0
wfcommons,deterministic,cycles,0.2,cycles_9,0,FastestNode,0.0001233991374957,8103.784356145284,0
wfcommons,deterministic,cycles,0.2,cycles_9,0,MaxTP,0.0004000535562537,2559.341466498609,0
wfcommons,deterministic,cycles,0.2,cycles_14,0,HEFT_static,0.0003607688857307,2778.991349591851,0
wfcommons,deterministic,cycles,0.2,cycles_14,0,CPoP_static,0.0003583941677993,2790.2239764391857,0
wfcommons,deterministic,cycles,0.2,cycles_14,0,HEFT-Tp_static,0.0003607734256242,2779.281688142078,0
wfcommons,deterministic,cycles,0.2,cycles_14,0,CPoP-Tp_static,0.0003607147944847,2827.3908665998497,0
wfcommons,deterministic,cycles,0.2,cycles_14,0,FastestNode,0.0002051518252813,4874.438716928422,0
wfcommons,deterministic,cycles,0.2,cycles_14,0,MaxTP,0.0003595772806482,2789.9607761060597,0
wfcommons,deterministic,cycles,0.2,cycles_15,0,HEFT_static,0.0008817524298948,1141.4749087906653,0
wfcommons,deterministic,cycles,0.2,cycles_15,0,CPoP_static,0.0008718369357865,1149.097337385561,0
wfcommons,deterministic,cycles,0.2,cycles_15,0,HEFT-Tp_static,0.0008819740177174,1151.9975205563103,0
wfcommons,deterministic,cycles,0.2,cycles_15,0,CPoP-Tp_static,0.0008779061296449,1171.5404088022285,0
wfcommons,deterministic,cycles,0.2,cycles_15,0,FastestNode,0.0002722016314635,3673.747268241429,0
wfcommons,deterministic,cycles,0.2,cycles_15,0,MaxTP,0.000857421903248,1232.3451227226144,0
wfcommons,deterministic,cycles,0.2,cycles_16,0,HEFT_static,0.0003129885623761,3201.619078478018,0
wfcommons,deterministic,cycles,0.2,cycles_16,0,CPoP_static,0.0003129737447227,3204.950248266175,0
wfcommons,deterministic,cycles,0.2,cycles_16,0,HEFT-Tp_static,0.0003131502247906,3200.206904565676,0
wfcommons,deterministic,cycles,0.2,cycles_16,0,CPoP-Tp_static,0.0003129200786897,3241.2764804323897,0
wfcommons,deterministic,cycles,0.2,cycles_16,0,FastestNode,0.0001576867384193,6341.687386169197,0
wfcommons,deterministic,cycles,0.2,cycles_16,0,MaxTP,0.0002932235772973,3430.929250287665,0
wfcommons,deterministic,cycles,0.2,cycles_18,0,HEFT_static,0.0002556730894727,3916.489240081191,0
wfcommons,deterministic,cycles,0.2,cycles_18,0,CPoP_static,0.0002555971304945,3913.0711677862514,0
wfcommons,deterministic,cycles,0.2,cycles_18,0,HEFT-Tp_static,0.0002556840425261,3918.1898403981377,0
wfcommons,deterministic,cycles,0.2,cycles_18,0,CPoP-Tp_static,0.0002556828776679,3996.705200765723,0
wfcommons,deterministic,cycles,0.2,cycles_18,0,FastestNode,0.0001320072240624,7575.342994314073,0
wfcommons,deterministic,cycles,0.2,cycles_18,0,MaxTP,0.0002542543455354,3943.5098243926377,0
wfcommons,deterministic,cycles,0.2,cycles_17,0,HEFT_static,0.0004169423904498,2404.0464872117,0
wfcommons,deterministic,cycles,0.2,cycles_17,0,CPoP_static,0.000416738779583,2408.497824366245,0
wfcommons,deterministic,cycles,0.2,cycles_17,0,HEFT-Tp_static,0.000416941295481,2404.1376262832573,0
wfcommons,deterministic,cycles,0.2,cycles_17,0,CPoP-Tp_static,0.0004163694385654,2437.191503699838,0
wfcommons,deterministic,cycles,0.2,cycles_17,0,FastestNode,0.0001462221164487,6838.910722170382,0
wfcommons,deterministic,cycles,0.2,cycles_17,0,MaxTP,0.0004121490840766,2449.988183623405,0
wfcommons,deterministic,cycles,0.2,cycles_19,0,HEFT_static,0.000383447422409,2615.034126139335,0
wfcommons,deterministic,cycles,0.2,cycles_19,0,CPoP_static,0.0003827502502877,2627.0733114183895,0
wfcommons,deterministic,cycles,0.2,cycles_19,0,HEFT-Tp_static,0.0003834635527282,2615.0434957467237,0
wfcommons,deterministic,cycles,0.2,cycles_19,0,CPoP-Tp_static,0.0003833601370319,2672.3090605897037,0
wfcommons,deterministic,cycles,0.2,cycles_19,0,FastestNode,0.0001383296215581,7229.1096349151485,0
wfcommons,deterministic,cycles,0.2,cycles_19,0,MaxTP,0.0003789148426948,2669.454043601832,0
wfcommons,deterministic,cycles,0.2,cycles_20,0,HEFT_static,0.0013087617208961,772.0408542347941,0
wfcommons,deterministic,cycles,0.2,cycles_20,0,CPoP_static,0.0012859159157424,782.2434032252874,0
wfcommons,deterministic,cycles,0.2,cycles_20,0,HEFT-Tp_static,0.0013091374984316,789.1011978967305,0
wfcommons,deterministic,cycles,0.2,cycles_20,0,CPoP-Tp_static,0.0013030274149611,830.5845030800807,0
wfcommons,deterministic,cycles,0.2,cycles_20,0,FastestNode,0.0003471049617244,2880.972934042339,0
wfcommons,deterministic,cycles,0.2,cycles_20,0,MaxTP,0.0012594188036199,819.3187700715948,0
wfcommons,deterministic,cycles,0.2,cycles_21,0,HEFT_static,0.0005627694678194,1783.5527516799689,0
wfcommons,deterministic,cycles,0.2,cycles_21,0,CPoP_static,0.000561710168044,1792.616929566946,0
wfcommons,deterministic,cycles,0.2,cycles_21,0,HEFT-Tp_static,0.0005634179433923,1781.904318244662,0
wfcommons,deterministic,cycles,0.2,cycles_21,0,CPoP-Tp_static,0.0005632339041796,1811.1569457941064,0
wfcommons,deterministic,cycles,0.2,cycles_21,0,FastestNode,0.0002095279907154,4772.632031575594,0
wfcommons,deterministic,cycles,0.2,cycles_21,0,MaxTP,0.0005165297385341,1955.13556998254,0
wfcommons,deterministic,cycles,0.2,cycles_23,0,HEFT_static,0.0005535191158296,1814.331692656563,0
wfcommons,deterministic,cycles,0.2,cycles_23,0,CPoP_static,0.0005517815582359,1818.2928712540108,0
wfcommons,deterministic,cycles,0.2,cycles_23,0,HEFT-Tp_static,0.0005540751709023,1820.163466466289,0
wfcommons,deterministic,cycles,0.2,cycles_23,0,CPoP-Tp_static,0.0005538072872857,1861.670197842063,0
wfcommons,deterministic,cycles,0.2,cycles_23,0,FastestNode,0.0001518906357062,6583.684342030251,0
wfcommons,deterministic,cycles,0.2,cycles_23,0,MaxTP,0.0005065655287479,2010.482510980768,0
wfcommons,deterministic,cycles,0.2,cycles_25,0,HEFT_static,0.0010470570717808,960.7068800900342,0
wfcommons,deterministic,cycles,0.2,cycles_25,0,CPoP_static,0.0010378230336985,973.516282110087,0
wfcommons,deterministic,cycles,0.2,cycles_25,0,HEFT-Tp_static,0.0010472372403248,961.4958685259774,0
wfcommons,deterministic,cycles,0.2,cycles_25,0,CPoP-Tp_static,0.0010456220702087,992.2156667168211,0
wfcommons,deterministic,cycles,0.2,cycles_25,0,FastestNode,0.0003205840462317,3119.306814404344,0
wfcommons,deterministic,cycles,0.2,cycles_25,0,MaxTP,0.0010207042828041,997.7029206014772,0
wfcommons,deterministic,cycles,0.2,cycles_22,0,HEFT_static,0.000581542966376,1725.3249113334357,0
wfcommons,deterministic,cycles,0.2,cycles_22,0,CPoP_static,0.0005784464156188,1737.8127187457724,0
wfcommons,deterministic,cycles,0.2,cycles_22,0,HEFT-Tp_static,0.0005815512155246,1725.363697965291,0
wfcommons,deterministic,cycles,0.2,cycles_22,0,CPoP-Tp_static,0.0005800755610547,1762.4534141699992,0
wfcommons,deterministic,cycles,0.2,cycles_22,0,FastestNode,0.0001875961708507,5330.599209275886,0
wfcommons,deterministic,cycles,0.2,cycles_22,0,MaxTP,0.0005738265540063,1765.363218675678,0
wfcommons,deterministic,cycles,0.2,cycles_26,0,HEFT_static,0.0009463289378413,1064.3075259641485,0
wfcommons,deterministic,cycles,0.2,cycles_26,0,CPoP_static,0.0009442067265872,1095.8442718760602,0
wfcommons,deterministic,cycles,0.2,cycles_26,0,HEFT-Tp_static,0.0009464961495775,1071.6183509034972,0
wfcommons,deterministic,cycles,0.2,cycles_26,0,CPoP-Tp_static,0.0009426038337901,1108.7525622772853,0
wfcommons,deterministic,cycles,0.2,cycles_26,0,FastestNode,0.0002366081970077,4226.39626456847,0
wfcommons,deterministic,cycles,0.2,cycles_26,0,MaxTP,0.0009160151496779,1132.5919196199222,0
wfcommons,deterministic,cycles,0.2,cycles_27,0,HEFT_static,0.000611285278684,1642.0535934202471,0
wfcommons,deterministic,cycles,0.2,cycles_27,0,CPoP_static,0.0006093984107431,1650.3942170398311,0
wfcommons,deterministic,cycles,0.2,cycles_27,0,HEFT-Tp_static,0.0006112873819292,1642.0941885157756,0
wfcommons,deterministic,cycles,0.2,cycles_27,0,CPoP-Tp_static,0.0006107295002323,1673.0947311447003,0
wfcommons,deterministic,cycles,0.2,cycles_27,0,FastestNode,0.0001917081516402,5216.262279114462,0
wfcommons,deterministic,cycles,0.2,cycles_27,0,MaxTP,0.0006022132731774,1679.3533199910742,0
wfcommons,deterministic,cycles,0.2,cycles_28,0,HEFT_static,0.0005921855961926,1694.8682242108632,0
wfcommons,deterministic,cycles,0.2,cycles_28,0,CPoP_static,0.00058956488279,1709.0541986462515,0
wfcommons,deterministic,cycles,0.2,cycles_28,0,HEFT-Tp_static,0.000592209218578,1694.896137302916,0
wfcommons,deterministic,cycles,0.2,cycles_28,0,CPoP-Tp_static,0.0005916489514354,1745.1273482632837,0
wfcommons,deterministic,cycles,0.2,cycles_28,0,FastestNode,0.0001922655329301,5201.140239541706,0
wfcommons,deterministic,cycles,0.2,cycles_28,0,MaxTP,0.0005832048351204,1742.3978389214485,0
wfcommons,deterministic,cycles,0.5,cycles_1,0,HEFT_static,0.0003224161838017,3121.58233459076,0
wfcommons,deterministic,cycles,0.5,cycles_1,0,CPoP_static,0.0003213280457584,3114.943868305826,0
wfcommons,deterministic,cycles,0.5,cycles_1,0,HEFT-Tp_static,0.0003224349089304,3121.5823346112857,0
wfcommons,deterministic,cycles,0.5,cycles_1,0,CPoP-Tp_static,0.0003222117177357,3162.49336451452,0
wfcommons,deterministic,cycles,0.5,cycles_1,0,FastestNode,0.0001748846473141,5718.054817034246,0
wfcommons,deterministic,cycles,0.5,cycles_1,0,MaxTP,0.0003203951245527,3156.1249071733687,0
wfcommons,deterministic,cycles,0.5,cycles_2,0,HEFT_static,0.0009235648962134,1098.089369948118,0
wfcommons,deterministic,cycles,0.5,cycles_2,0,CPoP_static,0.0009209603113008,1088.8756843885262,0
wfcommons,deterministic,cycles,0.5,cycles_2,0,HEFT-Tp_static,0.000923814854373,1110.8689496622148,0
wfcommons,deterministic,cycles,0.5,cycles_2,0,CPoP-Tp_static,0.0009181335570999,1126.921296743178,0
wfcommons,deterministic,cycles,0.5,cycles_2,0,FastestNode,0.0004696786096,2129.1154835677207,0
wfcommons,deterministic,cycles,0.5,cycles_2,0,MaxTP,0.0009064679701112,1128.8753579502784,0
wfcommons,deterministic,cycles,0.2,cycles_24,0,HEFT_static,0.0002820394699506,3553.713796066004,0
wfcommons,deterministic,cycles,0.2,cycles_24,0,CPoP_static,0.0002799719591358,3579.0936728910337,0
wfcommons,deterministic,cycles,0.2,cycles_24,0,HEFT-Tp_static,0.0002823699557878,3550.8457117118364,0
wfcommons,deterministic,cycles,0.2,cycles_24,0,CPoP-Tp_static,0.0002823046312693,3604.2081441678074,0
wfcommons,deterministic,cycles,0.2,cycles_24,0,FastestNode,0.000113157763042,8837.219587210082,0
wfcommons,deterministic,cycles,0.2,cycles_24,0,MaxTP,0.0002689387043951,3749.489994728729,0
wfcommons,deterministic,cycles,0.5,cycles_3,0,HEFT_static,0.0002893608469354,3472.1094503570725,0
wfcommons,deterministic,cycles,0.5,cycles_3,0,CPoP_static,0.0002898728250895,3469.7251530807475,0
wfcommons,deterministic,cycles,0.5,cycles_3,0,HEFT-Tp_static,0.0002899174427779,3466.1256116120185,0
wfcommons,deterministic,cycles,0.5,cycles_3,0,CPoP-Tp_static,0.0002898941232778,3533.9052789916987,0
wfcommons,deterministic,cycles,0.5,cycles_3,0,FastestNode,0.0001484283742128,6737.256304958921,0
wfcommons,deterministic,cycles,0.5,cycles_3,0,MaxTP,0.0002840568766012,3558.9663547902505,0
wfcommons,deterministic,cycles,0.5,cycles_4,0,HEFT_static,0.0005448999564924,1854.086016633791,0
wfcommons,deterministic,cycles,0.5,cycles_4,0,CPoP_static,0.0005408094528274,1868.331621099588,0
wfcommons,deterministic,cycles,0.5,cycles_4,0,HEFT-Tp_static,0.0005448726810534,1866.5150538046792,0
wfcommons,deterministic,cycles,0.5,cycles_4,0,CPoP-Tp_static,0.0005444975044426,1932.2122355146696,0
wfcommons,deterministic,cycles,0.5,cycles_4,0,FastestNode,0.0002178796936843,4589.688846583285,0
wfcommons,deterministic,cycles,0.5,cycles_4,0,MaxTP,0.0005389516557922,1901.5097636691055,0
wfcommons,deterministic,cycles,0.5,cycles_5,0,HEFT_static,0.0012768295891552,798.6723148137312,0
wfcommons,deterministic,cycles,0.5,cycles_5,0,CPoP_static,0.0012695754677134,800.2664963038931,0
wfcommons,deterministic,cycles,0.5,cycles_5,0,HEFT-Tp_static,0.0012797184032992,809.9576600324987,0
wfcommons,deterministic,cycles,0.5,cycles_5,0,CPoP-Tp_static,0.001271536152947,823.7556681358287,0
wfcommons,deterministic,cycles,0.5,cycles_5,0,FastestNode,0.0003952552145091,2530.0108974956256,0
wfcommons,deterministic,cycles,0.5,cycles_5,0,MaxTP,0.0012366851107923,863.8040669650804,0
wfcommons,deterministic,cycles,0.2,cycles_29,0,HEFT_static,0.0003289494854386,3047.228106737254,0
wfcommons,deterministic,cycles,0.2,cycles_29,0,CPoP_static,0.0003280236894579,3059.0807501406625,0
wfcommons,deterministic,cycles,0.2,cycles_29,0,HEFT-Tp_static,0.0003290925372261,3047.0080315512178,0
wfcommons,deterministic,cycles,0.2,cycles_29,0,CPoP-Tp_static,0.0003290668636763,3079.715545671794,0
wfcommons,deterministic,cycles,0.2,cycles_29,0,FastestNode,0.0001862411483876,5369.382699030734,0
wfcommons,deterministic,cycles,0.2,cycles_29,0,MaxTP,0.0003290655154355,3062.921165708479,0
wfcommons,deterministic,cycles,0.5,cycles_6,0,HEFT_static,0.0009565477194581,1063.324796803948,0
wfcommons,deterministic,cycles,0.5,cycles_6,0,CPoP_static,0.0009347681329808,1074.6084921397755,0
wfcommons,deterministic,cycles,0.5,cycles_6,0,HEFT-Tp_static,0.0009565414325932,1063.4966771915604,0
wfcommons,deterministic,cycles,0.5,cycles_6,0,CPoP-Tp_static,0.0009554916469507,1092.5568762086914,0
wfcommons,deterministic,cycles,0.5,cycles_6,0,FastestNode,0.000629664202953,1588.1480879969315,0
wfcommons,deterministic,cycles,0.5,cycles_6,0,MaxTP,0.0009434691217691,1093.7348489016283,0
wfcommons,deterministic,cycles,0.5,cycles_0,0,HEFT_static,0.0003597735940994,2804.2327749532205,0
wfcommons,deterministic,cycles,0.5,cycles_0,0,CPoP_static,0.0003592863069931,2811.453555195094,0
wfcommons,deterministic,cycles,0.5,cycles_0,0,HEFT-Tp_static,0.0003599940671741,2813.742816922448,0
wfcommons,deterministic,cycles,0.5,cycles_0,0,CPoP-Tp_static,0.0003593280895812,2846.045810716211,0
wfcommons,deterministic,cycles,0.5,cycles_0,0,FastestNode,0.000157140219262,6363.743188703769,0
wfcommons,deterministic,cycles,0.5,cycles_0,0,MaxTP,0.00032535358353,3149.943662573829,0
wfcommons,deterministic,cycles,0.5,cycles_8,0,HEFT_static,0.0011916267840382,855.0693004379721,0
wfcommons,deterministic,cycles,0.5,cycles_8,0,CPoP_static,0.0011651423580503,873.9248622187508,0
wfcommons,deterministic,cycles,0.5,cycles_8,0,HEFT-Tp_static,0.0011923144070338,875.180266908314,0
wfcommons,deterministic,cycles,0.5,cycles_8,0,CPoP-Tp_static,0.0011888601073456,932.6123878603152,0
wfcommons,deterministic,cycles,0.5,cycles_8,0,FastestNode,0.0003509507452505,2849.4026969113575,0
wfcommons,deterministic,cycles,0.5,cycles_8,0,MaxTP,0.0011594303222651,956.098214723678,0
wfcommons,deterministic,cycles,0.5,cycles_11,0,HEFT_static,0.000529501551919,1915.28890395485,0
wfcommons,deterministic,cycles,0.5,cycles_11,0,CPoP_static,0.0005288481558617,1911.0429747192024,0
wfcommons,deterministic,cycles,0.5,cycles_11,0,HEFT-Tp_static,0.0005302025141539,1916.528367105894,0
wfcommons,deterministic,cycles,0.5,cycles_11,0,CPoP-Tp_static,0.000530109253802,1961.7754612875283,0
wfcommons,deterministic,cycles,0.5,cycles_11,0,FastestNode,0.0002728447551397,3665.087860999566,0
wfcommons,deterministic,cycles,0.5,cycles_11,0,MaxTP,0.000466023388099,2167.876048411569,0
wfcommons,deterministic,cycles,0.5,cycles_9,0,HEFT_static,0.0004318206803823,2336.5122830660466,0
wfcommons,deterministic,cycles,0.5,cycles_9,0,CPoP_static,0.0004295794454035,2344.298857005545,0
wfcommons,deterministic,cycles,0.5,cycles_9,0,HEFT-Tp_static,0.0004319566563383,2349.7550554965355,0
wfcommons,deterministic,cycles,0.5,cycles_9,0,CPoP-Tp_static,0.0004310856893979,2403.510821446798,0
wfcommons,deterministic,cycles,0.5,cycles_9,0,FastestNode,0.0001233991374957,8103.784356145284,0
wfcommons,deterministic,cycles,0.5,cycles_9,0,MaxTP,0.0004000535562537,2599.383798972396,0
wfcommons,deterministic,cycles,0.5,cycles_10,0,HEFT_static,0.0003080709859034,3260.084002499878,0
wfcommons,deterministic,cycles,0.5,cycles_10,0,CPoP_static,0.0003072417691346,3269.0426612206984,0
wfcommons,deterministic,cycles,0.5,cycles_10,0,HEFT-Tp_static,0.000308090381845,3260.084002499878,0
wfcommons,deterministic,cycles,0.5,cycles_10,0,CPoP-Tp_static,0.0003080656119314,3313.7973797981986,0
wfcommons,deterministic,cycles,0.5,cycles_10,0,FastestNode,0.0001570920661506,6365.693853952112,0
wfcommons,deterministic,cycles,0.5,cycles_10,0,MaxTP,0.0003062001440985,3280.8200056544706,0
wfcommons,deterministic,cycles,0.5,cycles_13,0,HEFT_static,0.0012253098125275,830.8286858003634,0
wfcommons,deterministic,cycles,0.5,cycles_13,0,CPoP_static,0.0012186445615687,835.0635619590676,0
wfcommons,deterministic,cycles,0.5,cycles_13,0,HEFT-Tp_static,0.0012257257865984,841.4659130522247,0
wfcommons,deterministic,cycles,0.5,cycles_13,0,CPoP-Tp_static,0.0012193993075545,855.7750764848417,0
wfcommons,deterministic,cycles,0.5,cycles_13,0,FastestNode,0.0004788354687631,2088.4000146919902,0
wfcommons,deterministic,cycles,0.5,cycles_13,0,MaxTP,0.0011907972596012,865.5520106790651,0
wfcommons,deterministic,cycles,0.5,cycles_12,0,HEFT_static,0.0002868289650306,3503.0750769398355,0
wfcommons,deterministic,cycles,0.5,cycles_12,0,CPoP_static,0.0002858367782149,3506.341170012313,0
wfcommons,deterministic,cycles,0.5,cycles_12,0,HEFT-Tp_static,0.0002868326186901,3503.0750769398355,0
wfcommons,deterministic,cycles,0.5,cycles_12,0,CPoP-Tp_static,0.0002868086153149,3554.1244207529644,0
wfcommons,deterministic,cycles,0.5,cycles_12,0,FastestNode,0.0001714791788957,5831.611781905301,0
wfcommons,deterministic,cycles,0.5,cycles_12,0,MaxTP,0.0002853969332326,3537.9838898506905,0
wfcommons,deterministic,cycles,0.5,cycles_14,0,HEFT_static,0.0003607726801934,2790.210805145086,0
wfcommons,deterministic,cycles,0.5,cycles_14,0,CPoP_static,0.0003593503026063,2790.138312598165,0
wfcommons,deterministic,cycles,0.5,cycles_14,0,HEFT-Tp_static,0.0003607726801935,2790.2108051639907,0
wfcommons,deterministic,cycles,0.5,cycles_14,0,CPoP-Tp_static,0.0003607147944847,2852.4847730273336,0
wfcommons,deterministic,cycles,0.5,cycles_14,0,FastestNode,0.0002051518252813,4874.438716928422,0
wfcommons,deterministic,cycles,0.5,cycles_14,0,MaxTP,0.0003595772806482,2803.695980263011,0
wfcommons,deterministic,cycles,0.5,cycles_15,0,HEFT_static,0.0008819019995318,1152.4750199197972,0
wfcommons,deterministic,cycles,0.5,cycles_15,0,CPoP_static,0.0008736668192286,1163.572347689876,0
wfcommons,deterministic,cycles,0.5,cycles_15,0,HEFT-Tp_static,0.0008819662925927,1169.6513016661625,0
wfcommons,deterministic,cycles,0.5,cycles_15,0,CPoP-Tp_static,0.0008779061296449,1187.4729791990292,0
wfcommons,deterministic,cycles,0.5,cycles_15,0,FastestNode,0.0002722016314635,3673.747268241429,0
wfcommons,deterministic,cycles,0.5,cycles_15,0,MaxTP,0.000857421903248,1264.889672535116,0
wfcommons,deterministic,cycles,0.5,cycles_16,0,HEFT_static,0.0003131276630053,3209.5432616890266,0
wfcommons,deterministic,cycles,0.5,cycles_16,0,CPoP_static,0.0003129026451089,3214.668527255836,0
wfcommons,deterministic,cycles,0.5,cycles_16,0,HEFT-Tp_static,0.0003131512276121,3209.4293401758077,0
wfcommons,deterministic,cycles,0.5,cycles_16,0,CPoP-Tp_static,0.0003129200786897,3245.9255958041817,0
wfcommons,deterministic,cycles,0.5,cycles_16,0,FastestNode,0.0001576867384193,6341.687386169197,0
wfcommons,deterministic,cycles,0.5,cycles_16,0,MaxTP,0.0002932235772973,3442.884020343912,0
wfcommons,deterministic,cycles,0.5,cycles_7,0,HEFT_static,0.0010163051980637,990.0049340957448,0
wfcommons,deterministic,cycles,0.5,cycles_7,0,CPoP_static,0.0010006967318357,1007.5985017313484,0
wfcommons,deterministic,cycles,0.5,cycles_7,0,HEFT-Tp_static,0.0010341331320219,1008.6516422919576,0
wfcommons,deterministic,cycles,0.5,cycles_7,0,CPoP-Tp_static,0.0010356268864229,1050.6302967151053,0
wfcommons,deterministic,cycles,0.5,cycles_7,0,FastestNode,0.000294107310092,3400.1194995354786,0
wfcommons,deterministic,cycles,0.5,cycles_7,0,MaxTP,0.0008069272458195,1279.2052700077072,0
wfcommons,deterministic,cycles,0.5,cycles_20,0,HEFT_static,0.0013052524763723,783.5799433183125,0
wfcommons,deterministic,cycles,0.5,cycles_20,0,CPoP_static,0.0012778497079562,797.1077680863781,0
wfcommons,deterministic,cycles,0.5,cycles_20,0,HEFT-Tp_static,0.0013091198909349,810.1291041823283,0
wfcommons,deterministic,cycles,0.5,cycles_20,0,CPoP-Tp_static,0.0013030274149611,860.5678732135568,0
wfcommons,deterministic,cycles,0.5,cycles_20,0,FastestNode,0.0003471049617244,2880.972934042339,0
wfcommons,deterministic,cycles,0.5,cycles_20,0,MaxTP,0.0012594188036199,840.391322693199,0
wfcommons,deterministic,cycles,0.5,cycles_18,0,HEFT_static,0.0002556598051609,3925.8563196802634,0
wfcommons,deterministic,cycles,0.5,cycles_18,0,CPoP_static,0.0002555696006359,3917.009958993185,0
wfcommons,deterministic,cycles,0.5,cycles_18,0,HEFT-Tp_static,0.000255683581326,3926.299646511375,0
wfcommons,deterministic,cycles,0.5,cycles_18,0,CPoP-Tp_static,0.0002556828776679,4011.276973872787,0
wfcommons,deterministic,cycles,0.5,cycles_18,0,FastestNode,0.0001320072240624,7575.342994314073,0
wfcommons,deterministic,cycles,0.5,cycles_18,0,MaxTP,0.0002542543455354,3960.099183530099,0
wfcommons,deterministic,cycles,0.5,cycles_17,0,HEFT_static,0.0004169406251378,2412.928527041846,0
wfcommons,deterministic,cycles,0.5,cycles_17,0,CPoP_static,0.0004154332604909,2432.8189465170167,0
wfcommons,deterministic,cycles,0.5,cycles_17,0,HEFT-Tp_static,0.0004169375413458,2412.9718699501905,0
wfcommons,deterministic,cycles,0.5,cycles_17,0,CPoP-Tp_static,0.0004163694385654,2456.99113824946,0
wfcommons,deterministic,cycles,0.5,cycles_17,0,FastestNode,0.0001462221164487,6838.910722170382,0
wfcommons,deterministic,cycles,0.5,cycles_17,0,MaxTP,0.0004121490840766,2468.0045703017,0
wfcommons,deterministic,cycles,0.5,cycles_19,0,HEFT_static,0.0003834277538555,2626.3084254980567,0
wfcommons,deterministic,cycles,0.5,cycles_19,0,CPoP_static,0.000382139430473,2627.7104838377695,0
wfcommons,deterministic,cycles,0.5,cycles_19,0,HEFT-Tp_static,0.0003834628283209,2626.269316828783,0
wfcommons,deterministic,cycles,0.5,cycles_19,0,CPoP-Tp_static,0.0003833601370319,2679.1882721832335,0
wfcommons,deterministic,cycles,0.5,cycles_19,0,FastestNode,0.0001383296215581,7229.1096349151485,0
wfcommons,deterministic,cycles,0.5,cycles_19,0,MaxTP,0.0003789148426948,2687.2444407846833,0
wfcommons,deterministic,cycles,0.5,cycles_21,0,HEFT_static,0.0005624452360008,1793.681324699904,0
wfcommons,deterministic,cycles,0.5,cycles_21,0,CPoP_static,0.0005624027335552,1795.5860946993837,0
wfcommons,deterministic,cycles,0.5,cycles_21,0,HEFT-Tp_static,0.0005634215879084,1803.3654544022884,0
wfcommons,deterministic,cycles,0.5,cycles_21,0,CPoP-Tp_static,0.0005632339041796,1823.016997232285,0
wfcommons,deterministic,cycles,0.5,cycles_21,0,FastestNode,0.0002095279907154,4772.632031575594,0
wfcommons,deterministic,cycles,0.5,cycles_21,0,MaxTP,0.0005165297385341,1960.636704215343,0
wfcommons,deterministic,cycles,0.5,cycles_23,0,HEFT_static,0.000553301106299,1826.7568468749016,0
wfcommons,deterministic,cycles,0.5,cycles_23,0,CPoP_static,0.0005493689005067,1837.9006559712643,0
wfcommons,deterministic,cycles,0.5,cycles_23,0,HEFT-Tp_static,0.0005540750777245,1834.275231151504,0
wfcommons,deterministic,cycles,0.5,cycles_23,0,CPoP-Tp_static,0.0005537276377001,1875.216051097787,0
wfcommons,deterministic,cycles,0.5,cycles_23,0,FastestNode,0.0001518906357062,6583.684342030251,0
wfcommons,deterministic,cycles,0.5,cycles_23,0,MaxTP,0.0005065655287479,2020.45301192132,0
wfcommons,deterministic,cycles,0.5,cycles_25,0,HEFT_static,0.0010470762898459,969.383524733289,0
wfcommons,deterministic,cycles,0.5,cycles_25,0,CPoP_static,0.0010401188709891,981.8648132508418,0
wfcommons,deterministic,cycles,0.5,cycles_25,0,HEFT-Tp_static,0.0010472246770581,973.7505287055836,0
wfcommons,deterministic,cycles,0.5,cycles_25,0,CPoP-Tp_static,0.0010456220702087,993.0179174539924,0
wfcommons,deterministic,cycles,0.5,cycles_25,0,FastestNode,0.0003205840462317,3119.306814404344,0
wfcommons,deterministic,cycles,0.5,cycles_25,0,MaxTP,0.0010207042828041,1011.8059875368804,0
wfcommons,deterministic,cycles,0.5,cycles_22,0,HEFT_static,0.0005815169728584,1734.0519178953298,0
wfcommons,deterministic,cycles,0.5,cycles_22,0,CPoP_static,0.0005771270684949,1756.4783199772794,0
wfcommons,deterministic,cycles,0.5,cycles_22,0,HEFT-Tp_static,0.0005815527212364,1742.3166853439636,0
wfcommons,deterministic,cycles,0.5,cycles_22,0,CPoP-Tp_static,0.0005800755610547,1785.0713100487917,0
wfcommons,deterministic,cycles,0.5,cycles_22,0,FastestNode,0.0001875961708507,5330.599209275886,0
wfcommons,deterministic,cycles,0.5,cycles_22,0,MaxTP,0.0005738265540063,1788.2274615091108,0
wfcommons,deterministic,cycles,0.5,cycles_24,0,HEFT_static,0.0002820457333884,3566.684262671553,0
wfcommons,deterministic,cycles,0.5,cycles_24,0,CPoP_static,0.0002811347828494,3581.252921795472,0
wfcommons,deterministic,cycles,0.5,cycles_24,0,HEFT-Tp_static,0.0002823649567396,3566.3164898135847,0
wfcommons,deterministic,cycles,0.5,cycles_24,0,CPoP-Tp_static,0.0002823046312693,3648.2681679773145,0
wfcommons,deterministic,cycles,0.5,cycles_24,0,FastestNode,0.000113157763042,8837.219587210082,0
wfcommons,deterministic,cycles,0.5,cycles_24,0,MaxTP,0.0002689387043951,3775.151375550131,0
wfcommons,deterministic,cycles,0.5,cycles_26,0,HEFT_static,0.00094628007505,1075.731788373122,0
wfcommons,deterministic,cycles,0.5,cycles_26,0,CPoP_static,0.0009108975336266,1114.970356784216,0
wfcommons,deterministic,cycles,0.5,cycles_26,0,HEFT-Tp_static,0.0009464194498717,1092.0158386973203,0
wfcommons,deterministic,cycles,0.5,cycles_26,0,CPoP-Tp_static,0.0009426038337901,1166.0157951446354,0
wfcommons,deterministic,cycles,0.5,cycles_26,0,FastestNode,0.0002366081970077,4226.39626456847,0
wfcommons,deterministic,cycles,0.5,cycles_26,0,MaxTP,0.0009160151496779,1177.5602146012106,0
wfcommons,deterministic,cycles,0.5,cycles_29,0,HEFT_static,0.0003288301359775,3059.35276463021,0
wfcommons,deterministic,cycles,0.5,cycles_29,0,CPoP_static,0.0003283542055638,3069.0336920142386,0
wfcommons,deterministic,cycles,0.5,cycles_29,0,HEFT-Tp_static,0.0003290921657624,3059.1082421010974,0
wfcommons,deterministic,cycles,0.5,cycles_29,0,CPoP-Tp_static,0.0003290668636763,3109.3491328374243,0
wfcommons,deterministic,cycles,0.5,cycles_29,0,FastestNode,0.0001862411483876,5369.382699030734,0
wfcommons,deterministic,cycles,0.5,cycles_29,0,MaxTP,0.0003290655154355,3080.994236506594,0
wfcommons,deterministic,cycles,0.5,cycles_27,0,HEFT_static,0.0006112760840417,1651.36478106546,0
wfcommons,deterministic,cycles,0.5,cycles_27,0,CPoP_static,0.0006105281862884,1652.0946557423842,0
wfcommons,deterministic,cycles,0.5,cycles_27,0,HEFT-Tp_static,0.0006112908442859,1655.118444337742,0
wfcommons,deterministic,cycles,0.5,cycles_27,0,CPoP-Tp_static,0.0006107295002323,1699.0029958144828,0
wfcommons,deterministic,cycles,0.5,cycles_27,0,FastestNode,0.0001917081516402,5216.262279114462,0
wfcommons,deterministic,cycles,0.5,cycles_27,0,MaxTP,0.0006022132731774,1690.607898188128,0
wfcommons,deterministic,cycles,0.5,cycles_28,0,HEFT_static,0.0005921738018711,1704.2877135734493,0
wfcommons,deterministic,cycles,0.5,cycles_28,0,CPoP_static,0.0005886005660514,1718.5455393220868,0
wfcommons,deterministic,cycles,0.5,cycles_28,0,HEFT-Tp_static,0.0005922158258743,1710.1440458040531,0
wfcommons,deterministic,cycles,0.5,cycles_28,0,CPoP-Tp_static,0.0005916489514354,1733.260699179695,0
wfcommons,deterministic,cycles,0.5,cycles_28,0,FastestNode,0.0001922655329301,5201.140239541706,0
wfcommons,deterministic,cycles,0.5,cycles_28,0,MaxTP,0.0005832048351204,1750.8847324338085,0
wfcommons,deterministic,cycles,1.0,cycles_1,0,HEFT_static,0.0002048040184576,3141.802664522983,0
wfcommons,deterministic,cycles,1.0,cycles_1,0,CPoP_static,0.0002318536057974,3125.861876658954,0
wfcommons,deterministic,cycles,1.0,cycles_1,0,HEFT-Tp_static,0.0002386066234359,3151.046888513676,0
wfcommons,deterministic,cycles,1.0,cycles_1,0,CPoP-Tp_static,0.0002507804307537,3158.2863950588107,0
wfcommons,deterministic,cycles,1.0,cycles_1,0,FastestNode,0.0001748846473141,5718.054817034246,0
wfcommons,deterministic,cycles,1.0,cycles_1,0,MaxTP,0.000217490993044,3204.576183851005,0
wfcommons,deterministic,cycles,1.0,cycles_0,0,HEFT_static,0.0002992952055434,2830.4910265677713,0
wfcommons,deterministic,cycles,1.0,cycles_0,0,CPoP_static,0.0003282592577108,2826.105844752547,0
wfcommons,deterministic,cycles,1.0,cycles_0,0,HEFT-Tp_static,0.0003131088304205,2868.2849277023056,0
wfcommons,deterministic,cycles,1.0,cycles_0,0,CPoP-Tp_static,0.0003180011559045,2907.7214666252585,0
wfcommons,deterministic,cycles,1.0,cycles_0,0,FastestNode,0.000157140219262,6363.743188703769,0
wfcommons,deterministic,cycles,1.0,cycles_0,0,MaxTP,0.0002826676941481,3547.639147047592,0
wfcommons,deterministic,cycles,1.0,cycles_2,0,HEFT_static,0.0006084624782284,1114.1729552324318,0
wfcommons,deterministic,cycles,1.0,cycles_2,0,CPoP_static,0.0007358150898615,1119.216332098361,0
wfcommons,deterministic,cycles,1.0,cycles_2,0,HEFT-Tp_static,0.0006591676847263,1111.3575684432683,0
wfcommons,deterministic,cycles,1.0,cycles_2,0,CPoP-Tp_static,0.0006731925290798,1137.043366628487,0
wfcommons,deterministic,cycles,1.0,cycles_2,0,FastestNode,0.0004696786096,2129.1154835677207,0
wfcommons,deterministic,cycles,1.0,cycles_2,0,MaxTP,0.0006203931150061,1152.693077849416,0
wfcommons,deterministic,cycles,1.0,cycles_6,0,HEFT_static,0.0005458141740756,1081.099885928541,0
wfcommons,deterministic,cycles,1.0,cycles_6,0,CPoP_static,0.0007325400757467,1110.7581393581313,0
wfcommons,deterministic,cycles,1.0,cycles_6,0,HEFT-Tp_static,0.0006789395823409,1080.0901943306817,0
wfcommons,deterministic,cycles,1.0,cycles_6,0,CPoP-Tp_static,0.0007732367465717,1147.4358650028323,0
wfcommons,deterministic,cycles,1.0,cycles_6,0,FastestNode,0.000629664202953,1588.1480879969315,0
wfcommons,deterministic,cycles,1.0,cycles_6,0,MaxTP,0.0006473609971532,1136.6853296968952,0
wfcommons,deterministic,cycles,1.0,cycles_5,0,HEFT_static,0.0011367913304482,814.0160822867916,0
wfcommons,deterministic,cycles,1.0,cycles_5,0,CPoP_static,0.0011805140739606,831.277769044737,0
wfcommons,deterministic,cycles,1.0,cycles_5,0,HEFT-Tp_static,0.0009591676853143,844.486004520033,0
wfcommons,deterministic,cycles,1.0,cycles_5,0,CPoP-Tp_static,0.0009027460565009,860.1463140556071,0
wfcommons,deterministic,cycles,1.0,cycles_5,0,FastestNode,0.0003952552145091,2530.0108974956256,0
wfcommons,deterministic,cycles,1.0,cycles_5,0,MaxTP,0.0011805140740514,886.1123254364837,0
wfcommons,deterministic,cycles,1.0,cycles_3,0,HEFT_static,0.0001734923388108,3490.116311390918,0
wfcommons,deterministic,cycles,1.0,cycles_3,0,CPoP_static,0.0002081908065619,3481.0336736341355,0
wfcommons,deterministic,cycles,1.0,cycles_3,0,HEFT-Tp_static,0.0002140969287354,3479.694583780615,0
wfcommons,deterministic,cycles,1.0,cycles_3,0,CPoP-Tp_static,0.0002269749394848,3558.316613563663,0
wfcommons,deterministic,cycles,1.0,cycles_3,0,FastestNode,0.0001484283742128,6737.256304958921,0
wfcommons,deterministic,cycles,1.0,cycles_3,0,MaxTP,0.0001922781334501,3578.330279196683,0
wfcommons,deterministic,cycles,1.0,cycles_7,0,HEFT_static,0.0009331590672111,1034.6619183241498,0
wfcommons,deterministic,cycles,1.0,cycles_7,0,CPoP_static,0.0009660738194466,1036.5058063856036,0
wfcommons,deterministic,cycles,1.0,cycles_7,0,HEFT-Tp_static,0.0010264749735217,1075.115839793751,0
wfcommons,deterministic,cycles,1.0,cycles_7,0,CPoP-Tp_static,0.0010352981403722,1076.5901744319906,0
wfcommons,deterministic,cycles,1.0,cycles_7,0,FastestNode,0.000294107310092,3400.1194995354786,0
wfcommons,deterministic,cycles,1.0,cycles_7,0,MaxTP,0.0008069272458195,1310.5906870401966,0
wfcommons,deterministic,cycles,1.0,cycles_4,0,HEFT_static,0.0004293104773996,1872.9314717058976,0
wfcommons,deterministic,cycles,1.0,cycles_4,0,CPoP_static,0.0005118701845814,1882.186377189679,0
wfcommons,deterministic,cycles,1.0,cycles_4,0,HEFT-Tp_static,0.0005448026551508,1905.1476010502904,0
wfcommons,deterministic,cycles,1.0,cycles_4,0,CPoP-Tp_static,0.0004839499928533,1940.6911063709224,0
wfcommons,deterministic,cycles,1.0,cycles_4,0,FastestNode,0.0002178796936843,4589.688846583285,0
wfcommons,deterministic,cycles,1.0,cycles_4,0,MaxTP,0.0005390301959972,1919.185176440023,0
wfcommons,deterministic,cycles,1.0,cycles_8,0,HEFT_static,0.0010909814500147,862.2431306543463,0
wfcommons,deterministic,cycles,1.0,cycles_8,0,CPoP_static,0.001178096757864,879.8442890491915,0
wfcommons,deterministic,cycles,1.0,cycles_8,0,HEFT-Tp_static,0.0010909814500147,893.0526309292543,0
wfcommons,deterministic,cycles,1.0,cycles_8,0,CPoP-Tp_static,0.0009546087687628,977.2504918330758,0
wfcommons,deterministic,cycles,1.0,cycles_8,0,FastestNode,0.0003509507452505,2849.4026969113575,0
wfcommons,deterministic,cycles,1.0,cycles_8,0,MaxTP,0.0011594303222651,952.5051383218351,0
wfcommons,deterministic,cycles,1.0,cycles_11,0,HEFT_static,0.0003633098448887,1928.523762175552,0
wfcommons,deterministic,cycles,1.0,cycles_11,0,CPoP_static,0.0003524647748886,1934.6953112280016,0
wfcommons,deterministic,cycles,1.0,cycles_11,0,HEFT-Tp_static,0.0004002566087756,1927.233874621852,0
wfcommons,deterministic,cycles,1.0,cycles_11,0,CPoP-Tp_static,0.000380889353497,1965.8206881351227,0
wfcommons,deterministic,cycles,1.0,cycles_11,0,FastestNode,0.0002728447551397,3665.087860999566,0
wfcommons,deterministic,cycles,1.0,cycles_11,0,MaxTP,0.0003748434907265,2213.4461883400477,0
wfcommons,deterministic,cycles,1.0,cycles_13,0,HEFT_static,0.0010836940725672,845.7202349654688,0
wfcommons,deterministic,cycles,1.0,cycles_13,0,CPoP_static,0.0011198172083459,839.8820686031271,0
wfcommons,deterministic,cycles,1.0,cycles_13,0,HEFT-Tp_static,0.0011584315951495,845.495718662442,0
wfcommons,deterministic,cycles,1.0,cycles_13,0,CPoP-Tp_static,0.000988074007366,885.6038770920003,0
wfcommons,deterministic,cycles,1.0,cycles_13,0,FastestNode,0.0004788354687631,2088.4000146919902,0
wfcommons,deterministic,cycles,1.0,cycles_13,0,MaxTP,0.0008613978526047,902.4442197887312,0
wfcommons,deterministic,cycles,1.0,cycles_10,0,HEFT_static,0.0001791651638435,3274.5185210141085,0
wfcommons,deterministic,cycles,1.0,cycles_10,0,CPoP_static,0.0002138784143167,3283.5916964985895,0
wfcommons,deterministic,cycles,1.0,cycles_10,0,HEFT-Tp_static,0.00022513517298,3267.549341268162,0
wfcommons,deterministic,cycles,1.0,cycles_10,0,CPoP-Tp_static,0.0002236637012497,3352.994905588221,0
wfcommons,deterministic,cycles,1.0,cycles_10,0,FastestNode,0.0001570920661506,6365.693853952112,0
wfcommons,deterministic,cycles,1.0,cycles_10,0,MaxTP,0.0001989566644873,3312.252114877069,0
wfcommons,deterministic,cycles,1.0,cycles_9,0,HEFT_static,0.0004291312989518,2357.5020259604244,0
wfcommons,deterministic,cycles,1.0,cycles_9,0,CPoP_static,0.0004299782338588,2366.945847101476,0
wfcommons,deterministic,cycles,1.0,cycles_9,0,HEFT-Tp_static,0.0004000376516452,2388.747680036982,0
wfcommons,deterministic,cycles,1.0,cycles_9,0,CPoP-Tp_static,0.0003869216629081,2461.8088457415165,0
wfcommons,deterministic,cycles,1.0,cycles_9,0,FastestNode,0.0001233991374957,8103.784356145284,0
wfcommons,deterministic,cycles,1.0,cycles_9,0,MaxTP,0.0004000740587657,2641.293767782752,0
wfcommons,deterministic,cycles,1.0,cycles_12,0,HEFT_static,0.0001659247403726,3519.812489998087,0
wfcommons,deterministic,cycles,1.0,cycles_12,0,CPoP_static,0.000201800359905,3527.858386997269,0
wfcommons,deterministic,cycles,1.0,cycles_12,0,HEFT-Tp_static,0.000201800359905,3510.60997412362,0
wfcommons,deterministic,cycles,1.0,cycles_12,0,CPoP-Tp_static,0.0002212329871398,3553.3377392310135,0
wfcommons,deterministic,cycles,1.0,cycles_12,0,FastestNode,0.0001714791788957,5831.611781905301,0
wfcommons,deterministic,cycles,1.0,cycles_12,0,MaxTP,0.0002004459950791,3560.737322436027,0
wfcommons,deterministic,cycles,1.0,cycles_14,0,HEFT_static,0.000220329210623,2808.943203679939,0
wfcommons,deterministic,cycles,1.0,cycles_14,0,CPoP_static,0.0002635310166165,2782.163793993374,0
wfcommons,deterministic,cycles,1.0,cycles_14,0,HEFT-Tp_static,0.0002609724630602,2806.424029241686,0
wfcommons,deterministic,cycles,1.0,cycles_14,0,CPoP-Tp_static,0.0002890340182126,2813.8738384634507,0
wfcommons,deterministic,cycles,1.0,cycles_14,0,FastestNode,0.0002051518252813,4874.438716928422,0
wfcommons,deterministic,cycles,1.0,cycles_14,0,MaxTP,0.0002297449888571,2820.25262607742,0
wfcommons,deterministic,cycles,1.0,cycles_15,0,HEFT_static,0.000862317896539,1171.3000611720863,0
wfcommons,deterministic,cycles,1.0,cycles_15,0,CPoP_static,0.0006854321742128,1174.2808131600666,0
wfcommons,deterministic,cycles,1.0,cycles_15,0,HEFT-Tp_static,0.0008353704624102,1201.078399517359,0
wfcommons,deterministic,cycles,1.0,cycles_15,0,CPoP-Tp_static,0.000685432174248,1231.8716404742331,0
wfcommons,deterministic,cycles,1.0,cycles_15,0,FastestNode,0.0002722016314635,3673.747268241429,0
wfcommons,deterministic,cycles,1.0,cycles_15,0,MaxTP,0.0008573654661092,1297.831595451996,0
wfcommons,deterministic,cycles,1.0,cycles_16,0,HEFT_static,0.0001778776466615,3225.8037665512848,0
wfcommons,deterministic,cycles,1.0,cycles_16,0,CPoP_static,0.0002176824347169,3226.0478592616532,0
wfcommons,deterministic,cycles,1.0,cycles_16,0,HEFT-Tp_static,0.0002272159720035,3217.1861236656005,0
wfcommons,deterministic,cycles,1.0,cycles_16,0,CPoP-Tp_static,0.0002323028967402,3244.9567357010073,0
wfcommons,deterministic,cycles,1.0,cycles_16,0,FastestNode,0.0001576867384193,6341.687386169197,0
wfcommons,deterministic,cycles,1.0,cycles_16,0,MaxTP,0.0002021336893748,3469.266062454801,0
wfcommons,deterministic,cycles,1.0,cycles_18,0,HEFT_static,0.0001645818749514,3941.45087490201,0
wfcommons,deterministic,cycles,1.0,cycles_18,0,CPoP_static,0.0001763377231618,3953.343595890215,0
wfcommons,deterministic,cycles,1.0,cycles_18,0,HEFT-Tp_static,0.0001921764408078,3944.9485148468057,0
wfcommons,deterministic,cycles,1.0,cycles_18,0,CPoP-Tp_static,0.0001782970311966,4007.691771946023,0
wfcommons,deterministic,cycles,1.0,cycles_18,0,FastestNode,0.0001320072240624,7575.342994314073,0
wfcommons,deterministic,cycles,1.0,cycles_18,0,MaxTP,0.0001654302351357,3973.659990025229,0
wfcommons,deterministic,cycles,1.0,cycles_19,0,HEFT_static,0.0002893443805824,2644.9450825253207,0
wfcommons,deterministic,cycles,1.0,cycles_19,0,CPoP_static,0.0003549291067759,2662.88316109038,0
wfcommons,deterministic,cycles,1.0,cycles_19,0,HEFT-Tp_static,0.000332746037611,2672.186767284212,0
wfcommons,deterministic,cycles,1.0,cycles_19,0,CPoP-Tp_static,0.0003059733679263,2700.493801673592,0
wfcommons,deterministic,cycles,1.0,cycles_19,0,FastestNode,0.0001383296215581,7229.1096349151485,0
wfcommons,deterministic,cycles,1.0,cycles_19,0,MaxTP,0.0003597254461334,2720.9569557111327,0
wfcommons,deterministic,cycles,1.0,cycles_17,0,HEFT_static,0.0003167263583685,2427.673205717029,0
wfcommons,deterministic,cycles,1.0,cycles_17,0,CPoP_static,0.0004157098358333,2448.0603290144213,0
wfcommons,deterministic,cycles,1.0,cycles_17,0,HEFT-Tp_static,0.0003388972034496,2440.1154733195513,0
wfcommons,deterministic,cycles,1.0,cycles_17,0,CPoP-Tp_static,0.000380783374627,2484.5879851394197,0
wfcommons,deterministic,cycles,1.0,cycles_17,0,FastestNode,0.0001462221164487,6838.910722170382,0
wfcommons,deterministic,cycles,1.0,cycles_17,0,MaxTP,0.0003567338983453,2488.3919131677108,0
wfcommons,deterministic,cycles,1.0,cycles_20,0,HEFT_static,0.0009636202121029,794.5387060969521,0
wfcommons,deterministic,cycles,1.0,cycles_20,0,CPoP_static,0.0011312063355535,814.043553146556,0
wfcommons,deterministic,cycles,1.0,cycles_20,0,HEFT-Tp_static,0.0011312063359469,834.266842344407,0
wfcommons,deterministic,cycles,1.0,cycles_20,0,CPoP-Tp_static,0.0012389402727038,899.4840855775409,0
wfcommons,deterministic,cycles,1.0,cycles_20,0,FastestNode,0.0003471049617244,2880.972934042339,0
wfcommons,deterministic,cycles,1.0,cycles_20,0,MaxTP,0.0011826248057627,927.113082732069,0
wfcommons,deterministic,cycles,1.0,cycles_21,0,HEFT_static,0.0004053101348777,1809.0767808110784,0
wfcommons,deterministic,cycles,1.0,cycles_21,0,CPoP_static,0.0005033690384795,1805.428309147711,0
wfcommons,deterministic,cycles,1.0,cycles_21,0,HEFT-Tp_static,0.0004953790537515,1830.282099884633,0
wfcommons,deterministic,cycles,1.0,cycles_21,0,CPoP-Tp_static,0.0004728618240332,1855.0363046782793,0
wfcommons,deterministic,cycles,1.0,cycles_21,0,FastestNode,0.0002095279907154,4772.632031575594,0
wfcommons,deterministic,cycles,1.0,cycles_21,0,MaxTP,0.0004801366214351,1998.366640419604,0
wfcommons,deterministic,cycles,1.0,cycles_23,0,HEFT_static,0.0004836287079176,1844.2195151528983,0
wfcommons,deterministic,cycles,1.0,cycles_23,0,CPoP_static,0.0004145388925085,1852.4161540270495,0
wfcommons,deterministic,cycles,1.0,cycles_23,0,HEFT-Tp_static,0.0005329785759518,1874.112536095158,0
wfcommons,deterministic,cycles,1.0,cycles_23,0,CPoP-Tp_static,0.0003956962155763,1951.946126603237,0
wfcommons,deterministic,cycles,1.0,cycles_23,0,FastestNode,0.0001518906357062,6583.684342030251,0
wfcommons,deterministic,cycles,1.0,cycles_23,0,MaxTP,0.0005065655287479,2064.9135310144843,0
wfcommons,deterministic,cycles,1.0,cycles_24,0,HEFT_static,0.0002357100208917,3585.426898029534,0
wfcommons,deterministic,cycles,1.0,cycles_24,0,CPoP_static,0.0002817055910967,3586.871002355433,0
wfcommons,deterministic,cycles,1.0,cycles_24,0,HEFT-Tp_static,0.0002459582826748,3607.340413884857,0
wfcommons,deterministic,cycles,1.0,cycles_24,0,CPoP-Tp_static,0.0002571382045999,3671.687003618659,0
wfcommons,deterministic,cycles,1.0,cycles_24,0,FastestNode,0.000113157763042,8837.219587210082,0
wfcommons,deterministic,cycles,1.0,cycles_24,0,MaxTP,0.0002381911790333,3857.7915407426894,0
wfcommons,deterministic,cycles,1.0,cycles_25,0,HEFT_static,0.000748634240702,983.6709295572396,0
wfcommons,deterministic,cycles,1.0,cycles_25,0,CPoP_static,0.0009565881964514,988.3504660141274,0
wfcommons,deterministic,cycles,1.0,cycles_25,0,HEFT-Tp_static,0.0010469125745284,1009.8927136616024,0
wfcommons,deterministic,cycles,1.0,cycles_25,0,CPoP-Tp_static,0.000930734461445,1053.5477540139177,0
wfcommons,deterministic,cycles,1.0,cycles_25,0,FastestNode,0.0003205840462317,3119.306814404344,0
wfcommons,deterministic,cycles,1.0,cycles_25,0,MaxTP,0.0010207042828041,1029.9814950444463,0
wfcommons,deterministic,cycles,1.0,cycles_22,0,HEFT_static,0.0005815295752181,1748.5390101635078,0
wfcommons,deterministic,cycles,1.0,cycles_22,0,CPoP_static,0.0005557022751036,1755.4337279044944,0
wfcommons,deterministic,cycles,1.0,cycles_22,0,HEFT-Tp_static,0.0005742256843941,1769.1736148151451,0
wfcommons,deterministic,cycles,1.0,cycles_22,0,CPoP-Tp_static,0.0005066697215242,1825.49934040174,0
wfcommons,deterministic,cycles,1.0,cycles_22,0,FastestNode,0.0001875961708507,5330.599209275886,0
wfcommons,deterministic,cycles,1.0,cycles_22,0,MaxTP,0.0005738350809009,1816.686805919387,0
wfcommons,deterministic,cycles,1.0,cycles_26,0,HEFT_static,0.0009223935908342,1084.237950598868,0
wfcommons,deterministic,cycles,1.0,cycles_26,0,CPoP_static,0.0009134181387156,1161.6795948819054,0
wfcommons,deterministic,cycles,1.0,cycles_26,0,HEFT-Tp_static,0.0008731606216824,1086.1211608868068,0
wfcommons,deterministic,cycles,1.0,cycles_26,0,CPoP-Tp_static,0.0007484233897996,1222.9386673327017,0
wfcommons,deterministic,cycles,1.0,cycles_26,0,FastestNode,0.0002366081970077,4226.39626456847,0
wfcommons,deterministic,cycles,1.0,cycles_26,0,MaxTP,0.0009160151496779,1165.633715735917,0
wfcommons,deterministic,cycles,1.0,cycles_29,0,HEFT_static,0.0002010401600559,3079.9583604051686,0
wfcommons,deterministic,cycles,1.0,cycles_29,0,CPoP_static,0.0002441201943567,3071.762826296406,0
wfcommons,deterministic,cycles,1.0,cycles_29,0,HEFT-Tp_static,0.0002357022566115,3070.3254265204464,0
wfcommons,deterministic,cycles,1.0,cycles_29,0,CPoP-Tp_static,0.0002579383185557,3137.0016103871635,0
wfcommons,deterministic,cycles,1.0,cycles_29,0,FastestNode,0.0001862411483876,5369.382699030734,0
wfcommons,deterministic,cycles,1.0,cycles_29,0,MaxTP,0.000229760182909,3102.2914453338635,0
wfcommons,deterministic,cycles,1.0,cycles_27,0,HEFT_static,0.0005303213326656,1659.4695038668497,0
wfcommons,deterministic,cycles,1.0,cycles_27,0,CPoP_static,0.0005996069043724,1676.7201745190853,0
wfcommons,deterministic,cycles,1.0,cycles_27,0,HEFT-Tp_static,0.0005134857348032,1677.800290564962,0
wfcommons,deterministic,cycles,1.0,cycles_27,0,CPoP-Tp_static,0.0005577517464241,1753.1609534956158,0
wfcommons,deterministic,cycles,1.0,cycles_27,0,FastestNode,0.0001917081516402,5216.262279114462,0
wfcommons,deterministic,cycles,1.0,cycles_27,0,MaxTP,0.0006021995879866,1740.229751964673,0
wfcommons,deterministic,cycles,2.0,cycles_1,0,HEFT_static,0.0001024020092245,3184.947106722221,0
wfcommons,deterministic,cycles,2.0,cycles_1,0,CPoP_static,0.000117030867688,3165.8533140090444,0
wfcommons,deterministic,cycles,2.0,cycles_1,0,HEFT-Tp_static,0.0001890498631465,3288.2139153656317,0
wfcommons,deterministic,cycles,2.0,cycles_1,0,CPoP-Tp_static,0.0002048040184184,3437.096602261369,0
wfcommons,deterministic,cycles,2.0,cycles_1,0,FastestNode,0.0001748846473141,5718.054817034246,0
wfcommons,deterministic,cycles,2.0,cycles_1,0,MaxTP,0.0001445675424242,3218.0200111942586,0
wfcommons,deterministic,cycles,1.0,cycles_28,0,HEFT_static,0.0004976208885578,1720.0093206926651,0
wfcommons,deterministic,cycles,1.0,cycles_28,0,CPoP_static,0.0005307956144877,1729.9580318388314,0
wfcommons,deterministic,cycles,1.0,cycles_28,0,HEFT-Tp_static,0.0005922020533189,1744.262839666505,0
wfcommons,deterministic,cycles,1.0,cycles_28,0,CPoP-Tp_static,0.00049762088869,1787.8089952307887,0
wfcommons,deterministic,cycles,1.0,cycles_28,0,FastestNode,0.0001922655329301,5201.140239541706,0
wfcommons,deterministic,cycles,1.0,cycles_28,0,MaxTP,0.0005832186298064,1763.9564817495595,0
wfcommons,deterministic,cycles,2.0,cycles_2,0,HEFT_static,0.0002471878817749,1160.6824122471482,0
wfcommons,deterministic,cycles,2.0,cycles_2,0,CPoP_static,0.0004394451231142,1148.296757303345,0
wfcommons,deterministic,cycles,2.0,cycles_2,0,HEFT-Tp_static,0.0004163164324185,1123.3033919749582,0
wfcommons,deterministic,cycles,2.0,cycles_2,0,CPoP-Tp_static,0.0004394451231265,1312.1138410735196,0
wfcommons,deterministic,cycles,2.0,cycles_2,0,FastestNode,0.0004696786096,2129.1154835677207,0
wfcommons,deterministic,cycles,2.0,cycles_2,0,MaxTP,0.0003955006107929,1198.7476136326627,0
wfcommons,deterministic,cycles,2.0,cycles_0,0,HEFT_static,0.0001356804931866,2882.3152024590254,0
wfcommons,deterministic,cycles,2.0,cycles_0,0,CPoP_static,0.0001785269646978,2858.1806943676356,0
wfcommons,deterministic,cycles,2.0,cycles_0,0,HEFT-Tp_static,0.0001754489135773,3003.278637453167,0
wfcommons,deterministic,cycles,2.0,cycles_0,0,CPoP-Tp_static,0.0001850188543378,3055.702581321294,0
wfcommons,deterministic,cycles,2.0,cycles_0,0,FastestNode,0.000157140219262,6363.743188703769,0
wfcommons,deterministic,cycles,2.0,cycles_0,0,MaxTP,0.0001641296288554,3765.752333414449,0
wfcommons,deterministic,cycles,2.0,cycles_6,0,HEFT_static,0.0003313871770969,1116.9967530223075,0
wfcommons,deterministic,cycles,2.0,cycles_6,0,CPoP_static,0.0003866183732966,1150.285266018544,0
wfcommons,deterministic,cycles,2.0,cycles_6,0,HEFT-Tp_static,0.0004970807655684,1127.416336554382,0
wfcommons,deterministic,cycles,2.0,cycles_6,0,CPoP-Tp_static,0.0004639420479533,1216.388668999913,0
wfcommons,deterministic,cycles,2.0,cycles_6,0,FastestNode,0.000629664202953,1588.1480879969315,0
wfcommons,deterministic,cycles,2.0,cycles_6,0,MaxTP,0.0003866183732966,1175.5096462745062,0
wfcommons,deterministic,cycles,2.0,cycles_5,0,HEFT_static,0.0005902570369576,839.9894812657462,0
wfcommons,deterministic,cycles,2.0,cycles_5,0,CPoP_static,0.0008077201557566,869.9900963160898,0
wfcommons,deterministic,cycles,2.0,cycles_5,0,HEFT-Tp_static,0.0005683956652662,953.5243765815978,0
wfcommons,deterministic,cycles,2.0,cycles_5,0,CPoP-Tp_static,0.0005902570369121,943.729679193368,0
wfcommons,deterministic,cycles,2.0,cycles_5,0,FastestNode,0.0003952552145091,2530.0108974956256,0
wfcommons,deterministic,cycles,2.0,cycles_5,0,MaxTP,0.000667247085436,929.9509798742598,0
wfcommons,deterministic,cycles,2.0,cycles_3,0,HEFT_static,8.775484579364592e-05,3519.9918791151913,0
wfcommons,deterministic,cycles,2.0,cycles_3,0,CPoP_static,0.0001026791392918,3519.191307975724,0
wfcommons,deterministic,cycles,2.0,cycles_3,0,HEFT-Tp_static,0.0001465420725723,3820.586227720764,0
wfcommons,deterministic,cycles,2.0,cycles_3,0,CPoP-Tp_static,0.0001588824576253,3621.46853816971,0
wfcommons,deterministic,cycles,2.0,cycles_3,0,FastestNode,0.0001484283742128,6737.256304958921,0
wfcommons,deterministic,cycles,2.0,cycles_3,0,MaxTP,0.000118849082481,3597.70872645539,0
wfcommons,deterministic,cycles,2.0,cycles_7,0,HEFT_static,0.0004399178458704,1090.4469184808754,0
wfcommons,deterministic,cycles,2.0,cycles_7,0,CPoP_static,0.0004966814389995,1102.191245636311,0
wfcommons,deterministic,cycles,2.0,cycles_7,0,HEFT-Tp_static,0.0006415468584136,1102.384571782008,0
wfcommons,deterministic,cycles,2.0,cycles_7,0,CPoP-Tp_static,0.0005921971003455,1172.63191189462,0
wfcommons,deterministic,cycles,2.0,cycles_7,0,FastestNode,0.000294107310092,3400.1194995354786,0
wfcommons,deterministic,cycles,2.0,cycles_7,0,MaxTP,0.0006415468587076,1524.7277295904537,0
wfcommons,deterministic,cycles,2.0,cycles_4,0,HEFT_static,0.0002334846456011,1896.9781047004733,0
wfcommons,deterministic,cycles,2.0,cycles_4,0,CPoP_static,0.0002609534274524,1904.8787901413511,0
wfcommons,deterministic,cycles,2.0,cycles_4,0,HEFT-Tp_static,0.0002559350922661,2118.8505826751493,0
wfcommons,deterministic,cycles,2.0,cycles_4,0,CPoP-Tp_static,0.000283162229861,2099.990144253825,0
wfcommons,deterministic,cycles,2.0,cycles_4,0,FastestNode,0.0002178796936843,4589.688846583285,0
wfcommons,deterministic,cycles,2.0,cycles_4,0,MaxTP,0.0002716045877815,2044.5218427108132,0
wfcommons,deterministic,cycles,2.0,cycles_11,0,HEFT_static,0.0001711242023068,1973.102574635748,0
wfcommons,deterministic,cycles,2.0,cycles_11,0,CPoP_static,0.0002071503501473,1972.5569441561152,0
wfcommons,deterministic,cycles,2.0,cycles_11,0,HEFT-Tp_static,0.0002745946501828,2233.895427869846,0
wfcommons,deterministic,cycles,2.0,cycles_11,0,CPoP-Tp_static,0.000268353862668,2158.426164522411,0
wfcommons,deterministic,cycles,2.0,cycles_11,0,FastestNode,0.0002728447551397,3665.087860999566,0
wfcommons,deterministic,cycles,2.0,cycles_11,0,MaxTP,0.0002227843388215,2201.308930438545,0
wfcommons,deterministic,cycles,2.0,cycles_8,0,HEFT_static,0.0006942609223263,926.6518960887258,0
wfcommons,deterministic,cycles,2.0,cycles_8,0,CPoP_static,0.0006109496117883,973.3786313124324,0
wfcommons,deterministic,cycles,2.0,cycles_8,0,HEFT-Tp_static,0.0006942609227366,951.6250460038112,0
wfcommons,deterministic,cycles,2.0,cycles_8,0,CPoP-Tp_static,0.0005656940851928,1103.0734622610669,0
wfcommons,deterministic,cycles,2.0,cycles_8,0,FastestNode,0.0003509507452505,2849.4026969113575,0
wfcommons,deterministic,cycles,2.0,cycles_8,0,MaxTP,0.0007636870150103,1057.0237181483171,0
wfcommons,deterministic,cycles,2.0,cycles_13,0,HEFT_static,0.0003428011862638,893.0923065252647,0
wfcommons,deterministic,cycles,2.0,cycles_13,0,CPoP_static,0.0005792157974349,859.4216468305933,0
wfcommons,deterministic,cycles,2.0,cycles_13,0,HEFT-Tp_static,0.0005999020758667,941.459764148056,0
wfcommons,deterministic,cycles,2.0,cycles_13,0,CPoP-Tp_static,0.0005792157975747,986.8465897572274,0
wfcommons,deterministic,cycles,2.0,cycles_13,0,FastestNode,0.0004788354687631,2088.4000146919902,0
wfcommons,deterministic,cycles,2.0,cycles_13,0,MaxTP,0.0005792157974549,989.3743709510528,0
wfcommons,deterministic,cycles,2.0,cycles_10,0,HEFT_static,8.3059578379715e-05,3303.896420821651,0
wfcommons,deterministic,cycles,2.0,cycles_10,0,CPoP_static,0.0001140684876368,3317.2113439290465,0
wfcommons,deterministic,cycles,2.0,cycles_10,0,HEFT-Tp_static,0.0001450023147802,3324.168926394756,0
wfcommons,deterministic,cycles,2.0,cycles_10,0,CPoP-Tp_static,0.0001645218571572,3541.8469628880034,0
wfcommons,deterministic,cycles,2.0,cycles_10,0,FastestNode,0.0001570920661506,6365.693853952112,0
wfcommons,deterministic,cycles,2.0,cycles_10,0,MaxTP,0.0001316174857303,3327.501374596237,0
wfcommons,deterministic,cycles,2.0,cycles_9,0,HEFT_static,0.0002458564734069,2400.145590657929,0
wfcommons,deterministic,cycles,2.0,cycles_9,0,CPoP_static,0.0002000188257683,2409.3549229480273,0
wfcommons,deterministic,cycles,2.0,cycles_9,0,HEFT-Tp_static,0.0002510874620425,2483.9528538573086,0
wfcommons,deterministic,cycles,2.0,cycles_9,0,CPoP-Tp_static,0.0002744444352714,2525.014183912988,0
wfcommons,deterministic,cycles,2.0,cycles_9,0,FastestNode,0.0001233991374957,8103.784356145284,0
wfcommons,deterministic,cycles,2.0,cycles_9,0,MaxTP,0.0002360222144706,2889.1963865753382,0
wfcommons,deterministic,cycles,2.0,cycles_12,0,HEFT_static,8.73288107223201e-05,3553.3225774639195,0
wfcommons,deterministic,cycles,2.0,cycles_12,0,CPoP_static,0.0001139940964348,3554.958773347261,0
wfcommons,deterministic,cycles,2.0,cycles_12,0,HEFT-Tp_static,0.0001194658130617,3553.534689729163,0
wfcommons,deterministic,cycles,2.0,cycles_12,0,CPoP-Tp_static,0.0001464041826627,3690.253884243866,0
wfcommons,deterministic,cycles,2.0,cycles_12,0,FastestNode,0.0001714791788957,5831.611781905301,0
wfcommons,deterministic,cycles,2.0,cycles_12,0,MaxTP,0.0001157614467677,3610.6201773331863,0
wfcommons,deterministic,cycles,2.0,cycles_14,0,HEFT_static,0.0001244452022914,2846.0719191145586,0
wfcommons,deterministic,cycles,2.0,cycles_14,0,CPoP_static,0.0001619286969475,2844.3057960767615,0
wfcommons,deterministic,cycles,2.0,cycles_14,0,HEFT-Tp_static,0.0001816227276515,2844.658980950303,0
wfcommons,deterministic,cycles,2.0,cycles_14,0,CPoP-Tp_static,0.0001701276183162,2945.41188649719,0
wfcommons,deterministic,cycles,2.0,cycles_14,0,FastestNode,0.0002051518252813,4874.438716928422,0
wfcommons,deterministic,cycles,2.0,cycles_14,0,MaxTP,0.0001510121555898,2826.446691161521,0
wfcommons,deterministic,cycles,2.0,cycles_15,0,HEFT_static,0.0004176852312573,1193.682850137979,0
wfcommons,deterministic,cycles,2.0,cycles_15,0,CPoP_static,0.0005346370957741,1251.7723755602087,0
wfcommons,deterministic,cycles,2.0,cycles_15,0,HEFT-Tp_static,0.0004608940482839,1269.089177968807,0
wfcommons,deterministic,cycles,2.0,cycles_15,0,CPoP-Tp_static,0.0004608940480773,1569.776296311024,0
wfcommons,deterministic,cycles,2.0,cycles_15,0,FastestNode,0.0002722016314635,3673.747268241429,0
wfcommons,deterministic,cycles,2.0,cycles_15,0,MaxTP,0.0004608940481568,1447.056993396644,0
wfcommons,deterministic,cycles,2.0,cycles_16,0,HEFT_static,9.490423221234627e-05,3258.4402571787555,0
wfcommons,deterministic,cycles,2.0,cycles_16,0,CPoP_static,0.000121596047513,3262.558824396729,0
wfcommons,deterministic,cycles,2.0,cycles_16,0,HEFT-Tp_static,0.0001511096512759,3404.9870419549966,0
wfcommons,deterministic,cycles,2.0,cycles_16,0,CPoP-Tp_static,0.0001655775965964,3303.8247265608707,0
wfcommons,deterministic,cycles,2.0,cycles_16,0,FastestNode,0.0001576867384193,6341.687386169197,0
wfcommons,deterministic,cycles,2.0,cycles_16,0,MaxTP,0.0001307923872331,3417.9818355831367,0
wfcommons,deterministic,cycles,2.0,cycles_18,0,HEFT_static,8.490334818875076e-05,3972.601394590424,0
wfcommons,deterministic,cycles,2.0,cycles_18,0,CPoP_static,8.627275702930475e-05,3953.7396449075222,0
wfcommons,deterministic,cycles,2.0,cycles_18,0,HEFT-Tp_static,0.0001188646874575,3955.1101008210353,0
wfcommons,deterministic,cycles,2.0,cycles_18,0,CPoP-Tp_static,0.0001337227733933,4460.378513572727,0
wfcommons,deterministic,cycles,2.0,cycles_18,0,FastestNode,0.0001320072240624,7575.342994314073,0
wfcommons,deterministic,cycles,2.0,cycles_18,0,MaxTP,0.0001069782187166,3980.71516850652,0
wfcommons,deterministic,cycles,2.0,cycles_20,0,HEFT_static,0.0005203549145356,878.6212717207165,0
wfcommons,deterministic,cycles,2.0,cycles_20,0,CPoP_static,0.0006846775188375,902.5635766793808,0
wfcommons,deterministic,cycles,2.0,cycles_20,0,HEFT-Tp_static,0.0006846775187294,906.743024081581,0
wfcommons,deterministic,cycles,2.0,cycles_20,0,CPoP-Tp_static,0.0006504436431695,1036.3197840058288,0
wfcommons,deterministic,cycles,2.0,cycles_20,0,FastestNode,0.0003471049617244,2880.972934042339,0
wfcommons,deterministic,cycles,2.0,cycles_20,0,MaxTP,0.0006194701362634,1039.9983071075137,0
wfcommons,deterministic,cycles,2.0,cycles_17,0,HEFT_static,0.0001613796207242,2451.7686720120223,0
wfcommons,deterministic,cycles,2.0,cycles_17,0,CPoP_static,0.000190391687322,2458.515229581789,0
wfcommons,deterministic,cycles,2.0,cycles_17,0,HEFT-Tp_static,0.0002172417970702,2545.160180057881,0
wfcommons,deterministic,cycles,2.0,cycles_17,0,CPoP-Tp_static,0.0002144919008946,2665.2247950819683,0
wfcommons,deterministic,cycles,2.0,cycles_17,0,FastestNode,0.0001462221164487,6838.910722170382,0
wfcommons,deterministic,cycles,2.0,cycles_17,0,MaxTP,0.0001970332578266,2522.8954783770155,0
wfcommons,deterministic,cycles,2.0,cycles_19,0,HEFT_static,0.0001344428434758,2693.986178065356,0
wfcommons,deterministic,cycles,2.0,cycles_19,0,CPoP_static,0.0002146748629354,2703.307803113733,0
wfcommons,deterministic,cycles,2.0,cycles_19,0,HEFT-Tp_static,0.0001928962536789,2797.7885426823254,0
wfcommons,deterministic,cycles,2.0,cycles_19,0,CPoP-Tp_static,0.0001874625564013,2738.3871086938657,0
wfcommons,deterministic,cycles,2.0,cycles_19,0,FastestNode,0.0001383296215581,7229.1096349151485,0
wfcommons,deterministic,cycles,2.0,cycles_19,0,MaxTP,0.0001874625564357,2732.6288805217323,0
wfcommons,deterministic,cycles,2.0,cycles_21,0,HEFT_static,0.0001773231840245,1845.3547183436096,0
wfcommons,deterministic,cycles,2.0,cycles_21,0,CPoP_static,0.0002737621086265,1832.4873421522148,0
wfcommons,deterministic,cycles,2.0,cycles_21,0,HEFT-Tp_static,0.0002889711146884,1919.5445441022505,0
wfcommons,deterministic,cycles,2.0,cycles_21,0,CPoP-Tp_static,0.0003059694155424,1981.1111713189773,0
wfcommons,deterministic,cycles,2.0,cycles_21,0,FastestNode,0.0002095279907154,4772.632031575594,0
wfcommons,deterministic,cycles,2.0,cycles_21,0,MaxTP,0.0002690420722584,2092.5241922412806,0
wfcommons,deterministic,cycles,2.0,cycles_23,0,HEFT_static,0.0002251375019115,1881.7672580426329,0
wfcommons,deterministic,cycles,2.0,cycles_23,0,CPoP_static,0.0003184871979029,1889.907384497002,0
wfcommons,deterministic,cycles,2.0,cycles_23,0,HEFT-Tp_static,0.000277829257745,1945.5505881937688,0
wfcommons,deterministic,cycles,2.0,cycles_23,0,CPoP-Tp_static,0.0002901772246012,2316.5749042345974,0
wfcommons,deterministic,cycles,2.0,cycles_23,0,FastestNode,0.0001518906357062,6583.684342030251,0
wfcommons,deterministic,cycles,2.0,cycles_23,0,MaxTP,0.0002838690241128,2171.292802485145,0
wfcommons,deterministic,cycles,2.0,cycles_24,0,HEFT_static,0.0001154498061528,3631.616386000385,0
wfcommons,deterministic,cycles,2.0,cycles_24,0,CPoP_static,0.0001432162152261,3637.9331503677377,0
wfcommons,deterministic,cycles,2.0,cycles_24,0,HEFT-Tp_static,0.0001469361169288,3703.722249634011,0
wfcommons,deterministic,cycles,2.0,cycles_24,0,CPoP-Tp_static,0.0001663835441379,3753.054633325463,0
wfcommons,deterministic,cycles,2.0,cycles_24,0,FastestNode,0.000113157763042,8837.219587210082,0
wfcommons,deterministic,cycles,2.0,cycles_24,0,MaxTP,0.000124330560474,4081.34546322634,0
wfcommons,deterministic,cycles,2.0,cycles_25,0,HEFT_static,0.0004782940982523,1010.7003984201596,0
wfcommons,deterministic,cycles,2.0,cycles_25,0,CPoP_static,0.0005554383076075,1028.4476859242834,0
wfcommons,deterministic,cycles,2.0,cycles_25,0,HEFT-Tp_static,0.0006377254644958,1057.4268533519348,0
wfcommons,deterministic,cycles,2.0,cycles_25,0,CPoP-Tp_static,0.000521775379789,1234.895808971014,0
wfcommons,deterministic,cycles,2.0,cycles_25,0,FastestNode,0.0003205840462317,3119.306814404344,0
wfcommons,deterministic,cycles,2.0,cycles_25,0,MaxTP,0.0005739529180462,1115.876687380066,0
wfcommons,deterministic,cycles,2.0,cycles_22,0,HEFT_static,0.0002571159780178,1789.9883266000998,0
wfcommons,deterministic,cycles,2.0,cycles_22,0,CPoP_static,0.0003076209022441,1781.378803201157,0
wfcommons,deterministic,cycles,2.0,cycles_22,0,HEFT-Tp_static,0.0003588910525594,1811.929825043337,0
wfcommons,deterministic,cycles,2.0,cycles_22,0,CPoP-Tp_static,0.0003312840485742,1865.9614845160404,0
wfcommons,deterministic,cycles,2.0,cycles_22,0,FastestNode,0.0001875961708507,5330.599209275886,0
wfcommons,deterministic,cycles,2.0,cycles_22,0,MaxTP,0.0003515667454326,1907.729055722656,0
wfcommons,deterministic,cycles,2.0,cycles_26,0,HEFT_static,0.0005457253883468,1123.3960317105805,0
wfcommons,deterministic,cycles,2.0,cycles_26,0,CPoP_static,0.0004365803106665,1161.1865075981505,0
wfcommons,deterministic,cycles,2.0,cycles_26,0,HEFT-Tp_static,0.000503746512509,1269.152196538174,0
wfcommons,deterministic,cycles,2.0,cycles_26,0,CPoP-Tp_static,0.0004365803108412,1316.7065868293157,0
wfcommons,deterministic,cycles,2.0,cycles_26,0,FastestNode,0.0002366081970077,4226.39626456847,0
wfcommons,deterministic,cycles,2.0,cycles_26,0,MaxTP,0.000569452579358,1306.5034187107535,0
wfcommons,deterministic,cycles,2.0,cycles_29,0,HEFT_static,0.0001005200800287,3114.204014348538,0
wfcommons,deterministic,cycles,2.0,cycles_29,0,CPoP_static,0.0001209799193242,3110.2995946195138,0
wfcommons,deterministic,cycles,2.0,cycles_29,0,HEFT-Tp_static,0.0001898712622454,3124.346880282674,0
wfcommons,deterministic,cycles,2.0,cycles_29,0,CPoP-Tp_static,0.0001775419595108,3097.9664382020437,0
wfcommons,deterministic,cycles,2.0,cycles_29,0,FastestNode,0.0001862411483876,5369.382699030734,0
wfcommons,deterministic,cycles,2.0,cycles_29,0,MaxTP,0.0001454333072574,3091.450468782054,0
wfcommons,deterministic,cycles,2.0,cycles_27,0,HEFT_static,0.0002488430868125,1714.500317881236,0
wfcommons,deterministic,cycles,2.0,cycles_27,0,CPoP_static,0.0002185783870619,1703.1806746478974,0
wfcommons,deterministic,cycles,2.0,cycles_27,0,HEFT-Tp_static,0.0003441446944996,1740.8190498783454,0
wfcommons,deterministic,cycles,2.0,cycles_27,0,CPoP-Tp_static,0.000323496012926,1803.4909659083717,0
wfcommons,deterministic,cycles,2.0,cycles_27,0,FastestNode,0.0001917081516402,5216.262279114462,0
wfcommons,deterministic,cycles,2.0,cycles_27,0,MaxTP,0.0003110538585827,1807.1237481765456,0
wfcommons,deterministic,cycles,5.0,cycles_1,0,HEFT_static,4.062228465115267e-05,3305.350997064784,0
wfcommons,deterministic,cycles,5.0,cycles_1,0,CPoP_static,4.866630141490009e-05,3299.0595023081505,0
wfcommons,deterministic,cycles,5.0,cycles_1,0,HEFT-Tp_static,9.452493156308086e-05,3431.4308124001295,0
wfcommons,deterministic,cycles,5.0,cycles_1,0,CPoP-Tp_static,9.274144230324668e-05,4001.6935717327774,0
wfcommons,deterministic,cycles,5.0,cycles_1,0,FastestNode,0.0001748846473141,5718.054817034246,0
wfcommons,deterministic,cycles,5.0,cycles_1,0,MaxTP,9.637836160594032e-05,3330.161859768987,0
wfcommons,deterministic,cycles,2.0,cycles_28,0,HEFT_static,0.0002568365876571,1759.9511293390085,0
wfcommons,deterministic,cycles,2.0,cycles_28,0,CPoP_static,0.0003317472590092,1770.8554949262443,0
wfcommons,deterministic,cycles,2.0,cycles_28,0,HEFT-Tp_static,0.000361906100775,1791.5071175514024,0
wfcommons,deterministic,cycles,2.0,cycles_28,0,CPoP-Tp_static,0.0003122327144721,1834.8018157142703,0
wfcommons,deterministic,cycles,2.0,cycles_28,0,FastestNode,0.0001922655329301,5201.140239541706,0
wfcommons,deterministic,cycles,2.0,cycles_28,0,MaxTP,0.0003249769067537,1839.6496575514752,0
wfcommons,deterministic,cycles,5.0,cycles_2,0,HEFT_static,0.0001130001745251,1216.1299021500151,0
wfcommons,deterministic,cycles,5.0,cycles_2,0,CPoP_static,0.0001917578718942,1223.766870531945,0
wfcommons,deterministic,cycles,5.0,cycles_2,0,HEFT-Tp_static,0.0002343707322994,1178.8555363689338,0
wfcommons,deterministic,cycles,5.0,cycles_2,0,CPoP-Tp_static,0.0002636670738246,1258.4154688640065,0
wfcommons,deterministic,cycles,5.0,cycles_2,0,FastestNode,0.0004696786096,2129.1154835677207,0
wfcommons,deterministic,cycles,5.0,cycles_2,0,MaxTP,0.0002260003490221,1295.5729392112712,0
wfcommons,deterministic,cycles,5.0,cycles_0,0,HEFT_static,6.672811140001447e-05,3006.0202436346012,0
wfcommons,deterministic,cycles,5.0,cycles_0,0,CPoP_static,6.899008127619832e-05,3050.4288142776213,0
wfcommons,deterministic,cycles,5.0,cycles_0,0,HEFT-Tp_static,0.0001100112106975,4348.9724338079095,0
wfcommons,deterministic,cycles,5.0,cycles_0,0,CPoP-Tp_static,0.0001043696101257,4051.4454157957007,0
wfcommons,deterministic,cycles,5.0,cycles_0,0,FastestNode,0.000157140219262,6363.743188703769,0
wfcommons,deterministic,cycles,5.0,cycles_0,0,MaxTP,9.466080920258716e-05,3540.9140708277187,0
wfcommons,deterministic,cycles,5.0,cycles_6,0,HEFT_static,0.000121028360344,1227.567857397261,0
wfcommons,deterministic,cycles,5.0,cycles_6,0,CPoP_static,0.0001855768191751,1260.7224857317044,0
wfcommons,deterministic,cycles,5.0,cycles_6,0,HEFT-Tp_static,0.0002930160302524,1322.859586797576,0
wfcommons,deterministic,cycles,5.0,cycles_6,0,CPoP-Tp_static,0.0002930160302832,1480.5809641880733,0
wfcommons,deterministic,cycles,5.0,cycles_6,0,FastestNode,0.000629664202953,1588.1480879969315,0
wfcommons,deterministic,cycles,5.0,cycles_6,0,MaxTP,0.0002061964657448,1235.2053726991276,0
wfcommons,deterministic,cycles,5.0,cycles_5,0,HEFT_static,0.0002116783857245,1007.1421255342784,0
wfcommons,deterministic,cycles,5.0,cycles_5,0,CPoP_static,0.0003610984225366,993.5587413876618,0
wfcommons,deterministic,cycles,5.0,cycles_5,0,HEFT-Tp_static,0.0002923177706928,1101.580587187117,0
wfcommons,deterministic,cycles,5.0,cycles_5,0,CPoP-Tp_static,0.0002923177706928,1247.78964961007,0
wfcommons,deterministic,cycles,5.0,cycles_5,0,FastestNode,0.0003952552145091,2530.0108974956256,0
wfcommons,deterministic,cycles,5.0,cycles_5,0,MaxTP,0.0003069336593005,1271.7564933039966,0
wfcommons,deterministic,cycles,5.0,cycles_3,0,HEFT_static,3.510193831786649e-05,3618.2806071856726,0
wfcommons,deterministic,cycles,5.0,cycles_3,0,CPoP_static,4.251784077681812e-05,3618.3600131231815,0
wfcommons,deterministic,cycles,5.0,cycles_3,0,HEFT-Tp_static,7.642447328388787e-05,3569.9463101439596,0
wfcommons,deterministic,cycles,5.0,cycles_3,0,CPoP-Tp_static,7.102980458680583e-05,4072.0968408219887,0
wfcommons,deterministic,cycles,5.0,cycles_3,0,FastestNode,0.0001484283742128,6737.256304958921,0
wfcommons,deterministic,cycles,5.0,cycles_3,0,MaxTP,6.708370433391249e-05,3735.112920910703,0
wfcommons,deterministic,cycles,5.0,cycles_7,0,HEFT_static,0.0001811426423947,1284.3928919405496,0
wfcommons,deterministic,cycles,5.0,cycles_7,0,CPoP_static,0.000324149991768,1134.544399895946,0
wfcommons,deterministic,cycles,5.0,cycles_7,0,HEFT-Tp_static,0.0002799477200361,1955.3141889844885,0
wfcommons,deterministic,cycles,5.0,cycles_7,0,CPoP-Tp_static,0.0002932785638549,1582.6511114056204,0
wfcommons,deterministic,cycles,5.0,cycles_7,0,FastestNode,0.000294107310092,3400.1194995354786,0
wfcommons,deterministic,cycles,5.0,cycles_7,0,MaxTP,0.0002677760800398,1800.3989240101828,0
wfcommons,deterministic,cycles,5.0,cycles_4,0,HEFT_static,9.178361931210976e-05,2009.9512818747091,0
wfcommons,deterministic,cycles,5.0,cycles_4,0,CPoP_static,8.449920508529119e-05,2027.955348098182,0
wfcommons,deterministic,cycles,5.0,cycles_4,0,HEFT-Tp_static,0.0001267488076068,2182.353490869893,0
wfcommons,deterministic,cycles,5.0,cycles_4,0,CPoP-Tp_static,0.0001182988871419,2958.553511548849,0
wfcommons,deterministic,cycles,5.0,cycles_4,0,FastestNode,0.0002178796936843,4589.688846583285,0
wfcommons,deterministic,cycles,5.0,cycles_4,0,MaxTP,0.000136498715898,2381.0127718231333,0
wfcommons,deterministic,cycles,5.0,cycles_11,0,HEFT_static,7.266196897664069e-05,2096.2685114888513,0
wfcommons,deterministic,cycles,5.0,cycles_11,0,CPoP_static,9.638832618375824e-05,2079.29032531215,0
wfcommons,deterministic,cycles,5.0,cycles_11,0,HEFT-Tp_static,0.0001523557413766,2019.6993962864185,0
wfcommons,deterministic,cycles,5.0,cycles_11,0,CPoP-Tp_static,0.0001574342660821,2104.401994365461,0
wfcommons,deterministic,cycles,5.0,cycles_11,0,FastestNode,0.0002728447551397,3665.087860999566,0
wfcommons,deterministic,cycles,5.0,cycles_11,0,MaxTP,0.0001431220600712,2387.356968949906,0
wfcommons,deterministic,cycles,5.0,cycles_8,0,HEFT_static,0.0003215524273727,1056.2162074555738,0
wfcommons,deterministic,cycles,5.0,cycles_8,0,CPoP_static,0.0003394164511156,1163.7965245817525,0
wfcommons,deterministic,cycles,5.0,cycles_8,0,HEFT-Tp_static,0.0003054748060041,1157.8230958152103,0
wfcommons,deterministic,cycles,5.0,cycles_8,0,CPoP-Tp_static,0.0003394164507951,1555.090357420915,0
wfcommons,deterministic,cycles,5.0,cycles_8,0,FastestNode,0.0003509507452505,2849.4026969113575,0
wfcommons,deterministic,cycles,5.0,cycles_8,0,MaxTP,0.0003394164510779,1375.1863805749288,0
wfcommons,deterministic,cycles,5.0,cycles_13,0,HEFT_static,0.0002167388145693,949.0173678336243,0
wfcommons,deterministic,cycles,5.0,cycles_13,0,CPoP_static,0.0002584193557615,955.1917288335372,0
wfcommons,deterministic,cycles,5.0,cycles_13,0,HEFT-Tp_static,0.0002799543021611,1059.1809194572616,0
wfcommons,deterministic,cycles,5.0,cycles_13,0,CPoP-Tp_static,0.0002921262282531,1289.9692249384873,0
wfcommons,deterministic,cycles,5.0,cycles_13,0,FastestNode,0.0004788354687631,2088.4000146919902,0
wfcommons,deterministic,cycles,5.0,cycles_13,0,MaxTP,0.0003199477738375,1238.1565808707658,0
wfcommons,deterministic,cycles,5.0,cycles_10,0,HEFT_static,4.122957384577363e-05,3370.0680797517853,0
wfcommons,deterministic,cycles,5.0,cycles_10,0,CPoP_static,4.624398147489332e-05,3430.221190945285,0
wfcommons,deterministic,cycles,5.0,cycles_10,0,HEFT-Tp_static,7.690010401498754e-05,3401.0928046996405,0
wfcommons,deterministic,cycles,5.0,cycles_10,0,CPoP-Tp_static,9.777298939101772e-05,3759.9545304718968,0
wfcommons,deterministic,cycles,5.0,cycles_10,0,FastestNode,0.0001570920661506,6365.693853952112,0
wfcommons,deterministic,cycles,5.0,cycles_10,0,MaxTP,7.359257266298066e-05,3461.426035190262,0
wfcommons,deterministic,cycles,5.0,cycles_9,0,HEFT_static,9.0777774770235e-05,2526.6813322575763,0
wfcommons,deterministic,cycles,5.0,cycles_9,0,CPoP_static,9.633559774314054e-05,2529.452912700197,0
wfcommons,deterministic,cycles,5.0,cycles_9,0,HEFT-Tp_static,0.0001151327875466,3341.689790505178,0
wfcommons,deterministic,cycles,5.0,cycles_9,0,CPoP-Tp_static,0.0001072828247594,3587.3955122979837,0
wfcommons,deterministic,cycles,5.0,cycles_9,0,FastestNode,0.0001233991374957,8103.784356145284,0
wfcommons,deterministic,cycles,5.0,cycles_9,0,MaxTP,0.0001151327875466,2898.1715603332445,0
wfcommons,deterministic,cycles,5.0,cycles_12,0,HEFT_static,3.664595492838759e-05,3627.710021248302,0
wfcommons,deterministic,cycles,5.0,cycles_12,0,CPoP_static,4.4576795918480586e-05,3618.095576222691,0
wfcommons,deterministic,cycles,5.0,cycles_12,0,HEFT-Tp_static,6.945686805202434e-05,3684.5014984449863,0
wfcommons,deterministic,cycles,5.0,cycles_12,0,CPoP-Tp_static,8.915359182165869e-05,3615.096256447234,0
wfcommons,deterministic,cycles,5.0,cycles_12,0,FastestNode,0.0001714791788957,5831.611781905301,0
wfcommons,deterministic,cycles,5.0,cycles_12,0,MaxTP,6.865851324943477e-05,3646.140097752483,0
wfcommons,deterministic,cycles,5.0,cycles_14,0,HEFT_static,4.634510982112679e-05,2901.6025937769123,0
wfcommons,deterministic,cycles,5.0,cycles_14,0,CPoP_static,5.65898183053654e-05,2961.934363259295,0
wfcommons,deterministic,cycles,5.0,cycles_14,0,HEFT-Tp_static,8.671020545726957e-05,2833.0981594019477,0
wfcommons,deterministic,cycles,5.0,cycles_14,0,CPoP-Tp_static,0.0001120006820477,3147.262270413658,0
wfcommons,deterministic,cycles,5.0,cycles_14,0,FastestNode,0.0002051518252813,4874.438716928422,0
wfcommons,deterministic,cycles,5.0,cycles_14,0,MaxTP,9.111919895823545e-05,2921.0879808124023,0
wfcommons,deterministic,cycles,5.0,cycles_15,0,HEFT_static,0.0001782123653008,1375.5969837392388,0
wfcommons,deterministic,cycles,5.0,cycles_15,0,CPoP_static,0.0002545890932408,1435.5523322280771,0
wfcommons,deterministic,cycles,5.0,cycles_15,0,HEFT-Tp_static,0.0002324509112477,1500.902751243853,0
wfcommons,deterministic,cycles,5.0,cycles_15,0,CPoP-Tp_static,0.0001980137392334,1757.3923489305014,0
wfcommons,deterministic,cycles,5.0,cycles_15,0,FastestNode,0.0002722016314635,3673.747268241429,0
wfcommons,deterministic,cycles,5.0,cycles_15,0,MaxTP,0.0001980137391674,1658.1428835561994,0
wfcommons,deterministic,cycles,5.0,cycles_16,0,HEFT_static,3.640770545584974e-05,3355.211978377369,0
wfcommons,deterministic,cycles,5.0,cycles_16,0,CPoP_static,4.478933548762623e-05,3351.0777585742812,0
wfcommons,deterministic,cycles,5.0,cycles_16,0,HEFT-Tp_static,8.893882330459752e-05,3500.074539632506,0
wfcommons,deterministic,cycles,5.0,cycles_16,0,CPoP-Tp_static,8.191733726033214e-05,3493.101839987938,0
wfcommons,deterministic,cycles,5.0,cycles_16,0,FastestNode,0.0001576867384193,6341.687386169197,0
wfcommons,deterministic,cycles,5.0,cycles_16,0,MaxTP,7.592338575459936e-05,3576.5762140081683,0
wfcommons,deterministic,cycles,5.0,cycles_18,0,HEFT_static,3.1619177945803576e-05,4042.727195305632,0
wfcommons,deterministic,cycles,5.0,cycles_18,0,CPoP_static,3.913837270047573e-05,4092.6308138094896,0
wfcommons,deterministic,cycles,5.0,cycles_18,0,HEFT-Tp_static,6.901820560823043e-05,4213.998623063968,0
wfcommons,deterministic,cycles,5.0,cycles_18,0,CPoP-Tp_static,7.82767453928376e-05,4462.404896885647,0
wfcommons,deterministic,cycles,5.0,cycles_18,0,FastestNode,0.0001320072240624,7575.342994314073,0
wfcommons,deterministic,cycles,5.0,cycles_18,0,MaxTP,6.483528406380066e-05,4054.0079973253087,0
wfcommons,deterministic,cycles,5.0,cycles_17,0,HEFT_static,6.710835711889157e-05,2530.678529994577,0
wfcommons,deterministic,cycles,5.0,cycles_17,0,CPoP_static,9.823107348146172e-05,2527.551198301804,0
wfcommons,deterministic,cycles,5.0,cycles_17,0,HEFT-Tp_static,0.0001075864137785,2658.3406419814587,0
wfcommons,deterministic,cycles,5.0,cycles_17,0,CPoP-Tp_static,0.0001329008640867,3769.440594040024,0
wfcommons,deterministic,cycles,5.0,cycles_17,0,FastestNode,0.0001462221164487,6838.910722170382,0
wfcommons,deterministic,cycles,5.0,cycles_17,0,MaxTP,0.0001042760625897,2683.120607823091,0
wfcommons,deterministic,cycles,5.0,cycles_19,0,HEFT_static,5.3239366017096334e-05,2777.6758799800373,0
wfcommons,deterministic,cycles,5.0,cycles_19,0,CPoP_static,7.605623715641532e-05,2916.9695470492416,0
wfcommons,deterministic,cycles,5.0,cycles_19,0,HEFT-Tp_static,9.859141854068444e-05,2950.6320773247116,0
wfcommons,deterministic,cycles,5.0,cycles_19,0,CPoP-Tp_static,0.0001064787320214,3384.4573124517015,0
wfcommons,deterministic,cycles,5.0,cycles_19,0,FastestNode,0.0001383296215581,7229.1096349151485,0
wfcommons,deterministic,cycles,5.0,cycles_19,0,MaxTP,9.179201037050576e-05,3019.998511160402,0
wfcommons,deterministic,cycles,5.0,cycles_20,0,HEFT_static,0.0003252218215847,1026.864308272974,0
wfcommons,deterministic,cycles,5.0,cycles_20,0,CPoP_static,0.0003252218215847,1006.6044138225272,0
wfcommons,deterministic,cycles,5.0,cycles_20,0,HEFT-Tp_static,0.0003252218215847,1180.9451151547837,0
wfcommons,deterministic,cycles,5.0,cycles_20,0,CPoP-Tp_static,0.0002890860635987,1479.2133852724332,0
wfcommons,deterministic,cycles,5.0,cycles_20,0,FastestNode,0.0003471049617244,2880.972934042339,0
wfcommons,deterministic,cycles,5.0,cycles_20,0,MaxTP,0.0003060911260893,1442.2099250122974,0
wfcommons,deterministic,cycles,5.0,cycles_21,0,HEFT_static,8.916822967217318e-05,1920.004207290339,0
wfcommons,deterministic,cycles,5.0,cycles_21,0,CPoP_static,0.0001177693599413,1929.0728137027816,0
wfcommons,deterministic,cycles,5.0,cycles_21,0,HEFT-Tp_static,0.0001783364593392,2372.0944734297645,0
wfcommons,deterministic,cycles,5.0,cycles_21,0,CPoP-Tp_static,0.0001783364593188,2701.877376895832,0
wfcommons,deterministic,cycles,5.0,cycles_21,0,FastestNode,0.0002095279907154,4772.632031575594,0
wfcommons,deterministic,cycles,5.0,cycles_21,0,MaxTP,0.000138706135035,2282.776597735229,0
wfcommons,deterministic,cycles,5.0,cycles_23,0,HEFT_static,9.672574158532656e-05,1966.7892314722117,0
wfcommons,deterministic,cycles,5.0,cycles_23,0,CPoP_static,0.0001187088646729,1992.395036843944,0
wfcommons,deterministic,cycles,5.0,cycles_23,0,HEFT-Tp_static,0.000111131703098,2724.877415944746,0
wfcommons,deterministic,cycles,5.0,cycles_23,0,CPoP-Tp_static,0.0001187088646729,2649.4446951926175,0
wfcommons,deterministic,cycles,5.0,cycles_23,0,FastestNode,0.0001518906357062,6583.684342030251,0
wfcommons,deterministic,cycles,5.0,cycles_23,0,MaxTP,0.0001214695359443,2343.925548754577,0
wfcommons,deterministic,cycles,5.0,cycles_24,0,HEFT_static,4.919165653496142e-05,3764.48060343723,0
wfcommons,deterministic,cycles,5.0,cycles_24,0,CPoP_static,6.465189146118859e-05,3772.821006367376,0
wfcommons,deterministic,cycles,5.0,cycles_24,0,HEFT-Tp_static,8.380800741053422e-05,4926.703317792275,0
wfcommons,deterministic,cycles,5.0,cycles_24,0,CPoP-Tp_static,8.873789021949538e-05,4686.889091450101,0
wfcommons,deterministic,cycles,5.0,cycles_24,0,FastestNode,0.000113157763042,8837.219587210082,0
wfcommons,deterministic,cycles,5.0,cycles_24,0,MaxTP,7.6705633921198e-05,4220.601597369766,0
wfcommons,deterministic,cycles,5.0,cycles_25,0,HEFT_static,0.0002152323442606,1088.7765643751648,0
wfcommons,deterministic,cycles,5.0,cycles_25,0,CPoP_static,0.0003279730958546,1195.619974016807,0
wfcommons,deterministic,cycles,5.0,cycles_25,0,HEFT-Tp_static,0.0002649013467192,1240.692740933097,0
wfcommons,deterministic,cycles,5.0,cycles_25,0,CPoP-Tp_static,0.0002550901857983,1644.3171424419745,0
wfcommons,deterministic,cycles,5.0,cycles_25,0,FastestNode,0.0003205840462317,3119.306814404344,0
wfcommons,deterministic,cycles,5.0,cycles_25,0,MaxTP,0.0002869764588557,1331.9465545459375,0
wfcommons,deterministic,cycles,5.0,cycles_22,0,HEFT_static,0.0001148451368482,1853.6513504403497,0
wfcommons,deterministic,cycles,5.0,cycles_22,0,CPoP_static,0.0001378141642077,1961.0192746602015,0
wfcommons,deterministic,cycles,5.0,cycles_22,0,HEFT-Tp_static,0.0001640644812554,1996.291619176004,0
wfcommons,deterministic,cycles,5.0,cycles_22,0,CPoP-Tp_static,0.0001640644812554,2494.8047688215815,0
wfcommons,deterministic,cycles,5.0,cycles_22,0,FastestNode,0.0001875961708507,5330.599209275886,0
wfcommons,deterministic,cycles,5.0,cycles_22,0,MaxTP,0.0001566070048347,2043.404716218628,0
wfcommons,deterministic,cycles,5.0,cycles_26,0,HEFT_static,0.0002494744633259,1291.357545124343,0
wfcommons,deterministic,cycles,5.0,cycles_26,0,CPoP_static,0.0002494744632665,1453.128693187262,0
wfcommons,deterministic,cycles,5.0,cycles_26,0,HEFT-Tp_static,0.0002182901554206,1441.715413826925,0
wfcommons,deterministic,cycles,5.0,cycles_26,0,CPoP-Tp_static,0.0002619481865047,1903.358853084784,0
wfcommons,deterministic,cycles,5.0,cycles_26,0,FastestNode,0.0002366081970077,4226.39626456847,0
wfcommons,deterministic,cycles,5.0,cycles_26,0,MaxTP,0.0002910535405608,1479.51821174085,0
wfcommons,deterministic,cycles,5.0,cycles_29,0,HEFT_static,4.0208032011191446e-05,3244.7771419656488,0
wfcommons,deterministic,cycles,5.0,cycles_29,0,CPoP_static,4.6341460623287555e-05,3221.491914577731,0
wfcommons,deterministic,cycles,5.0,cycles_29,0,HEFT-Tp_static,8.819826374493685e-05,3578.0846968513265,0
wfcommons,deterministic,cycles,5.0,cycles_29,0,CPoP-Tp_static,0.000121517607836,3579.3226268775693,0
wfcommons,deterministic,cycles,5.0,cycles_29,0,FastestNode,0.0001862411483876,5369.382699030734,0
wfcommons,deterministic,cycles,5.0,cycles_29,0,MaxTP,8.964413692779123e-05,3181.4432927738067,0
wfcommons,deterministic,cycles,5.0,cycles_27,0,HEFT_static,0.000106064266507,1779.204035767043,0
wfcommons,deterministic,cycles,5.0,cycles_27,0,CPoP_static,0.0001437760057001,1929.3168281670828,0
wfcommons,deterministic,cycles,5.0,cycles_27,0,HEFT-Tp_static,0.0001702610594347,1952.2993571479317,0
wfcommons,deterministic,cycles,5.0,cycles_27,0,CPoP-Tp_static,0.0002021850080218,2585.633529039049,0
wfcommons,deterministic,cycles,5.0,cycles_27,0,FastestNode,0.0001917081516402,5216.262279114462,0
wfcommons,deterministic,cycles,5.0,cycles_27,0,MaxTP,0.0001470436421689,1979.6008772377884,0
wfcommons,deterministic,cycles,5.0,cycles_28,0,HEFT_static,0.0001384684211585,1832.9906012065187,0
wfcommons,deterministic,cycles,5.0,cycles_28,0,CPoP_static,0.0001273909474613,1961.177458273576,0
wfcommons,deterministic,cycles,5.0,cycles_28,0,HEFT-Tp_static,0.0001676196676942,1992.9788055682136,0
wfcommons,deterministic,cycles,5.0,cycles_28,0,CPoP-Tp_static,0.0001676196677692,2313.289857652582,0
wfcommons,deterministic,cycles,5.0,cycles_28,0,FastestNode,0.0001922655329301,5201.140239541706,0
wfcommons,deterministic,cycles,5.0,cycles_28,0,MaxTP,0.0001633217274905,2124.4566558217234,0
wfcommons,deterministic,seismology,0.2,seismology_2,0,HEFT_static,0.0073842592399196,136.08947849910646,0
wfcommons,deterministic,seismology,0.2,seismology_2,0,CPoP_static,0.0073842592399196,136.08947849910646,0
wfcommons,deterministic,seismology,0.2,seismology_2,0,HEFT-Tp_static,0.0073960762955674,136.34870618333144,0
wfcommons,deterministic,seismology,0.2,seismology_2,0,CPoP-Tp_static,0.0073960762955674,136.34870618333144,0
wfcommons,deterministic,seismology,0.2,seismology_2,0,FastestNode,0.0028470207098753,351.2443715404561,0
wfcommons,deterministic,seismology,0.2,seismology_2,0,MaxTP,0.0073960762955674,136.34870618333144,0
wfcommons,deterministic,seismology,0.2,seismology_1,0,HEFT_static,0.005920193508821,169.56077851626154,0
wfcommons,deterministic,seismology,0.2,seismology_1,0,CPoP_static,0.005920193508821,169.56077851626154,0
wfcommons,deterministic,seismology,0.2,seismology_1,0,HEFT-Tp_static,0.0059254367769897,169.69193802336133,0
wfcommons,deterministic,seismology,0.2,seismology_1,0,CPoP-Tp_static,0.0059254367769897,169.69193802336133,0
wfcommons,deterministic,seismology,0.2,seismology_1,0,FastestNode,0.0025388814371882,393.8742413706464,0
wfcommons,deterministic,seismology,0.2,seismology_1,0,MaxTP,0.0059254367769897,169.69193802336133,0
wfcommons,deterministic,seismology,0.2,seismology_0,0,HEFT_static,0.0115932158666121,86.93712945762066,0
wfcommons,deterministic,seismology,0.2,seismology_0,0,CPoP_static,0.0115932158666121,86.93712945762066,0
wfcommons,deterministic,seismology,0.2,seismology_0,0,HEFT-Tp_static,0.0116075289651369,87.19635095159737,0
wfcommons,deterministic,seismology,0.2,seismology_0,0,CPoP-Tp_static,0.0116075289651369,87.19635095159737,0
wfcommons,deterministic,seismology,0.2,seismology_0,0,FastestNode,0.0024733314245038,404.3129804987996,0
wfcommons,deterministic,seismology,0.2,seismology_0,0,MaxTP,0.0116075289651369,87.19635095159737,0
wfcommons,deterministic,seismology,0.2,seismology_5,0,HEFT_static,0.0155696092960992,64.93439657226085,0
wfcommons,deterministic,seismology,0.2,seismology_5,0,CPoP_static,0.0155696092960992,64.93439657226085,0
wfcommons,deterministic,seismology,0.2,seismology_5,0,HEFT-Tp_static,0.0155792130688621,64.9722080099668,0
wfcommons,deterministic,seismology,0.2,seismology_5,0,CPoP-Tp_static,0.0155792130688621,64.9722080099668,0
wfcommons,deterministic,seismology,0.2,seismology_5,0,FastestNode,0.0071162331990638,140.52378161787496,0
wfcommons,deterministic,seismology,0.2,seismology_5,0,MaxTP,0.0155792130688621,64.9722080099668,0
wfcommons,deterministic,seismology,0.2,seismology_3,0,HEFT_static,0.0098353078831116,102.33399597921232,0
wfcommons,deterministic,seismology,0.2,seismology_3,0,CPoP_static,0.0098353078831116,102.33399597921232,0
wfcommons,deterministic,seismology,0.2,seismology_3,0,HEFT-Tp_static,0.0098486348585629,102.36732239145633,0
wfcommons,deterministic,seismology,0.2,seismology_3,0,CPoP-Tp_static,0.0098486348585629,102.36732239145633,0
wfcommons,deterministic,seismology,0.2,seismology_3,0,FastestNode,0.0033179789431587,301.3882900207004,0
wfcommons,deterministic,seismology,0.2,seismology_3,0,MaxTP,0.0098486348585629,102.36732239145633,0
wfcommons,deterministic,seismology,0.2,seismology_4,0,HEFT_static,0.0042575176154421,235.779414642922,0
wfcommons,deterministic,seismology,0.2,seismology_4,0,CPoP_static,0.0042575176154421,235.779414642922,0
wfcommons,deterministic,seismology,0.2,seismology_4,0,HEFT-Tp_static,0.0042600252062021,236.08628671215217,0
wfcommons,deterministic,seismology,0.2,seismology_4,0,CPoP-Tp_static,0.0042600252062021,236.08628671215217,0
wfcommons,deterministic,seismology,0.2,seismology_4,0,FastestNode,0.0016962691569664,589.529082631015,0
wfcommons,deterministic,seismology,0.2,seismology_4,0,MaxTP,0.0042600252062021,236.08628671215217,0
wfcommons,deterministic,seismology,0.2,seismology_8,0,HEFT_static,0.0184142381712506,54.8254483361007,0
wfcommons,deterministic,seismology,0.2,seismology_8,0,CPoP_static,0.0184142381712506,54.8254483361007,0
wfcommons,deterministic,seismology,0.2,seismology_8,0,HEFT-Tp_static,0.0185176073119587,55.045208474039065,0
wfcommons,deterministic,seismology,0.2,seismology_8,0,CPoP-Tp_static,0.0185176073119587,55.045208474039065,0
wfcommons,deterministic,seismology,0.2,seismology_8,0,FastestNode,0.0040991064438849,243.95560683619505,0
wfcommons,deterministic,seismology,0.2,seismology_8,0,MaxTP,0.0185176073119587,55.045208474039065,0
wfcommons,deterministic,seismology,0.2,seismology_9,0,HEFT_static,0.0138048508299889,73.29407041767845,0
wfcommons,deterministic,seismology,0.2,seismology_9,0,CPoP_static,0.0138048508299889,73.29407041767845,0
wfcommons,deterministic,seismology,0.2,seismology_9,0,HEFT-Tp_static,0.0138260506486881,73.52426765492231,0
wfcommons,deterministic,seismology,0.2,seismology_9,0,CPoP-Tp_static,0.0138260506486881,73.52426765492231,0
wfcommons,deterministic,seismology,0.2,seismology_9,0,FastestNode,0.0048425027251138,206.50478828203944,0
wfcommons,deterministic,seismology,0.2,seismology_9,0,MaxTP,0.0138260506486881,73.52426765492231,0
wfcommons,deterministic,seismology,0.2,seismology_6,0,HEFT_static,0.0053777258576415,186.53414992049863,0
wfcommons,deterministic,seismology,0.2,seismology_6,0,CPoP_static,0.0053777258576415,186.53414992049863,0
wfcommons,deterministic,seismology,0.2,seismology_6,0,HEFT-Tp_static,0.0053809598090728,186.82908751725324,0
wfcommons,deterministic,seismology,0.2,seismology_6,0,CPoP-Tp_static,0.0053809598090728,186.82908751725324,0
wfcommons,deterministic,seismology,0.2,seismology_6,0,FastestNode,0.0020643887011909,484.40489885705847,0
wfcommons,deterministic,seismology,0.2,seismology_6,0,MaxTP,0.0053809598090728,186.82908751725324,0
wfcommons,deterministic,seismology,0.2,seismology_7,0,HEFT_static,0.0058321190564351,171.99924788648997,0
wfcommons,deterministic,seismology,0.2,seismology_7,0,CPoP_static,0.0058321190564351,171.99924788648997,0
wfcommons,deterministic,seismology,0.2,seismology_7,0,HEFT-Tp_static,0.0058356498678549,172.47932727718472,0
wfcommons,deterministic,seismology,0.2,seismology_7,0,CPoP-Tp_static,0.0058356498678549,172.47932727718472,0
wfcommons,deterministic,seismology,0.2,seismology_7,0,FastestNode,0.0018218533516934,548.8915993553015,0
wfcommons,deterministic,seismology,0.2,seismology_7,0,MaxTP,0.0058356498678549,172.47932727718472,0
wfcommons,deterministic,seismology,0.2,seismology_10,0,HEFT_static,0.0060068199299487,167.12442150950625,0
wfcommons,deterministic,seismology,0.2,seismology_10,0,CPoP_static,0.0060068199299487,167.12442150950625,0
wfcommons,deterministic,seismology,0.2,seismology_10,0,HEFT-Tp_static,0.0060114102462674,167.3408001373296,0
wfcommons,deterministic,seismology,0.2,seismology_10,0,CPoP-Tp_static,0.0060114102462674,167.3408001373296,0
wfcommons,deterministic,seismology,0.2,seismology_10,0,FastestNode,0.0022996815422233,434.8428169908579,0
wfcommons,deterministic,seismology,0.2,seismology_10,0,MaxTP,0.0060114102462674,167.3408001373296,0
wfcommons,deterministic,seismology,0.2,seismology_13,0,HEFT_static,0.0098337192322646,102.47676800328796,0
wfcommons,deterministic,seismology,0.2,seismology_13,0,CPoP_static,0.0098337192322646,102.47676800328796,0
wfcommons,deterministic,seismology,0.2,seismology_13,0,HEFT-Tp_static,0.0098439539239742,102.62931980426892,0
wfcommons,deterministic,seismology,0.2,seismology_13,0,CPoP-Tp_static,0.0098439539239742,102.62931980426892,0
wfcommons,deterministic,seismology,0.2,seismology_13,0,FastestNode,0.0041845078928442,238.9767269203235,0
wfcommons,deterministic,seismology,0.2,seismology_13,0,MaxTP,0.0098439539239742,102.62931980426892,0
wfcommons,deterministic,seismology,0.2,seismology_14,0,HEFT_static,0.0078455364072825,128.02537595222358,0
wfcommons,deterministic,seismology,0.2,seismology_14,0,CPoP_static,0.0078455364072825,128.02537595222358,0
wfcommons,deterministic,seismology,0.2,seismology_14,0,HEFT-Tp_static,0.0078528668573952,128.25488215214034,0
wfcommons,deterministic,seismology,0.2,seismology_14,0,CPoP-Tp_static,0.0078528668573952,128.25488215214034,0
wfcommons,deterministic,seismology,0.2,seismology_14,0,FastestNode,0.0043010807655165,232.4997028704281,0
wfcommons,deterministic,seismology,0.2,seismology_14,0,MaxTP,0.0078528668573952,128.25488215214034,0
wfcommons,deterministic,seismology,0.2,seismology_12,0,HEFT_static,0.0042312842356356,236.97653098757377,0
wfcommons,deterministic,seismology,0.2,seismology_12,0,CPoP_static,0.0042312842356356,236.97653098757377,0
wfcommons,deterministic,seismology,0.2,seismology_12,0,HEFT-Tp_static,0.0042312842356356,236.97653098757377,0
wfcommons,deterministic,seismology,0.2,seismology_12,0,CPoP-Tp_static,0.0042312842356356,236.97653098757377,0
wfcommons,deterministic,seismology,0.2,seismology_12,0,FastestNode,0.00267032078292,374.4868430785142,0
wfcommons,deterministic,seismology,0.2,seismology_12,0,MaxTP,0.0042312842356356,236.97653098757377,0
wfcommons,deterministic,seismology,0.2,seismology_11,0,HEFT_static,0.0135956429636836,74.34984306932115,0
wfcommons,deterministic,seismology,0.2,seismology_11,0,CPoP_static,0.0135956429636836,74.34984306932115,0
wfcommons,deterministic,seismology,0.2,seismology_11,0,HEFT-Tp_static,0.0136214301629257,74.40519899695285,0
wfcommons,deterministic,seismology,0.2,seismology_11,0,CPoP-Tp_static,0.0136214301629257,74.40519899695285,0
wfcommons,deterministic,seismology,0.2,seismology_11,0,FastestNode,0.0025634272429432,390.10274340940066,0
wfcommons,deterministic,seismology,0.2,seismology_11,0,MaxTP,0.0136214301629257,74.40519899695285,0
wfcommons,deterministic,seismology,0.2,seismology_15,0,HEFT_static,0.0100873316126046,100.0640575887274,0
wfcommons,deterministic,seismology,0.2,seismology_15,0,CPoP_static,0.0100873316126046,100.0640575887274,0
wfcommons,deterministic,seismology,0.2,seismology_15,0,HEFT-Tp_static,0.0101007933540804,100.12213679266004,0
wfcommons,deterministic,seismology,0.2,seismology_15,0,CPoP-Tp_static,0.0101007933540804,100.12213679266004,0
wfcommons,deterministic,seismology,0.2,seismology_15,0,FastestNode,0.0028949267927787,345.4318784493415,0
wfcommons,deterministic,seismology,0.2,seismology_15,0,MaxTP,0.0101007933540804,100.12213679266004,0
wfcommons,deterministic,seismology,0.2,seismology_17,0,HEFT_static,0.0031218820239229,321.05568774839753,0
wfcommons,deterministic,seismology,0.2,seismology_17,0,CPoP_static,0.0031218820239229,321.05568774839753,0
wfcommons,deterministic,seismology,0.2,seismology_17,0,HEFT-Tp_static,0.0031237161713897,321.43195822926555,0
wfcommons,deterministic,seismology,0.2,seismology_17,0,CPoP-Tp_static,0.0031237161713897,321.43195822926555,0
wfcommons,deterministic,seismology,0.2,seismology_17,0,FastestNode,0.0016521429815196,605.2744896702997,0
wfcommons,deterministic,seismology,0.2,seismology_17,0,MaxTP,0.0031237161713897,321.43195822926555,0
wfcommons,deterministic,seismology,0.2,seismology_19,0,HEFT_static,0.0036410241468687,275.3473910634976,0
wfcommons,deterministic,seismology,0.2,seismology_19,0,CPoP_static,0.0036410241468687,275.3473910634976,0
wfcommons,deterministic,seismology,0.2,seismology_19,0,HEFT-Tp_static,0.0036434506814637,275.60612132135753,0
wfcommons,deterministic,seismology,0.2,seismology_19,0,CPoP-Tp_static,0.0036434506814637,275.60612132135753,0
wfcommons,deterministic,seismology,0.2,seismology_19,0,FastestNode,0.0020724580271784,482.5188191451688,0
wfcommons,deterministic,seismology,0.2,seismology_19,0,MaxTP,0.0036434506814637,275.60612132135753,0
wfcommons,deterministic,seismology,0.2,seismology_18,0,HEFT_static,0.0128190703969918,78.64131416899642,0
wfcommons,deterministic,seismology,0.2,seismology_18,0,CPoP_static,0.0128190703969918,78.64131416899642,0
wfcommons,deterministic,seismology,0.2,seismology_18,0,HEFT-Tp_static,0.0128427402573941,78.794318717695,0
wfcommons,deterministic,seismology,0.2,seismology_18,0,CPoP-Tp_static,0.0128427402573941,78.794318717695,0
wfcommons,deterministic,seismology,0.2,seismology_18,0,FastestNode,0.0032312672779281,309.47610147695,0
wfcommons,deterministic,seismology,0.2,seismology_18,0,MaxTP,0.0128427402573941,78.794318717695,0
wfcommons,deterministic,seismology,0.2,seismology_20,0,HEFT_static,0.0073310174363989,137.4825404408288,0
wfcommons,deterministic,seismology,0.2,seismology_20,0,CPoP_static,0.0073310174363989,137.4825404408288,0
wfcommons,deterministic,seismology,0.2,seismology_20,0,HEFT-Tp_static,0.0073332578634569,137.57594814182912,0
wfcommons,deterministic,seismology,0.2,seismology_20,0,CPoP-Tp_static,0.0073332578634569,137.57594814182912,0
wfcommons,deterministic,seismology,0.2,seismology_20,0,FastestNode,0.0029795510812236,335.62102905525796,0
wfcommons,deterministic,seismology,0.2,seismology_20,0,MaxTP,0.0073332578634569,137.57594814182912,0
wfcommons,deterministic,seismology,0.2,seismology_16,0,HEFT_static,0.0069844709017139,144.08252106056565,0
wfcommons,deterministic,seismology,0.2,seismology_16,0,CPoP_static,0.0069844709017139,144.08252106056565,0
wfcommons,deterministic,seismology,0.2,seismology_16,0,HEFT-Tp_static,0.006990695221766,144.28147517485593,0
wfcommons,deterministic,seismology,0.2,seismology_16,0,CPoP-Tp_static,0.006990695221766,144.28147517485593,0
wfcommons,deterministic,seismology,0.2,seismology_16,0,FastestNode,0.0016594965831668,602.5923826208477,0
wfcommons,deterministic,seismology,0.2,seismology_16,0,MaxTP,0.006990695221766,144.28147517485593,0
wfcommons,deterministic,seismology,0.2,seismology_22,0,HEFT_static,0.0067639483013278,148.17662090207338,0
wfcommons,deterministic,seismology,0.2,seismology_22,0,CPoP_static,0.0067639483013278,148.17662090207338,0
wfcommons,deterministic,seismology,0.2,seismology_22,0,HEFT-Tp_static,0.0067688322274788,148.5788300019844,0
wfcommons,deterministic,seismology,0.2,seismology_22,0,CPoP-Tp_static,0.0067688322274788,148.5788300019844,0
wfcommons,deterministic,seismology,0.2,seismology_22,0,FastestNode,0.003683395099505,271.48866005117645,0
wfcommons,deterministic,seismology,0.2,seismology_22,0,MaxTP,0.0067688322274788,148.5788300019844,0
wfcommons,deterministic,seismology,0.2,seismology_23,0,HEFT_static,0.0096763194297501,104.264883330814,0
wfcommons,deterministic,seismology,0.2,seismology_23,0,CPoP_static,0.0096763194297501,104.264883330814,0
wfcommons,deterministic,seismology,0.2,seismology_23,0,HEFT-Tp_static,0.0096876918386701,104.32171418461375,0
wfcommons,deterministic,seismology,0.2,seismology_23,0,CPoP-Tp_static,0.0096876918386701,104.32171418461375,0
wfcommons,deterministic,seismology,0.2,seismology_23,0,FastestNode,0.0036491261100218,274.03821349371196,0
wfcommons,deterministic,seismology,0.2,seismology_23,0,MaxTP,0.0096876918386701,104.32171418461375,0
wfcommons,deterministic,seismology,0.2,seismology_21,0,HEFT_static,0.0039594264902854,253.3155185448614,0
wfcommons,deterministic,seismology,0.2,seismology_21,0,CPoP_static,0.0039594264902854,253.3155185448614,0
wfcommons,deterministic,seismology,0.2,seismology_21,0,HEFT-Tp_static,0.0039600128775523,253.3611706680271,0
wfcommons,deterministic,seismology,0.2,seismology_21,0,CPoP-Tp_static,0.0039600128775523,253.3611706680271,0
wfcommons,deterministic,seismology,0.2,seismology_21,0,FastestNode,0.0020127697629953,496.8278132884152,0
wfcommons,deterministic,seismology,0.2,seismology_21,0,MaxTP,0.0039600128775523,253.3611706680271,0
wfcommons,deterministic,seismology,0.2,seismology_25,0,HEFT_static,0.016103481890692,62.60433895361177,0
wfcommons,deterministic,seismology,0.2,seismology_25,0,CPoP_static,0.016103481890692,62.60433895361177,0
wfcommons,deterministic,seismology,0.2,seismology_25,0,HEFT-Tp_static,0.0161401248765485,63.026670471504154,0
wfcommons,deterministic,seismology,0.2,seismology_25,0,CPoP-Tp_static,0.0161401248765485,63.026670471504154,0
wfcommons,deterministic,seismology,0.2,seismology_25,0,FastestNode,0.0042704157085539,234.1692397771021,0
wfcommons,deterministic,seismology,0.2,seismology_25,0,MaxTP,0.0161401248765485,63.026670471504154,0
wfcommons,deterministic,seismology,0.2,seismology_24,0,HEFT_static,0.0054176350363816,184.92632479728215,0
wfcommons,deterministic,seismology,0.2,seismology_24,0,CPoP_static,0.0054176350363816,184.92632479728215,0
wfcommons,deterministic,seismology,0.2,seismology_24,0,HEFT-Tp_static,0.0054214897240557,185.24036397963903,0
wfcommons,deterministic,seismology,0.2,seismology_24,0,CPoP-Tp_static,0.0054214897240557,185.24036397963903,0
wfcommons,deterministic,seismology,0.2,seismology_24,0,FastestNode,0.0031651114325141,315.94464249520763,0
wfcommons,deterministic,seismology,0.2,seismology_24,0,MaxTP,0.0054214897240557,185.24036397963903,0
wfcommons,deterministic,seismology,0.2,seismology_26,0,HEFT_static,0.0027425916717518,365.10054974698863,0
wfcommons,deterministic,seismology,0.2,seismology_26,0,CPoP_static,0.0027425916717518,365.10054974698863,0
wfcommons,deterministic,seismology,0.2,seismology_26,0,HEFT-Tp_static,0.002744245643634,365.6630030630598,0
wfcommons,deterministic,seismology,0.2,seismology_26,0,CPoP-Tp_static,0.002744245643634,365.6630030630598,0
wfcommons,deterministic,seismology,0.2,seismology_26,0,FastestNode,0.0016220259073531,616.5129641076012,0
wfcommons,deterministic,seismology,0.2,seismology_26,0,MaxTP,0.002744245643634,365.6630030630598,0
wfcommons,deterministic,seismology,0.2,seismology_29,0,HEFT_static,0.0041422770767111,242.41220605100244,0
wfcommons,deterministic,seismology,0.2,seismology_29,0,CPoP_static,0.0041422770767111,242.41220605100244,0
wfcommons,deterministic,seismology,0.2,seismology_29,0,HEFT-Tp_static,0.0041451118365574,242.65698568248544,0
wfcommons,deterministic,seismology,0.2,seismology_29,0,CPoP-Tp_static,0.0041451118365574,242.65698568248544,0
wfcommons,deterministic,seismology,0.2,seismology_29,0,FastestNode,0.0022457442030592,445.2866887689166,0
wfcommons,deterministic,seismology,0.2,seismology_29,0,MaxTP,0.0041451118365574,242.65698568248544,0
wfcommons,deterministic,seismology,0.2,seismology_28,0,HEFT_static,0.0154219656239,65.54150735856184,0
wfcommons,deterministic,seismology,0.2,seismology_28,0,CPoP_static,0.0154219656239,65.54150735856184,0
wfcommons,deterministic,seismology,0.2,seismology_28,0,HEFT-Tp_static,0.0154448539218618,65.62068256321972,0
wfcommons,deterministic,seismology,0.2,seismology_28,0,CPoP-Tp_static,0.0154448539218618,65.62068256321972,0
wfcommons,deterministic,seismology,0.2,seismology_28,0,FastestNode,0.0049101765435043,203.65866504897815,0
wfcommons,deterministic,seismology,0.2,seismology_28,0,MaxTP,0.0154448539218618,65.62068256321972,0
wfcommons,deterministic,seismology,0.2,seismology_27,0,HEFT_static,0.004374685041273,229.2035776444468,0
wfcommons,deterministic,seismology,0.2,seismology_27,0,CPoP_static,0.004374685041273,229.2035776444468,0
wfcommons,deterministic,seismology,0.2,seismology_27,0,HEFT-Tp_static,0.0043757910802013,229.21551278015497,0
wfcommons,deterministic,seismology,0.2,seismology_27,0,CPoP-Tp_static,0.0043757910802013,229.21551278015497,0
wfcommons,deterministic,seismology,0.2,seismology_27,0,FastestNode,0.0024350836186431,410.6635157603442,0
wfcommons,deterministic,seismology,0.2,seismology_27,0,MaxTP,0.0043757910802013,229.21551278015497,0
wfcommons,deterministic,seismology,0.5,seismology_2,0,HEFT_static,0.0065577286905326,137.5893980659522,0
wfcommons,deterministic,seismology,0.5,seismology_2,0,CPoP_static,0.0065577286905326,137.5893980659522,0
wfcommons,deterministic,seismology,0.5,seismology_2,0,HEFT-Tp_static,0.0068969215515747,137.84862575017718,0
wfcommons,deterministic,seismology,0.5,seismology_2,0,CPoP-Tp_static,0.0068969215515747,137.84862575017718,0
wfcommons,deterministic,seismology,0.5,seismology_2,0,FastestNode,0.0028470207098753,351.2443715404561,0
wfcommons,deterministic,seismology,0.5,seismology_2,0,MaxTP,0.0068969215515747,137.84862575017718,0
wfcommons,deterministic,seismology,0.5,seismology_1,0,HEFT_static,0.0046752616788559,170.79476950145437,0
wfcommons,deterministic,seismology,0.5,seismology_1,0,CPoP_static,0.0046752616788559,170.79476950145437,0
wfcommons,deterministic,seismology,0.5,seismology_1,0,HEFT-Tp_static,0.0059254367769897,170.92592900978815,0
wfcommons,deterministic,seismology,0.5,seismology_1,0,CPoP-Tp_static,0.0059254367769897,170.92592900978815,0
wfcommons,deterministic,seismology,0.5,seismology_1,0,FastestNode,0.0025388814371882,393.8742413706464,0
wfcommons,deterministic,seismology,0.5,seismology_1,0,MaxTP,0.0059254367769897,170.92592900978815,0
wfcommons,deterministic,seismology,0.5,seismology_5,0,HEFT_static,0.0155696092960992,65.98427306983065,0
wfcommons,deterministic,seismology,0.5,seismology_5,0,CPoP_static,0.0155696092960992,65.98427306983065,0
wfcommons,deterministic,seismology,0.5,seismology_5,0,HEFT-Tp_static,0.0155696092960992,65.98427306983065,0
wfcommons,deterministic,seismology,0.5,seismology_5,0,CPoP-Tp_static,0.0155696092960992,65.98427306983065,0
wfcommons,deterministic,seismology,0.5,seismology_5,0,FastestNode,0.0071162331990638,140.52378161787496,0
wfcommons,deterministic,seismology,0.5,seismology_5,0,MaxTP,0.0155696092960992,65.98427306983065,0
wfcommons,deterministic,seismology,0.5,seismology_0,0,HEFT_static,0.0092516177608101,88.31699163591904,0
wfcommons,deterministic,seismology,0.5,seismology_0,0,CPoP_static,0.0092516177608101,88.31699163591904,0
wfcommons,deterministic,seismology,0.5,seismology_0,0,HEFT-Tp_static,0.0108706508671015,88.55795862803254,0
wfcommons,deterministic,seismology,0.5,seismology_0,0,CPoP-Tp_static,0.0108706508671015,88.55795862803254,0
wfcommons,deterministic,seismology,0.5,seismology_0,0,FastestNode,0.0024733314245038,404.3129804987996,0
wfcommons,deterministic,seismology,0.5,seismology_0,0,MaxTP,0.0108706508671015,88.55795862803254,0
wfcommons,deterministic,seismology,0.5,seismology_3,0,HEFT_static,0.007499709726896,103.44515009578107,0
wfcommons,deterministic,seismology,0.5,seismology_3,0,CPoP_static,0.007499709726896,103.44515009578107,0
wfcommons,deterministic,seismology,0.5,seismology_3,0,HEFT-Tp_static,0.0084371734399456,103.47847650802504,0
wfcommons,deterministic,seismology,0.5,seismology_3,0,CPoP-Tp_static,0.0084371734399456,103.47847650802504,0
wfcommons,deterministic,seismology,0.5,seismology_3,0,FastestNode,0.0033179789431587,301.3882900207004,0
wfcommons,deterministic,seismology,0.5,seismology_3,0,MaxTP,0.0084371734399456,103.47847650802504,0
wfcommons,deterministic,seismology,0.5,seismology_4,0,HEFT_static,0.0038155747515427,237.43468020183428,0
wfcommons,deterministic,seismology,0.5,seismology_4,0,CPoP_static,0.0038155747515427,237.43468020183428,0
wfcommons,deterministic,seismology,0.5,seismology_4,0,HEFT-Tp_static,0.0038155747515427,237.43468020183428,0
wfcommons,deterministic,seismology,0.5,seismology_4,0,CPoP-Tp_static,0.0038155747515427,237.43468020183428,0
wfcommons,deterministic,seismology,0.5,seismology_4,0,FastestNode,0.0016962691569664,589.529082631015,0
wfcommons,deterministic,seismology,0.5,seismology_4,0,MaxTP,0.0038155747515427,237.43468020183428,0
wfcommons,deterministic,seismology,0.5,seismology_8,0,HEFT_static,0.0175456407839575,56.19330946437502,0
wfcommons,deterministic,seismology,0.5,seismology_8,0,CPoP_static,0.0175456407839575,56.19330946437502,0
wfcommons,deterministic,seismology,0.5,seismology_8,0,HEFT-Tp_static,0.0175456407839575,56.25466499266185,0
wfcommons,deterministic,seismology,0.5,seismology_8,0,CPoP-Tp_static,0.0175456407839575,56.25466499266185,0
wfcommons,deterministic,seismology,0.5,seismology_8,0,FastestNode,0.0040991064438849,243.95560683619505,0
wfcommons,deterministic,seismology,0.5,seismology_8,0,MaxTP,0.0175456407839575,56.25466499266185,0
wfcommons,deterministic,seismology,0.5,seismology_9,0,HEFT_static,0.0136177883652701,74.86764248781147,0
wfcommons,deterministic,seismology,0.5,seismology_9,0,CPoP_static,0.0136177883652701,74.86764248781147,0
wfcommons,deterministic,seismology,0.5,seismology_9,0,HEFT-Tp_static,0.0136177883652701,74.86764248781147,0
wfcommons,deterministic,seismology,0.5,seismology_9,0,CPoP-Tp_static,0.0136177883652701,74.86764248781147,0
wfcommons,deterministic,seismology,0.5,seismology_9,0,FastestNode,0.0048425027251138,206.50478828203944,0
wfcommons,deterministic,seismology,0.5,seismology_9,0,MaxTP,0.0136177883652701,74.86764248781147,0
wfcommons,deterministic,seismology,0.5,seismology_6,0,HEFT_static,0.0049018523479028,187.75817699723564,0
wfcommons,deterministic,seismology,0.5,seismology_6,0,CPoP_static,0.0049018523479028,187.75817699723564,0
wfcommons,deterministic,seismology,0.5,seismology_6,0,HEFT-Tp_static,0.0049018523479028,187.75817699723564,0
wfcommons,deterministic,seismology,0.5,seismology_6,0,CPoP-Tp_static,0.0049018523479028,187.75817699723564,0
wfcommons,deterministic,seismology,0.5,seismology_6,0,FastestNode,0.0020643887011909,484.40489885705847,0
wfcommons,deterministic,seismology,0.5,seismology_6,0,MaxTP,0.0049018523479028,187.75817699723564,0
wfcommons,deterministic,seismology,0.5,seismology_7,0,HEFT_static,0.0058321190564351,173.44980000346175,0
wfcommons,deterministic,seismology,0.5,seismology_7,0,CPoP_static,0.0058321190564351,173.44980000346175,0
wfcommons,deterministic,seismology,0.5,seismology_7,0,HEFT-Tp_static,0.0058317430743088,173.4082484527271,0
wfcommons,deterministic,seismology,0.5,seismology_7,0,CPoP-Tp_static,0.0058317430743088,173.4082484527271,0
wfcommons,deterministic,seismology,0.5,seismology_7,0,FastestNode,0.0018218533516934,548.8915993553015,0
wfcommons,deterministic,seismology,0.5,seismology_7,0,MaxTP,0.0058317430743088,173.4082484527271,0
wfcommons,deterministic,seismology,0.5,seismology_10,0,HEFT_static,0.0053048036207119,168.38114412119944,0
wfcommons,deterministic,seismology,0.5,seismology_10,0,CPoP_static,0.0053048036207119,168.38114412119944,0
wfcommons,deterministic,seismology,0.5,seismology_10,0,HEFT-Tp_static,0.0059679040726378,168.55701064464074,0
wfcommons,deterministic,seismology,0.5,seismology_10,0,CPoP-Tp_static,0.0059679040726378,168.55701064464074,0
wfcommons,deterministic,seismology,0.5,seismology_10,0,FastestNode,0.0022996815422233,434.8428169908579,0
wfcommons,deterministic,seismology,0.5,seismology_10,0,MaxTP,0.0059679040726378,168.55701064464074,0
wfcommons,deterministic,seismology,0.5,seismology_13,0,HEFT_static,0.0098337192322646,103.81974671720027,0
wfcommons,deterministic,seismology,0.5,seismology_13,0,CPoP_static,0.0098337192322646,103.81974671720027,0
wfcommons,deterministic,seismology,0.5,seismology_13,0,HEFT-Tp_static,0.0098337192322646,103.81974671720027,0
wfcommons,deterministic,seismology,0.5,seismology_13,0,CPoP-Tp_static,0.0098337192322646,103.81974671720027,0
wfcommons,deterministic,seismology,0.5,seismology_13,0,FastestNode,0.0041845078928442,238.9767269203235,0
wfcommons,deterministic,seismology,0.5,seismology_13,0,MaxTP,0.0098337192322646,103.81974671720027,0
wfcommons,deterministic,seismology,0.5,seismology_14,0,HEFT_static,0.0073302150602799,129.24706232833518,0
wfcommons,deterministic,seismology,0.5,seismology_14,0,CPoP_static,0.0073302150602799,129.24706232833518,0
wfcommons,deterministic,seismology,0.5,seismology_14,0,HEFT-Tp_static,0.0078528668573952,129.47656852947364,0
wfcommons,deterministic,seismology,0.5,seismology_14,0,CPoP-Tp_static,0.0078528668573952,129.47656852947364,0
wfcommons,deterministic,seismology,0.5,seismology_14,0,FastestNode,0.0043010807655165,232.4997028704281,0
wfcommons,deterministic,seismology,0.5,seismology_14,0,MaxTP,0.0078528668573952,129.47656852947364,0
wfcommons,deterministic,seismology,0.5,seismology_11,0,HEFT_static,0.0123110264018711,75.59950454221466,0
wfcommons,deterministic,seismology,0.5,seismology_11,0,CPoP_static,0.0123110264018711,75.59950454221466,0
wfcommons,deterministic,seismology,0.5,seismology_11,0,HEFT-Tp_static,0.0123110264040808,75.65486046984635,0
wfcommons,deterministic,seismology,0.5,seismology_11,0,CPoP-Tp_static,0.0123110264040808,75.65486046984635,0
wfcommons,deterministic,seismology,0.5,seismology_11,0,FastestNode,0.0025634272429432,390.10274340940066,0
wfcommons,deterministic,seismology,0.5,seismology_11,0,MaxTP,0.0123110264040808,75.65486046984635,0
wfcommons,deterministic,seismology,0.5,seismology_12,0,HEFT_static,0.0042312842356356,237.97849167337455,0
wfcommons,deterministic,seismology,0.5,seismology_12,0,CPoP_static,0.0042312842356356,237.97849167337455,0
wfcommons,deterministic,seismology,0.5,seismology_12,0,HEFT-Tp_static,0.0042312842356356,237.97849167337455,0
wfcommons,deterministic,seismology,0.5,seismology_12,0,CPoP-Tp_static,0.0042312842356356,237.97849167337455,0
wfcommons,deterministic,seismology,0.5,seismology_12,0,FastestNode,0.00267032078292,374.4868430785142,0
wfcommons,deterministic,seismology,0.5,seismology_12,0,MaxTP,0.0042312842356356,237.97849167337455,0
wfcommons,deterministic,seismology,0.5,seismology_15,0,HEFT_static,0.0095774628164589,101.52096623347975,0
wfcommons,deterministic,seismology,0.5,seismology_15,0,CPoP_static,0.0095774628164589,101.52096623347975,0
wfcommons,deterministic,seismology,0.5,seismology_15,0,HEFT-Tp_static,0.0095774628164589,101.52096623347975,0
wfcommons,deterministic,seismology,0.5,seismology_15,0,CPoP-Tp_static,0.0095774628164589,101.52096623347975,0
wfcommons,deterministic,seismology,0.5,seismology_15,0,FastestNode,0.0028949267927787,345.4318784493415,0
wfcommons,deterministic,seismology,0.5,seismology_15,0,MaxTP,0.0095774628164589,101.52096623347975,0
wfcommons,deterministic,seismology,0.5,seismology_17,0,HEFT_static,0.0029924872281339,322.7548581610028,0
wfcommons,deterministic,seismology,0.5,seismology_17,0,CPoP_static,0.0029924872281339,322.7548581610028,0
wfcommons,deterministic,seismology,0.5,seismology_17,0,HEFT-Tp_static,0.0031237161713897,323.13112864357,0
wfcommons,deterministic,seismology,0.5,seismology_17,0,CPoP-Tp_static,0.0031237161713897,323.13112864357,0
wfcommons,deterministic,seismology,0.5,seismology_17,0,FastestNode,0.0016521429815196,605.2744896702997,0
wfcommons,deterministic,seismology,0.5,seismology_17,0,MaxTP,0.0031237161713897,323.13112864357,0
wfcommons,deterministic,seismology,0.5,seismology_18,0,HEFT_static,0.0104747068882623,79.86005542701145,0
wfcommons,deterministic,seismology,0.5,seismology_18,0,CPoP_static,0.0104747068882623,79.86005542701145,0
wfcommons,deterministic,seismology,0.5,seismology_18,0,HEFT-Tp_static,0.0120075908198087,79.99730181005386,0
wfcommons,deterministic,seismology,0.5,seismology_18,0,CPoP-Tp_static,0.0120075908198087,79.99730181005386,0
wfcommons,deterministic,seismology,0.5,seismology_18,0,FastestNode,0.0032312672779281,309.47610147695,0
wfcommons,deterministic,seismology,0.5,seismology_18,0,MaxTP,0.0120075908198087,79.99730181005386,0
wfcommons,deterministic,seismology,0.5,seismology_20,0,HEFT_static,0.0070197478987071,139.0653766439861,0
wfcommons,deterministic,seismology,0.5,seismology_20,0,CPoP_static,0.0070197478987071,139.0653766439861,0
wfcommons,deterministic,seismology,0.5,seismology_20,0,HEFT-Tp_static,0.0070197478987071,139.0653766439861,0
wfcommons,deterministic,seismology,0.5,seismology_20,0,CPoP-Tp_static,0.0070197478987071,139.0653766439861,0
wfcommons,deterministic,seismology,0.5,seismology_20,0,FastestNode,0.0029795510812236,335.62102905525796,0
wfcommons,deterministic,seismology,0.5,seismology_20,0,MaxTP,0.0070197478987071,139.0653766439861,0
wfcommons,deterministic,seismology,0.5,seismology_19,0,HEFT_static,0.0032446629576954,276.85079799369674,0
wfcommons,deterministic,seismology,0.5,seismology_19,0,CPoP_static,0.0032446629576954,276.85079799369674,0
wfcommons,deterministic,seismology,0.5,seismology_19,0,HEFT-Tp_static,0.0036434506814637,277.1095282530601,0
wfcommons,deterministic,seismology,0.5,seismology_19,0,CPoP-Tp_static,0.0036434506814637,277.1095282530601,0
wfcommons,deterministic,seismology,0.5,seismology_19,0,FastestNode,0.0020724580271784,482.5188191451688,0
wfcommons,deterministic,seismology,0.5,seismology_19,0,MaxTP,0.0036434506814637,277.1095282530601,0
wfcommons,deterministic,seismology,0.5,seismology_16,0,HEFT_static,0.0063016427006506,145.57022838472608,0
wfcommons,deterministic,seismology,0.5,seismology_16,0,CPoP_static,0.0063016427006506,145.57022838472608,0
wfcommons,deterministic,seismology,0.5,seismology_16,0,HEFT-Tp_static,0.0063016427006506,145.57022838472608,0
wfcommons,deterministic,seismology,0.5,seismology_16,0,CPoP-Tp_static,0.0063016427006506,145.57022838472608,0
wfcommons,deterministic,seismology,0.5,seismology_16,0,FastestNode,0.0016594965831668,602.5923826208477,0
wfcommons,deterministic,seismology,0.5,seismology_16,0,MaxTP,0.0063016427006506,145.57022838472608,0
wfcommons,deterministic,seismology,0.5,seismology_22,0,HEFT_static,0.0067639483013278,149.25021940760465,0
wfcommons,deterministic,seismology,0.5,seismology_22,0,CPoP_static,0.0067639483013278,149.25021940760465,0
wfcommons,deterministic,seismology,0.5,seismology_22,0,HEFT-Tp_static,0.0067639483013278,149.25021940760465,0
wfcommons,deterministic,seismology,0.5,seismology_22,0,CPoP-Tp_static,0.0067639483013278,149.25021940760465,0
wfcommons,deterministic,seismology,0.5,seismology_22,0,FastestNode,0.003683395099505,271.48866005117645,0
wfcommons,deterministic,seismology,0.5,seismology_22,0,MaxTP,0.0067639483013278,149.25021940760465,0
wfcommons,deterministic,seismology,0.5,seismology_23,0,HEFT_static,0.0096763194297501,105.69399119419292,0
wfcommons,deterministic,seismology,0.5,seismology_23,0,CPoP_static,0.0096763194297501,105.69399119419292,0
wfcommons,deterministic,seismology,0.5,seismology_23,0,HEFT-Tp_static,0.0096763194297501,105.69399119419292,0
wfcommons,deterministic,seismology,0.5,seismology_23,0,CPoP-Tp_static,0.0096763194297501,105.69399119419292,0
wfcommons,deterministic,seismology,0.5,seismology_23,0,FastestNode,0.0036491261100218,274.03821349371196,0
wfcommons,deterministic,seismology,0.5,seismology_23,0,MaxTP,0.0096763194297501,105.69399119419292,0
wfcommons,deterministic,seismology,0.5,seismology_21,0,HEFT_static,0.0039594264902854,254.50833947594663,0
wfcommons,deterministic,seismology,0.5,seismology_21,0,CPoP_static,0.0039594264902854,254.50833947594663,0
wfcommons,deterministic,seismology,0.5,seismology_21,0,HEFT-Tp_static,0.0039594264902854,254.50833947594663,0
wfcommons,deterministic,seismology,0.5,seismology_21,0,CPoP-Tp_static,0.0039594264902854,254.50833947594663,0
wfcommons,deterministic,seismology,0.5,seismology_21,0,FastestNode,0.0020127697629953,496.8278132884152,0
wfcommons,deterministic,seismology,0.5,seismology_21,0,MaxTP,0.0039594264902854,254.50833947594663,0
wfcommons,deterministic,seismology,0.5,seismology_25,0,HEFT_static,0.0160794448626007,63.98636565988874,0
wfcommons,deterministic,seismology,0.5,seismology_25,0,CPoP_static,0.0160794448626007,63.98636565988874,0
wfcommons,deterministic,seismology,0.5,seismology_25,0,HEFT-Tp_static,0.0160794448626007,63.95419826411332,0
wfcommons,deterministic,seismology,0.5,seismology_25,0,CPoP-Tp_static,0.0160794448626007,63.95419826411332,0
wfcommons,deterministic,seismology,0.5,seismology_25,0,FastestNode,0.0042704157085539,234.1692397771021,0
wfcommons,deterministic,seismology,0.5,seismology_25,0,MaxTP,0.0160794448626007,63.95419826411332,0
wfcommons,deterministic,seismology,0.5,seismology_24,0,HEFT_static,0.0047143181685771,185.9695366908108,0
wfcommons,deterministic,seismology,0.5,seismology_24,0,CPoP_static,0.0047143181685771,185.9695366908108,0
wfcommons,deterministic,seismology,0.5,seismology_24,0,HEFT-Tp_static,0.0054214897240557,186.2835758742109,0
wfcommons,deterministic,seismology,0.5,seismology_24,0,CPoP-Tp_static,0.0054214897240557,186.2835758742109,0
wfcommons,deterministic,seismology,0.5,seismology_24,0,FastestNode,0.0031651114325141,315.94464249520763,0
wfcommons,deterministic,seismology,0.5,seismology_24,0,MaxTP,0.0054214897240557,186.2835758742109,0
wfcommons,deterministic,seismology,0.5,seismology_26,0,HEFT_static,0.0023514682677246,366.76826037635766,0
wfcommons,deterministic,seismology,0.5,seismology_26,0,CPoP_static,0.0023514682677246,366.76826037635766,0
wfcommons,deterministic,seismology,0.5,seismology_26,0,HEFT-Tp_static,0.002744245643634,367.3307136940966,0
wfcommons,deterministic,seismology,0.5,seismology_26,0,CPoP-Tp_static,0.002744245643634,367.3307136940966,0
wfcommons,deterministic,seismology,0.5,seismology_26,0,FastestNode,0.0016220259073531,616.5129641076012,0
wfcommons,deterministic,seismology,0.5,seismology_26,0,MaxTP,0.002744245643634,367.3307136940966,0
wfcommons,deterministic,seismology,0.5,seismology_29,0,HEFT_static,0.0041422770767111,244.23287835109824,0
wfcommons,deterministic,seismology,0.5,seismology_29,0,CPoP_static,0.0041422770767111,244.23287835109824,0
wfcommons,deterministic,seismology,0.5,seismology_29,0,HEFT-Tp_static,0.0041422770767111,244.23287835109824,0
wfcommons,deterministic,seismology,0.5,seismology_29,0,CPoP-Tp_static,0.0041422770767111,244.23287835109824,0
wfcommons,deterministic,seismology,0.5,seismology_29,0,FastestNode,0.0022457442030592,445.2866887689166,0
wfcommons,deterministic,seismology,0.5,seismology_29,0,MaxTP,0.0041422770767111,244.23287835109824,0
wfcommons,deterministic,seismology,0.5,seismology_28,0,HEFT_static,0.0132201865817049,66.59697569751879,0
wfcommons,deterministic,seismology,0.5,seismology_28,0,CPoP_static,0.0132201865817049,66.59697569751879,0
wfcommons,deterministic,seismology,0.5,seismology_28,0,HEFT-Tp_static,0.0132201865817049,66.59697569751879,0
wfcommons,deterministic,seismology,0.5,seismology_28,0,CPoP-Tp_static,0.0132201865817049,66.59697569751879,0
wfcommons,deterministic,seismology,0.5,seismology_28,0,FastestNode,0.0049101765435043,203.65866504897815,0
wfcommons,deterministic,seismology,0.5,seismology_28,0,MaxTP,0.0132201865817049,66.59697569751879,0
wfcommons,deterministic,seismology,0.5,seismology_27,0,HEFT_static,0.0039668681395404,230.1794023007428,0
wfcommons,deterministic,seismology,0.5,seismology_27,0,CPoP_static,0.0039668681395404,230.1794023007428,0
wfcommons,deterministic,seismology,0.5,seismology_27,0,HEFT-Tp_static,0.0043757910802013,230.1913374374268,0
wfcommons,deterministic,seismology,0.5,seismology_27,0,CPoP-Tp_static,0.0043757910802013,230.1913374374268,0
wfcommons,deterministic,seismology,0.5,seismology_27,0,FastestNode,0.0024350836186431,410.6635157603442,0
wfcommons,deterministic,seismology,0.5,seismology_27,0,MaxTP,0.0043757910802013,230.1913374374268,0
wfcommons,deterministic,seismology,1.0,seismology_2,0,HEFT_static,0.0032788643452663,140.08926401069505,0
wfcommons,deterministic,seismology,1.0,seismology_2,0,CPoP_static,0.0032788643452663,140.08926401069505,0
wfcommons,deterministic,seismology,1.0,seismology_2,0,HEFT-Tp_static,0.0034484607757873,140.34849169492003,0
wfcommons,deterministic,seismology,1.0,seismology_2,0,CPoP-Tp_static,0.0034484607757873,140.34849169492003,0
wfcommons,deterministic,seismology,1.0,seismology_2,0,FastestNode,0.0028470207098753,351.2443715404561,0
wfcommons,deterministic,seismology,1.0,seismology_2,0,MaxTP,0.0034484607757873,140.34849169492003,0
wfcommons,deterministic,seismology,1.0,seismology_1,0,HEFT_static,0.0023376308394279,172.85142114344242,0
wfcommons,deterministic,seismology,1.0,seismology_1,0,CPoP_static,0.0023376308394279,172.85142114344242,0
wfcommons,deterministic,seismology,1.0,seismology_1,0,HEFT-Tp_static,0.0032853190166267,172.98258065383283,0
wfcommons,deterministic,seismology,1.0,seismology_1,0,CPoP-Tp_static,0.0032853190166267,172.98258065383283,0
wfcommons,deterministic,seismology,1.0,seismology_1,0,FastestNode,0.0025388814371882,393.8742413706464,0
wfcommons,deterministic,seismology,1.0,seismology_1,0,MaxTP,0.0032853190166267,172.98258065383283,0
wfcommons,deterministic,seismology,1.0,seismology_0,0,HEFT_static,0.004625808880405,90.616761933083,0
wfcommons,deterministic,seismology,1.0,seismology_0,0,CPoP_static,0.004625808880405,90.616761933083,0
wfcommons,deterministic,seismology,1.0,seismology_0,0,HEFT-Tp_static,0.0054353254335507,90.85772892749628,0
wfcommons,deterministic,seismology,1.0,seismology_0,0,CPoP-Tp_static,0.0054353254335507,90.85772892749628,0
wfcommons,deterministic,seismology,1.0,seismology_0,0,FastestNode,0.0024733314245038,404.3129804987996,0
wfcommons,deterministic,seismology,1.0,seismology_0,0,MaxTP,0.0054353254335507,90.85772892749628,0
wfcommons,deterministic,seismology,1.0,seismology_3,0,HEFT_static,0.003749854863448,105.29707362339563,0
wfcommons,deterministic,seismology,1.0,seismology_3,0,CPoP_static,0.003749854863448,105.29707362339563,0
wfcommons,deterministic,seismology,1.0,seismology_3,0,HEFT-Tp_static,0.0042185867199728,105.33040003563964,0
wfcommons,deterministic,seismology,1.0,seismology_3,0,CPoP-Tp_static,0.0042185867199728,105.33040003563964,0
wfcommons,deterministic,seismology,1.0,seismology_3,0,FastestNode,0.0033179789431587,301.3882900207004,0
wfcommons,deterministic,seismology,1.0,seismology_3,0,MaxTP,0.0042185867199728,105.33040003563964,0
wfcommons,deterministic,seismology,1.0,seismology_5,0,HEFT_static,0.0084043498756176,67.734067232447,0
wfcommons,deterministic,seismology,1.0,seismology_5,0,CPoP_static,0.0084043498756176,67.734067232447,0
wfcommons,deterministic,seismology,1.0,seismology_5,0,HEFT-Tp_static,0.0084043498756176,67.734067232447,0
wfcommons,deterministic,seismology,1.0,seismology_5,0,CPoP-Tp_static,0.0084043498756176,67.734067232447,0
wfcommons,deterministic,seismology,1.0,seismology_5,0,FastestNode,0.0071162331990638,140.52378161787496,0
wfcommons,deterministic,seismology,1.0,seismology_5,0,MaxTP,0.0084043498756176,67.734067232447,0
wfcommons,deterministic,seismology,1.0,seismology_4,0,HEFT_static,0.0019077873757713,240.19345613335483,0
wfcommons,deterministic,seismology,1.0,seismology_4,0,CPoP_static,0.0019077873757713,240.19345613335483,0
wfcommons,deterministic,seismology,1.0,seismology_4,0,HEFT-Tp_static,0.0019077873757713,240.19345613335483,0
wfcommons,deterministic,seismology,1.0,seismology_4,0,CPoP-Tp_static,0.0019077873757713,240.19345613335483,0
wfcommons,deterministic,seismology,1.0,seismology_4,0,FastestNode,0.0016962691569664,589.529082631015,0
wfcommons,deterministic,seismology,1.0,seismology_4,0,MaxTP,0.0019077873757713,240.19345613335483,0
wfcommons,deterministic,seismology,1.0,seismology_8,0,HEFT_static,0.0087728203919787,58.47307801149889,0
wfcommons,deterministic,seismology,1.0,seismology_8,0,CPoP_static,0.0087728203919787,58.47307801149889,0
wfcommons,deterministic,seismology,1.0,seismology_8,0,HEFT-Tp_static,0.0087728203919787,58.53443353978572,0
wfcommons,deterministic,seismology,1.0,seismology_8,0,CPoP-Tp_static,0.0087728203919787,58.53443353978572,0
wfcommons,deterministic,seismology,1.0,seismology_8,0,FastestNode,0.0040991064438849,243.95560683619505,0
wfcommons,deterministic,seismology,1.0,seismology_8,0,MaxTP,0.0087728203919787,58.53443353978572,0
wfcommons,deterministic,seismology,1.0,seismology_9,0,HEFT_static,0.006808894182635,77.49026260469982,0
wfcommons,deterministic,seismology,1.0,seismology_9,0,CPoP_static,0.006808894182635,77.49026260469982,0
wfcommons,deterministic,seismology,1.0,seismology_9,0,HEFT-Tp_static,0.006808894182635,77.49026260469982,0
wfcommons,deterministic,seismology,1.0,seismology_9,0,CPoP-Tp_static,0.006808894182635,77.49026260469982,0
wfcommons,deterministic,seismology,1.0,seismology_9,0,FastestNode,0.0048425027251138,206.50478828203944,0
wfcommons,deterministic,seismology,1.0,seismology_9,0,MaxTP,0.006808894182635,77.49026260469982,0
wfcommons,deterministic,seismology,1.0,seismology_6,0,HEFT_static,0.0024509261739514,189.79822212513065,0
wfcommons,deterministic,seismology,1.0,seismology_6,0,CPoP_static,0.0024509261739514,189.79822212513065,0
wfcommons,deterministic,seismology,1.0,seismology_6,0,HEFT-Tp_static,0.0024509261739514,189.79822212513065,0
wfcommons,deterministic,seismology,1.0,seismology_6,0,CPoP-Tp_static,0.0024509261739514,189.79822212513065,0
wfcommons,deterministic,seismology,1.0,seismology_6,0,FastestNode,0.0020643887011909,484.40489885705847,0
wfcommons,deterministic,seismology,1.0,seismology_6,0,MaxTP,0.0024509261739514,189.79822212513065,0
wfcommons,deterministic,seismology,1.0,seismology_7,0,HEFT_static,0.0031336030551895,175.8673868650814,0
wfcommons,deterministic,seismology,1.0,seismology_7,0,CPoP_static,0.0031336030551895,175.8673868650814,0
wfcommons,deterministic,seismology,1.0,seismology_7,0,HEFT-Tp_static,0.0031336030551895,175.82583531434673,0
wfcommons,deterministic,seismology,1.0,seismology_7,0,CPoP-Tp_static,0.0031336030551895,175.82583531434673,0
wfcommons,deterministic,seismology,1.0,seismology_7,0,FastestNode,0.0018218533516934,548.8915993553015,0
wfcommons,deterministic,seismology,1.0,seismology_7,0,MaxTP,0.0031336030551895,175.82583531434673,0
wfcommons,deterministic,seismology,1.0,seismology_10,0,HEFT_static,0.0026524018103559,170.47568180735482,0
wfcommons,deterministic,seismology,1.0,seismology_10,0,CPoP_static,0.0026524018103559,170.47568180735482,0
wfcommons,deterministic,seismology,1.0,seismology_10,0,HEFT-Tp_static,0.0029839520363189,170.65154833289066,0
wfcommons,deterministic,seismology,1.0,seismology_10,0,CPoP-Tp_static,0.0029839520363189,170.65154833289066,0
wfcommons,deterministic,seismology,1.0,seismology_10,0,FastestNode,0.0022996815422233,434.8428169908579,0
wfcommons,deterministic,seismology,1.0,seismology_10,0,MaxTP,0.0029839520363189,170.65154833289066,0
wfcommons,deterministic,seismology,1.0,seismology_13,0,HEFT_static,0.0055846007999272,106.0580445737208,0
wfcommons,deterministic,seismology,1.0,seismology_13,0,CPoP_static,0.0055846007999272,106.0580445737208,0
wfcommons,deterministic,seismology,1.0,seismology_13,0,HEFT-Tp_static,0.0055846007999272,106.0580445737208,0
wfcommons,deterministic,seismology,1.0,seismology_13,0,CPoP-Tp_static,0.0055846007999272,106.0580445737208,0
wfcommons,deterministic,seismology,1.0,seismology_13,0,FastestNode,0.0041845078928442,238.9767269203235,0
wfcommons,deterministic,seismology,1.0,seismology_13,0,MaxTP,0.0055846007999272,106.0580445737208,0
wfcommons,deterministic,seismology,1.0,seismology_14,0,HEFT_static,0.0036651075301399,131.28320628852117,0
wfcommons,deterministic,seismology,1.0,seismology_14,0,CPoP_static,0.0036651075301399,131.28320628852117,0
wfcommons,deterministic,seismology,1.0,seismology_14,0,HEFT-Tp_static,0.0043850393656975,131.51271249169577,0
wfcommons,deterministic,seismology,1.0,seismology_14,0,CPoP-Tp_static,0.0043850393656975,131.51271249169577,0
wfcommons,deterministic,seismology,1.0,seismology_14,0,FastestNode,0.0043010807655165,232.4997028704281,0
wfcommons,deterministic,seismology,1.0,seismology_14,0,MaxTP,0.0043850393656975,131.51271249169577,0
wfcommons,deterministic,seismology,1.0,seismology_11,0,HEFT_static,0.0061555132009355,77.68227366370387,0
wfcommons,deterministic,seismology,1.0,seismology_11,0,CPoP_static,0.0061555132009355,77.68227366370387,0
wfcommons,deterministic,seismology,1.0,seismology_11,0,HEFT-Tp_static,0.0061555132020404,77.73762959133556,0
wfcommons,deterministic,seismology,1.0,seismology_11,0,CPoP-Tp_static,0.0061555132020404,77.73762959133556,0
wfcommons,deterministic,seismology,1.0,seismology_11,0,FastestNode,0.0025634272429432,390.10274340940066,0
wfcommons,deterministic,seismology,1.0,seismology_11,0,MaxTP,0.0061555132020404,77.73762959133556,0
wfcommons,deterministic,seismology,1.0,seismology_12,0,HEFT_static,0.0028789706277845,239.6484261497092,0
wfcommons,deterministic,seismology,1.0,seismology_12,0,CPoP_static,0.0028789706277845,239.6484261497092,0
wfcommons,deterministic,seismology,1.0,seismology_12,0,HEFT-Tp_static,0.0028789706277845,239.6484261497092,0
wfcommons,deterministic,seismology,1.0,seismology_12,0,CPoP-Tp_static,0.0028789706277845,239.6484261497092,0
wfcommons,deterministic,seismology,1.0,seismology_12,0,FastestNode,0.00267032078292,374.4868430785142,0
wfcommons,deterministic,seismology,1.0,seismology_12,0,MaxTP,0.0028789706277845,239.6484261497092,0
wfcommons,deterministic,seismology,1.0,seismology_15,0,HEFT_static,0.0047887314082294,103.94914730806698,0
wfcommons,deterministic,seismology,1.0,seismology_15,0,CPoP_static,0.0047887314082294,103.94914730806698,0
wfcommons,deterministic,seismology,1.0,seismology_15,0,HEFT-Tp_static,0.0047887314082294,103.94914730806698,0
wfcommons,deterministic,seismology,1.0,seismology_15,0,CPoP-Tp_static,0.0047887314082294,103.94914730806698,0
wfcommons,deterministic,seismology,1.0,seismology_15,0,FastestNode,0.0028949267927787,345.4318784493415,0
wfcommons,deterministic,seismology,1.0,seismology_15,0,MaxTP,0.0047887314082294,103.94914730806698,0
wfcommons,deterministic,seismology,1.0,seismology_17,0,HEFT_static,0.0014962436140669,325.5868088486782,0
wfcommons,deterministic,seismology,1.0,seismology_17,0,CPoP_static,0.0014962436140669,325.5868088486782,0
wfcommons,deterministic,seismology,1.0,seismology_17,0,HEFT-Tp_static,0.0016656296834145,325.9630793340773,0
wfcommons,deterministic,seismology,1.0,seismology_17,0,CPoP-Tp_static,0.0016656296834145,325.9630793340773,0
wfcommons,deterministic,seismology,1.0,seismology_17,0,FastestNode,0.0016521429815196,605.2744896702997,0
wfcommons,deterministic,seismology,1.0,seismology_17,0,MaxTP,0.0016656296834145,325.9630793340773,0
wfcommons,deterministic,seismology,1.0,seismology_18,0,HEFT_static,0.0052373534441311,81.89129085703648,0
wfcommons,deterministic,seismology,1.0,seismology_18,0,CPoP_static,0.0052373534441311,81.89129085703648,0
wfcommons,deterministic,seismology,1.0,seismology_18,0,HEFT-Tp_static,0.0060037954099043,82.0285372400789,0
wfcommons,deterministic,seismology,1.0,seismology_18,0,CPoP-Tp_static,0.0060037954099043,82.0285372400789,0
wfcommons,deterministic,seismology,1.0,seismology_18,0,FastestNode,0.0032312672779281,309.47610147695,0
wfcommons,deterministic,seismology,1.0,seismology_18,0,MaxTP,0.0060037954099043,82.0285372400789,0
wfcommons,deterministic,seismology,1.0,seismology_19,0,HEFT_static,0.0016223314788477,279.35647621069535,0
wfcommons,deterministic,seismology,1.0,seismology_19,0,CPoP_static,0.0016223314788477,279.35647621069535,0
wfcommons,deterministic,seismology,1.0,seismology_19,0,HEFT-Tp_static,0.0021228379984172,279.6152064725644,0
wfcommons,deterministic,seismology,1.0,seismology_19,0,CPoP-Tp_static,0.0021228379984172,279.6152064725644,0
wfcommons,deterministic,seismology,1.0,seismology_19,0,FastestNode,0.0020724580271784,482.5188191451688,0
wfcommons,deterministic,seismology,1.0,seismology_19,0,MaxTP,0.0021228379984172,279.6152064725644,0
wfcommons,deterministic,seismology,1.0,seismology_20,0,HEFT_static,0.0035098739493535,141.70343698258165,0
wfcommons,deterministic,seismology,1.0,seismology_20,0,CPoP_static,0.0035098739493535,141.70343698258165,0
wfcommons,deterministic,seismology,1.0,seismology_20,0,HEFT-Tp_static,0.0035098739493535,141.70343698258165,0
wfcommons,deterministic,seismology,1.0,seismology_20,0,CPoP-Tp_static,0.0035098739493535,141.70343698258165,0
wfcommons,deterministic,seismology,1.0,seismology_20,0,FastestNode,0.0029795510812236,335.62102905525796,0
wfcommons,deterministic,seismology,1.0,seismology_20,0,MaxTP,0.0035098739493535,141.70343698258165,0
wfcommons,deterministic,seismology,1.0,seismology_16,0,HEFT_static,0.0031508213503253,148.0497405916601,0
wfcommons,deterministic,seismology,1.0,seismology_16,0,CPoP_static,0.0031508213503253,148.0497405916601,0
wfcommons,deterministic,seismology,1.0,seismology_16,0,HEFT-Tp_static,0.0031508213503253,148.0497405916601,0
wfcommons,deterministic,seismology,1.0,seismology_16,0,CPoP-Tp_static,0.0031508213503253,148.0497405916601,0
wfcommons,deterministic,seismology,1.0,seismology_16,0,FastestNode,0.0016594965831668,602.5923826208477,0
wfcommons,deterministic,seismology,1.0,seismology_16,0,MaxTP,0.0031508213503253,148.0497405916601,0
wfcommons,deterministic,seismology,1.0,seismology_22,0,HEFT_static,0.0037761360817542,151.0395502501567,0
wfcommons,deterministic,seismology,1.0,seismology_22,0,CPoP_static,0.0037761360817542,151.0395502501567,0
wfcommons,deterministic,seismology,1.0,seismology_22,0,HEFT-Tp_static,0.0037761360817542,151.0395502501567,0
wfcommons,deterministic,seismology,1.0,seismology_22,0,CPoP-Tp_static,0.0037761360817542,151.0395502501567,0
wfcommons,deterministic,seismology,1.0,seismology_22,0,FastestNode,0.003683395099505,271.48866005117645,0
wfcommons,deterministic,seismology,1.0,seismology_22,0,MaxTP,0.0037761360817542,151.0395502501567,0
wfcommons,deterministic,seismology,1.0,seismology_23,0,HEFT_static,0.005248029342073,108.0758376331578,0
wfcommons,deterministic,seismology,1.0,seismology_23,0,CPoP_static,0.005248029342073,108.0758376331578,0
wfcommons,deterministic,seismology,1.0,seismology_23,0,HEFT-Tp_static,0.005248029342073,108.0758376331578,0
wfcommons,deterministic,seismology,1.0,seismology_23,0,CPoP-Tp_static,0.005248029342073,108.0758376331578,0
wfcommons,deterministic,seismology,1.0,seismology_23,0,FastestNode,0.0036491261100218,274.03821349371196,0
wfcommons,deterministic,seismology,1.0,seismology_23,0,MaxTP,0.005248029342073,108.0758376331578,0
wfcommons,deterministic,seismology,1.0,seismology_21,0,HEFT_static,0.0020282632335337,256.4963743610888,0
wfcommons,deterministic,seismology,1.0,seismology_21,0,CPoP_static,0.0020282632335337,256.4963743610888,0
wfcommons,deterministic,seismology,1.0,seismology_21,0,HEFT-Tp_static,0.0020282632335337,256.4963743610888,0
wfcommons,deterministic,seismology,1.0,seismology_21,0,CPoP-Tp_static,0.0020282632335337,256.4963743610888,0
wfcommons,deterministic,seismology,1.0,seismology_21,0,FastestNode,0.0020127697629953,496.8278132884152,0
wfcommons,deterministic,seismology,1.0,seismology_21,0,MaxTP,0.0020282632335337,256.4963743610888,0
wfcommons,deterministic,seismology,1.0,seismology_25,0,HEFT_static,0.0080397224313003,66.28974350368371,0
wfcommons,deterministic,seismology,1.0,seismology_25,0,CPoP_static,0.0080397224313003,66.28974350368371,0
wfcommons,deterministic,seismology,1.0,seismology_25,0,HEFT-Tp_static,0.0080397224313003,66.25757610790829,0
wfcommons,deterministic,seismology,1.0,seismology_25,0,CPoP-Tp_static,0.0080397224313003,66.25757610790829,0
wfcommons,deterministic,seismology,1.0,seismology_25,0,FastestNode,0.0042704157085539,234.1692397771021,0
wfcommons,deterministic,seismology,1.0,seismology_25,0,MaxTP,0.0080397224313003,66.25757610790829,0
wfcommons,deterministic,seismology,1.0,seismology_24,0,HEFT_static,0.0023571590842885,187.7082231800252,0
wfcommons,deterministic,seismology,1.0,seismology_24,0,CPoP_static,0.0023571590842885,187.7082231800252,0
wfcommons,deterministic,seismology,1.0,seismology_24,0,HEFT-Tp_static,0.0032678796386711,188.022262365164,0
wfcommons,deterministic,seismology,1.0,seismology_24,0,CPoP-Tp_static,0.0032678796386711,188.022262365164,0
wfcommons,deterministic,seismology,1.0,seismology_24,0,FastestNode,0.0031651114325141,315.94464249520763,0
wfcommons,deterministic,seismology,1.0,seismology_24,0,MaxTP,0.0032678796386711,188.022262365164,0
wfcommons,deterministic,seismology,1.0,seismology_26,0,HEFT_static,0.0011757341338623,369.5477780919728,0
wfcommons,deterministic,seismology,1.0,seismology_26,0,CPoP_static,0.0011757341338623,369.5477780919728,0
wfcommons,deterministic,seismology,1.0,seismology_26,0,HEFT-Tp_static,0.0016811899292228,370.11023141249126,0
wfcommons,deterministic,seismology,1.0,seismology_26,0,CPoP-Tp_static,0.0016811899292228,370.11023141249126,0
wfcommons,deterministic,seismology,1.0,seismology_26,0,FastestNode,0.0016220259073531,616.5129641076012,0
wfcommons,deterministic,seismology,1.0,seismology_26,0,MaxTP,0.0016811899292228,370.11023141249126,0
wfcommons,deterministic,seismology,1.0,seismology_29,0,HEFT_static,0.0022885319156266,247.26733218459117,0
wfcommons,deterministic,seismology,1.0,seismology_29,0,CPoP_static,0.0022885319156266,247.26733218459117,0
wfcommons,deterministic,seismology,1.0,seismology_29,0,HEFT-Tp_static,0.0022885319156266,247.26733218459117,0
wfcommons,deterministic,seismology,1.0,seismology_29,0,CPoP-Tp_static,0.0022885319156266,247.26733218459117,0
wfcommons,deterministic,seismology,1.0,seismology_29,0,FastestNode,0.0022457442030592,445.2866887689166,0
wfcommons,deterministic,seismology,1.0,seismology_29,0,MaxTP,0.0022885319156266,247.26733218459117,0
wfcommons,deterministic,seismology,1.0,seismology_28,0,HEFT_static,0.0066100932908524,68.35608959578036,0
wfcommons,deterministic,seismology,1.0,seismology_28,0,CPoP_static,0.0066100932908524,68.35608959578036,0
wfcommons,deterministic,seismology,1.0,seismology_28,0,HEFT-Tp_static,0.0066100932908524,68.35608959578036,0
wfcommons,deterministic,seismology,1.0,seismology_28,0,CPoP-Tp_static,0.0066100932908524,68.35608959578036,0
wfcommons,deterministic,seismology,1.0,seismology_28,0,FastestNode,0.0049101765435043,203.65866504897815,0
wfcommons,deterministic,seismology,1.0,seismology_28,0,MaxTP,0.0066100932908524,68.35608959578036,0
wfcommons,deterministic,seismology,1.0,seismology_27,0,HEFT_static,0.0019834340697702,231.80577672790284,0
wfcommons,deterministic,seismology,1.0,seismology_27,0,CPoP_static,0.0019834340697702,231.80577672790284,0
wfcommons,deterministic,seismology,1.0,seismology_27,0,HEFT-Tp_static,0.0024792925867169,231.81771186621316,0
wfcommons,deterministic,seismology,1.0,seismology_27,0,CPoP-Tp_static,0.0024792925867169,231.81771186621316,0
wfcommons,deterministic,seismology,1.0,seismology_27,0,FastestNode,0.0024350836186431,410.6635157603442,0
wfcommons,deterministic,seismology,1.0,seismology_27,0,MaxTP,0.0024792925867169,231.81771186621316,0
wfcommons,deterministic,seismology,2.0,seismology_2,0,HEFT_static,0.0016394321726331,145.08899590018078,0
wfcommons,deterministic,seismology,2.0,seismology_2,0,CPoP_static,0.0016394321726331,145.08899590018078,0
wfcommons,deterministic,seismology,2.0,seismology_2,0,HEFT-Tp_static,0.0017242303878936,145.34822358440576,0
wfcommons,deterministic,seismology,2.0,seismology_2,0,CPoP-Tp_static,0.0017242303878936,145.34822358440576,0
wfcommons,deterministic,seismology,2.0,seismology_2,0,FastestNode,0.0028470207098753,351.2443715404561,0
wfcommons,deterministic,seismology,2.0,seismology_2,0,MaxTP,0.0017242303878936,145.34822358440576,0
wfcommons,deterministic,seismology,2.0,seismology_1,0,HEFT_static,0.0011688154197139,176.96472442741853,0
wfcommons,deterministic,seismology,2.0,seismology_1,0,CPoP_static,0.0011688154197139,176.96472442741853,0
wfcommons,deterministic,seismology,2.0,seismology_1,0,HEFT-Tp_static,0.0016426595083133,177.09588394192227,0
wfcommons,deterministic,seismology,2.0,seismology_1,0,CPoP-Tp_static,0.0016426595083133,177.09588394192227,0
wfcommons,deterministic,seismology,2.0,seismology_1,0,FastestNode,0.0025388814371882,393.8742413706464,0
wfcommons,deterministic,seismology,2.0,seismology_1,0,MaxTP,0.0016426595083133,177.09588394192227,0
wfcommons,deterministic,seismology,2.0,seismology_0,0,HEFT_static,0.0023129044402025,95.21630252741096,0
wfcommons,deterministic,seismology,2.0,seismology_0,0,CPoP_static,0.0023129044402025,95.21630252741096,0
wfcommons,deterministic,seismology,2.0,seismology_0,0,HEFT-Tp_static,0.0027176627167753,95.45726952642376,0
wfcommons,deterministic,seismology,2.0,seismology_0,0,CPoP-Tp_static,0.0027176627167753,95.45726952642376,0
wfcommons,deterministic,seismology,2.0,seismology_0,0,FastestNode,0.0024733314245038,404.3129804987996,0
wfcommons,deterministic,seismology,2.0,seismology_0,0,MaxTP,0.0027176627167753,95.45726952642376,0
wfcommons,deterministic,seismology,2.0,seismology_3,0,HEFT_static,0.001874927431724,109.00092067862474,0
wfcommons,deterministic,seismology,2.0,seismology_3,0,CPoP_static,0.001874927431724,109.00092067862474,0
wfcommons,deterministic,seismology,2.0,seismology_3,0,HEFT-Tp_static,0.0021092933599864,109.03424709086872,0
wfcommons,deterministic,seismology,2.0,seismology_3,0,CPoP-Tp_static,0.0021092933599864,109.03424709086872,0
wfcommons,deterministic,seismology,2.0,seismology_3,0,FastestNode,0.0033179789431587,301.3882900207004,0
wfcommons,deterministic,seismology,2.0,seismology_3,0,MaxTP,0.0021092933599864,109.03424709086872,0
wfcommons,deterministic,seismology,2.0,seismology_5,0,HEFT_static,0.0042021749378088,71.2336555576797,0
wfcommons,deterministic,seismology,2.0,seismology_5,0,CPoP_static,0.0042021749378088,71.2336555576797,0
wfcommons,deterministic,seismology,2.0,seismology_5,0,HEFT-Tp_static,0.0042021749378088,71.2336555576797,0
wfcommons,deterministic,seismology,2.0,seismology_5,0,CPoP-Tp_static,0.0042021749378088,71.2336555576797,0
wfcommons,deterministic,seismology,2.0,seismology_5,0,FastestNode,0.0071162331990638,140.52378161787496,0
wfcommons,deterministic,seismology,2.0,seismology_5,0,MaxTP,0.0042021749378088,71.2336555576797,0
wfcommons,deterministic,seismology,2.0,seismology_4,0,HEFT_static,0.0009538936878856,245.71100799639595,0
wfcommons,deterministic,seismology,2.0,seismology_4,0,CPoP_static,0.0009538936878856,245.71100799639595,0
wfcommons,deterministic,seismology,2.0,seismology_4,0,HEFT-Tp_static,0.0009538936878856,245.71100799639595,0
wfcommons,deterministic,seismology,2.0,seismology_4,0,CPoP-Tp_static,0.0009538936878856,245.71100799639595,0
wfcommons,deterministic,seismology,2.0,seismology_4,0,FastestNode,0.0016962691569664,589.529082631015,0
wfcommons,deterministic,seismology,2.0,seismology_4,0,MaxTP,0.0009538936878856,245.71100799639595,0
wfcommons,deterministic,seismology,2.0,seismology_8,0,HEFT_static,0.0043864101959893,63.03261510574659,0
wfcommons,deterministic,seismology,2.0,seismology_8,0,CPoP_static,0.0043864101959893,63.03261510574659,0
wfcommons,deterministic,seismology,2.0,seismology_8,0,HEFT-Tp_static,0.0043864101959893,63.09397063403343,0
wfcommons,deterministic,seismology,2.0,seismology_8,0,CPoP-Tp_static,0.0043864101959893,63.09397063403343,0
wfcommons,deterministic,seismology,2.0,seismology_8,0,FastestNode,0.0040991064438849,243.95560683619505,0
wfcommons,deterministic,seismology,2.0,seismology_8,0,MaxTP,0.0043864101959893,63.09397063403343,0
wfcommons,deterministic,seismology,2.0,seismology_9,0,HEFT_static,0.0034044470913175,82.73550283847656,0
wfcommons,deterministic,seismology,2.0,seismology_9,0,CPoP_static,0.0034044470913175,82.73550283847656,0
wfcommons,deterministic,seismology,2.0,seismology_9,0,HEFT-Tp_static,0.0034044470913175,82.73550283847656,0
wfcommons,deterministic,seismology,2.0,seismology_9,0,CPoP-Tp_static,0.0034044470913175,82.73550283847656,0
wfcommons,deterministic,seismology,2.0,seismology_9,0,FastestNode,0.0048425027251138,206.50478828203944,0
wfcommons,deterministic,seismology,2.0,seismology_9,0,MaxTP,0.0034044470913175,82.73550283847656,0
wfcommons,deterministic,seismology,2.0,seismology_6,0,HEFT_static,0.0012254630869757,193.8783123809207,0
wfcommons,deterministic,seismology,2.0,seismology_6,0,CPoP_static,0.0012254630869757,193.8783123809207,0
wfcommons,deterministic,seismology,2.0,seismology_6,0,HEFT-Tp_static,0.0012254630869757,193.8783123809207,0
wfcommons,deterministic,seismology,2.0,seismology_6,0,CPoP-Tp_static,0.0012254630869757,193.8783123809207,0
wfcommons,deterministic,seismology,2.0,seismology_6,0,FastestNode,0.0020643887011909,484.40489885705847,0
wfcommons,deterministic,seismology,2.0,seismology_6,0,MaxTP,0.0012254630869757,193.8783123809207,0
wfcommons,deterministic,seismology,2.0,seismology_7,0,HEFT_static,0.0015668015275947,180.70256058832075,0
wfcommons,deterministic,seismology,2.0,seismology_7,0,CPoP_static,0.0015668015275947,180.70256058832075,0
wfcommons,deterministic,seismology,2.0,seismology_7,0,HEFT-Tp_static,0.0015668015275947,180.66100903758607,0
wfcommons,deterministic,seismology,2.0,seismology_7,0,CPoP-Tp_static,0.0015668015275947,180.66100903758607,0
wfcommons,deterministic,seismology,2.0,seismology_7,0,FastestNode,0.0018218533516934,548.8915993553015,0
wfcommons,deterministic,seismology,2.0,seismology_7,0,MaxTP,0.0015668015275947,180.66100903758607,0
wfcommons,deterministic,seismology,2.0,seismology_10,0,HEFT_static,0.0013262009051779,174.66475717966554,0
wfcommons,deterministic,seismology,2.0,seismology_10,0,CPoP_static,0.0013262009051779,174.66475717966554,0
wfcommons,deterministic,seismology,2.0,seismology_10,0,HEFT-Tp_static,0.0014919760181594,174.84062370939046,0
wfcommons,deterministic,seismology,2.0,seismology_10,0,CPoP-Tp_static,0.0014919760181594,174.84062370939046,0
wfcommons,deterministic,seismology,2.0,seismology_10,0,FastestNode,0.0022996815422233,434.8428169908579,0
wfcommons,deterministic,seismology,2.0,seismology_10,0,MaxTP,0.0014919760181594,174.84062370939046,0
wfcommons,deterministic,seismology,2.0,seismology_14,0,HEFT_static,0.0018325537650699,135.35549420889316,0
wfcommons,deterministic,seismology,2.0,seismology_14,0,CPoP_static,0.0018325537650699,135.35549420889316,0
wfcommons,deterministic,seismology,2.0,seismology_14,0,HEFT-Tp_static,0.0021925196828487,135.58500041614005,0
wfcommons,deterministic,seismology,2.0,seismology_14,0,CPoP-Tp_static,0.0021925196828487,135.58500041614005,0
wfcommons,deterministic,seismology,2.0,seismology_14,0,FastestNode,0.0043010807655165,232.4997028704281,0
wfcommons,deterministic,seismology,2.0,seismology_14,0,MaxTP,0.0021925196828487,135.58500041614005,0
wfcommons,deterministic,seismology,2.0,seismology_11,0,HEFT_static,0.0030777566004677,81.84781190668225,0
wfcommons,deterministic,seismology,2.0,seismology_11,0,CPoP_static,0.0030777566004677,81.84781190668225,0
wfcommons,deterministic,seismology,2.0,seismology_11,0,HEFT-Tp_static,0.0030777566010202,81.90316783431395,0
wfcommons,deterministic,seismology,2.0,seismology_11,0,CPoP-Tp_static,0.0030777566010202,81.90316783431395,0
wfcommons,deterministic,seismology,2.0,seismology_11,0,FastestNode,0.0025634272429432,390.10274340940066,0
wfcommons,deterministic,seismology,2.0,seismology_11,0,MaxTP,0.0030777566010202,81.90316783431395,0
wfcommons,deterministic,seismology,2.0,seismology_13,0,HEFT_static,0.0027923003999636,110.53464028676188,0
wfcommons,deterministic,seismology,2.0,seismology_13,0,CPoP_static,0.0027923003999636,110.53464028676188,0
wfcommons,deterministic,seismology,2.0,seismology_13,0,HEFT-Tp_static,0.0027923003999636,110.53464028676188,0
wfcommons,deterministic,seismology,2.0,seismology_13,0,CPoP-Tp_static,0.0027923003999636,110.53464028676188,0
wfcommons,deterministic,seismology,2.0,seismology_13,0,FastestNode,0.0041845078928442,238.9767269203235,0
wfcommons,deterministic,seismology,2.0,seismology_13,0,MaxTP,0.0027923003999636,110.53464028676188,0
wfcommons,deterministic,seismology,2.0,seismology_12,0,HEFT_static,0.0014394853138922,242.9882951023785,0
wfcommons,deterministic,seismology,2.0,seismology_12,0,CPoP_static,0.0014394853138922,242.9882951023785,0
wfcommons,deterministic,seismology,2.0,seismology_12,0,HEFT-Tp_static,0.0014394853138922,242.9882951023785,0
wfcommons,deterministic,seismology,2.0,seismology_12,0,CPoP-Tp_static,0.0014394853138922,242.9882951023785,0
wfcommons,deterministic,seismology,2.0,seismology_12,0,FastestNode,0.00267032078292,374.4868430785142,0
wfcommons,deterministic,seismology,2.0,seismology_12,0,MaxTP,0.0014394853138922,242.9882951023785,0
wfcommons,deterministic,seismology,2.0,seismology_15,0,HEFT_static,0.0023943657041147,108.80550945724144,0
wfcommons,deterministic,seismology,2.0,seismology_15,0,CPoP_static,0.0023943657041147,108.80550945724144,0
wfcommons,deterministic,seismology,2.0,seismology_15,0,HEFT-Tp_static,0.0023943657041147,108.80550945724144,0
wfcommons,deterministic,seismology,2.0,seismology_15,0,CPoP-Tp_static,0.0023943657041147,108.80550945724144,0
wfcommons,deterministic,seismology,2.0,seismology_15,0,FastestNode,0.0028949267927787,345.4318784493415,0
wfcommons,deterministic,seismology,2.0,seismology_15,0,MaxTP,0.0023943657041147,108.80550945724144,0
wfcommons,deterministic,seismology,2.0,seismology_17,0,HEFT_static,0.0007481218070334,331.250710224029,0
wfcommons,deterministic,seismology,2.0,seismology_17,0,CPoP_static,0.0007481218070334,331.250710224029,0
wfcommons,deterministic,seismology,2.0,seismology_17,0,HEFT-Tp_static,0.0008328148417072,331.626980715092,0
wfcommons,deterministic,seismology,2.0,seismology_17,0,CPoP-Tp_static,0.0008328148417072,331.626980715092,0
wfcommons,deterministic,seismology,2.0,seismology_17,0,FastestNode,0.0016521429815196,605.2744896702997,0
wfcommons,deterministic,seismology,2.0,seismology_17,0,MaxTP,0.0008328148417072,331.626980715092,0
wfcommons,deterministic,seismology,2.0,seismology_18,0,HEFT_static,0.0026186767220655,85.95376171708656,0
wfcommons,deterministic,seismology,2.0,seismology_18,0,CPoP_static,0.0026186767220655,85.95376171708656,0
wfcommons,deterministic,seismology,2.0,seismology_18,0,HEFT-Tp_static,0.0030018977049521,86.09100810012899,0
wfcommons,deterministic,seismology,2.0,seismology_18,0,CPoP-Tp_static,0.0030018977049521,86.09100810012899,0
wfcommons,deterministic,seismology,2.0,seismology_18,0,FastestNode,0.0032312672779281,309.47610147695,0
wfcommons,deterministic,seismology,2.0,seismology_18,0,MaxTP,0.0030018977049521,86.09100810012899,0
wfcommons,deterministic,seismology,2.0,seismology_20,0,HEFT_static,0.0017549369746767,146.9795576597727,0
wfcommons,deterministic,seismology,2.0,seismology_20,0,CPoP_static,0.0017549369746767,146.9795576597727,0
wfcommons,deterministic,seismology,2.0,seismology_20,0,HEFT-Tp_static,0.0017549369746767,146.9795576597727,0
wfcommons,deterministic,seismology,2.0,seismology_20,0,CPoP-Tp_static,0.0017549369746767,146.9795576597727,0
wfcommons,deterministic,seismology,2.0,seismology_20,0,FastestNode,0.0029795510812236,335.62102905525796,0
wfcommons,deterministic,seismology,2.0,seismology_20,0,MaxTP,0.0017549369746767,146.9795576597727,0
wfcommons,deterministic,seismology,2.0,seismology_19,0,HEFT_static,0.0008111657394238,284.3678326446926,0
wfcommons,deterministic,seismology,2.0,seismology_19,0,CPoP_static,0.0008111657394238,284.3678326446926,0
wfcommons,deterministic,seismology,2.0,seismology_19,0,HEFT-Tp_static,0.0010614189992086,284.626562911573,0
wfcommons,deterministic,seismology,2.0,seismology_19,0,CPoP-Tp_static,0.0010614189992086,284.626562911573,0
wfcommons,deterministic,seismology,2.0,seismology_19,0,FastestNode,0.0020724580271784,482.5188191451688,0
wfcommons,deterministic,seismology,2.0,seismology_19,0,MaxTP,0.0010614189992086,284.626562911573,0
wfcommons,deterministic,seismology,2.0,seismology_16,0,HEFT_static,0.0015754106751626,153.00876500552815,0
wfcommons,deterministic,seismology,2.0,seismology_16,0,CPoP_static,0.0015754106751626,153.00876500552815,0
wfcommons,deterministic,seismology,2.0,seismology_16,0,HEFT-Tp_static,0.0015754106751626,153.00876500552815,0
wfcommons,deterministic,seismology,2.0,seismology_16,0,CPoP-Tp_static,0.0015754106751626,153.00876500552815,0
wfcommons,deterministic,seismology,2.0,seismology_16,0,FastestNode,0.0016594965831668,602.5923826208477,0
wfcommons,deterministic,seismology,2.0,seismology_16,0,MaxTP,0.0015754106751626,153.00876500552815,0
wfcommons,deterministic,seismology,2.0,seismology_22,0,HEFT_static,0.0018880680408771,154.61821193526092,0
wfcommons,deterministic,seismology,2.0,seismology_22,0,CPoP_static,0.0018880680408771,154.61821193526092,0
wfcommons,deterministic,seismology,2.0,seismology_22,0,HEFT-Tp_static,0.0018880680408771,154.61821193526092,0
wfcommons,deterministic,seismology,2.0,seismology_22,0,CPoP-Tp_static,0.0018880680408771,154.61821193526092,0
wfcommons,deterministic,seismology,2.0,seismology_22,0,FastestNode,0.003683395099505,271.48866005117645,0
wfcommons,deterministic,seismology,2.0,seismology_22,0,MaxTP,0.0018880680408771,154.61821193526092,0
wfcommons,deterministic,seismology,2.0,seismology_23,0,HEFT_static,0.0026240146710365,112.8395305110876,0
wfcommons,deterministic,seismology,2.0,seismology_23,0,CPoP_static,0.0026240146710365,112.8395305110876,0
wfcommons,deterministic,seismology,2.0,seismology_23,0,HEFT-Tp_static,0.0026240146710365,112.8395305110876,0
wfcommons,deterministic,seismology,2.0,seismology_23,0,CPoP-Tp_static,0.0026240146710365,112.8395305110876,0
wfcommons,deterministic,seismology,2.0,seismology_23,0,FastestNode,0.0036491261100218,274.03821349371196,0
wfcommons,deterministic,seismology,2.0,seismology_23,0,MaxTP,0.0026240146710365,112.8395305110876,0
wfcommons,deterministic,seismology,2.0,seismology_21,0,HEFT_static,0.0010141316167668,260.47244413137287,0
wfcommons,deterministic,seismology,2.0,seismology_21,0,CPoP_static,0.0010141316167668,260.47244413137287,0
wfcommons,deterministic,seismology,2.0,seismology_21,0,HEFT-Tp_static,0.0010141316167668,260.47244413137287,0
wfcommons,deterministic,seismology,2.0,seismology_21,0,CPoP-Tp_static,0.0010141316167668,260.47244413137287,0
wfcommons,deterministic,seismology,2.0,seismology_21,0,FastestNode,0.0020127697629953,496.8278132884152,0
wfcommons,deterministic,seismology,2.0,seismology_21,0,MaxTP,0.0010141316167668,260.47244413137287,0
wfcommons,deterministic,seismology,2.0,seismology_25,0,HEFT_static,0.0040198612156501,70.89649919127362,0
wfcommons,deterministic,seismology,2.0,seismology_25,0,CPoP_static,0.0040198612156501,70.89649919127362,0
wfcommons,deterministic,seismology,2.0,seismology_25,0,HEFT-Tp_static,0.0040198612156501,70.8643317954982,0
wfcommons,deterministic,seismology,2.0,seismology_25,0,CPoP-Tp_static,0.0040198612156501,70.8643317954982,0
wfcommons,deterministic,seismology,2.0,seismology_25,0,FastestNode,0.0042704157085539,234.1692397771021,0
wfcommons,deterministic,seismology,2.0,seismology_25,0,MaxTP,0.0040198612156501,70.8643317954982,0
wfcommons,deterministic,seismology,2.0,seismology_24,0,HEFT_static,0.0011785795421442,191.185596158454,0
wfcommons,deterministic,seismology,2.0,seismology_24,0,CPoP_static,0.0011785795421442,191.185596158454,0
wfcommons,deterministic,seismology,2.0,seismology_24,0,HEFT-Tp_static,0.0016339398193355,191.49963534707015,0
wfcommons,deterministic,seismology,2.0,seismology_24,0,CPoP-Tp_static,0.0016339398193355,191.49963534707015,0
wfcommons,deterministic,seismology,2.0,seismology_24,0,FastestNode,0.0031651114325141,315.94464249520763,0
wfcommons,deterministic,seismology,2.0,seismology_24,0,MaxTP,0.0016339398193355,191.49963534707015,0
wfcommons,deterministic,seismology,2.0,seismology_26,0,HEFT_static,0.0005878670669311,375.1068135232031,0
wfcommons,deterministic,seismology,2.0,seismology_26,0,CPoP_static,0.0005878670669311,375.1068135232031,0
wfcommons,deterministic,seismology,2.0,seismology_26,0,HEFT-Tp_static,0.0008405949646114,375.6692668492805,0
wfcommons,deterministic,seismology,2.0,seismology_26,0,CPoP-Tp_static,0.0008405949646114,375.6692668492805,0
wfcommons,deterministic,seismology,2.0,seismology_26,0,FastestNode,0.0016220259073531,616.5129641076012,0
wfcommons,deterministic,seismology,2.0,seismology_26,0,MaxTP,0.0008405949646114,375.6692668492805,0
wfcommons,deterministic,seismology,2.0,seismology_28,0,HEFT_static,0.0033050466454262,71.87431739230351,0
wfcommons,deterministic,seismology,2.0,seismology_28,0,CPoP_static,0.0033050466454262,71.87431739230351,0
wfcommons,deterministic,seismology,2.0,seismology_28,0,HEFT-Tp_static,0.0033050466454262,71.87431739230351,0
wfcommons,deterministic,seismology,2.0,seismology_28,0,CPoP-Tp_static,0.0033050466454262,71.87431739230351,0
wfcommons,deterministic,seismology,2.0,seismology_28,0,FastestNode,0.0049101765435043,203.65866504897815,0
wfcommons,deterministic,seismology,2.0,seismology_28,0,MaxTP,0.0033050466454262,71.87431739230351,0
wfcommons,deterministic,seismology,2.0,seismology_29,0,HEFT_static,0.0011442659578133,253.33623985157715,0
wfcommons,deterministic,seismology,2.0,seismology_29,0,CPoP_static,0.0011442659578133,253.33623985157715,0
wfcommons,deterministic,seismology,2.0,seismology_29,0,HEFT-Tp_static,0.0011442659578133,253.33623985157715,0
wfcommons,deterministic,seismology,2.0,seismology_29,0,CPoP-Tp_static,0.0011442659578133,253.33623985157715,0
wfcommons,deterministic,seismology,2.0,seismology_29,0,FastestNode,0.0022457442030592,445.2866887689166,0
wfcommons,deterministic,seismology,2.0,seismology_29,0,MaxTP,0.0011442659578133,253.33623985157715,0
wfcommons,deterministic,seismology,2.0,seismology_27,0,HEFT_static,0.0009917170348851,235.05852558222293,0
wfcommons,deterministic,seismology,2.0,seismology_27,0,CPoP_static,0.0009917170348851,235.05852558222293,0
wfcommons,deterministic,seismology,2.0,seismology_27,0,HEFT-Tp_static,0.0012396462933584,235.070460723786,0
wfcommons,deterministic,seismology,2.0,seismology_27,0,CPoP-Tp_static,0.0012396462933584,235.070460723786,0
wfcommons,deterministic,seismology,2.0,seismology_27,0,FastestNode,0.0024350836186431,410.6635157603442,0
wfcommons,deterministic,seismology,2.0,seismology_27,0,MaxTP,0.0012396462933584,235.070460723786,0
wfcommons,deterministic,seismology,5.0,seismology_2,0,HEFT_static,0.0006557728690532,160.08819156863788,0
wfcommons,deterministic,seismology,5.0,seismology_2,0,CPoP_static,0.0006557728690532,160.08819156863788,0
wfcommons,deterministic,seismology,5.0,seismology_2,0,HEFT-Tp_static,0.0006896921551574,160.34741925286286,0
wfcommons,deterministic,seismology,5.0,seismology_2,0,CPoP-Tp_static,0.0006896921551574,160.34741925286286,0
wfcommons,deterministic,seismology,5.0,seismology_2,0,FastestNode,0.0028470207098753,351.2443715404561,0
wfcommons,deterministic,seismology,5.0,seismology_2,0,MaxTP,0.0006896921551574,160.34741925286286,0
wfcommons,deterministic,seismology,5.0,seismology_1,0,HEFT_static,0.0004675261678855,189.30463427934683,0
wfcommons,deterministic,seismology,5.0,seismology_1,0,CPoP_static,0.0004675261678855,189.30463427934683,0
wfcommons,deterministic,seismology,5.0,seismology_1,0,HEFT-Tp_static,0.0006570638033253,189.43579380619047,0
wfcommons,deterministic,seismology,5.0,seismology_1,0,CPoP-Tp_static,0.0006570638033253,189.43579380619047,0
wfcommons,deterministic,seismology,5.0,seismology_1,0,FastestNode,0.0025388814371882,393.8742413706464,0
wfcommons,deterministic,seismology,5.0,seismology_1,0,MaxTP,0.0006570638033253,189.43579380619047,0
wfcommons,deterministic,seismology,5.0,seismology_3,0,HEFT_static,0.0007499709726896,120.11246184431212,0
wfcommons,deterministic,seismology,5.0,seismology_3,0,CPoP_static,0.0007499709726896,120.11246184431212,0
wfcommons,deterministic,seismology,5.0,seismology_3,0,HEFT-Tp_static,0.0008437173439945,120.14578825655607,0
wfcommons,deterministic,seismology,5.0,seismology_3,0,CPoP-Tp_static,0.0008437173439945,120.14578825655607,0
wfcommons,deterministic,seismology,5.0,seismology_3,0,FastestNode,0.0033179789431587,301.3882900207004,0
wfcommons,deterministic,seismology,5.0,seismology_3,0,MaxTP,0.0008437173439945,120.14578825655607,0
wfcommons,deterministic,seismology,5.0,seismology_0,0,HEFT_static,0.000925161776081,109.01492431039476,0
wfcommons,deterministic,seismology,5.0,seismology_0,0,CPoP_static,0.000925161776081,109.01492431039476,0
wfcommons,deterministic,seismology,5.0,seismology_0,0,HEFT-Tp_static,0.0010870650867101,109.2558913232062,0
wfcommons,deterministic,seismology,5.0,seismology_0,0,CPoP-Tp_static,0.0010870650867101,109.2558913232062,0
wfcommons,deterministic,seismology,5.0,seismology_0,0,FastestNode,0.0024733314245038,404.3129804987996,0
wfcommons,deterministic,seismology,5.0,seismology_0,0,MaxTP,0.0010870650867101,109.2558913232062,0
wfcommons,deterministic,seismology,5.0,seismology_5,0,HEFT_static,0.0016808699751235,81.73242053337778,0
wfcommons,deterministic,seismology,5.0,seismology_5,0,CPoP_static,0.0016808699751235,81.73242053337778,0
wfcommons,deterministic,seismology,5.0,seismology_5,0,HEFT-Tp_static,0.0016808699751235,81.73242053337778,0
wfcommons,deterministic,seismology,5.0,seismology_5,0,CPoP-Tp_static,0.0016808699751235,81.73242053337778,0
wfcommons,deterministic,seismology,5.0,seismology_5,0,FastestNode,0.0071162331990638,140.52378161787496,0
wfcommons,deterministic,seismology,5.0,seismology_5,0,MaxTP,0.0016808699751235,81.73242053337778,0
wfcommons,deterministic,seismology,5.0,seismology_4,0,HEFT_static,0.0003815574751542,262.2636635855192,0
wfcommons,deterministic,seismology,5.0,seismology_4,0,CPoP_static,0.0003815574751542,262.2636635855192,0
wfcommons,deterministic,seismology,5.0,seismology_4,0,HEFT-Tp_static,0.0003815574751542,262.2636635855192,0
wfcommons,deterministic,seismology,5.0,seismology_4,0,CPoP-Tp_static,0.0003815574751542,262.2636635855192,0
wfcommons,deterministic,seismology,5.0,seismology_4,0,FastestNode,0.0016962691569664,589.529082631015,0
wfcommons,deterministic,seismology,5.0,seismology_4,0,MaxTP,0.0003815574751542,262.2636635855192,0
wfcommons,deterministic,seismology,5.0,seismology_8,0,HEFT_static,0.0017545640783957,76.71122638848976,0
wfcommons,deterministic,seismology,5.0,seismology_8,0,CPoP_static,0.0017545640783957,76.71122638848976,0
wfcommons,deterministic,seismology,5.0,seismology_8,0,HEFT-Tp_static,0.0017545640783957,76.7725819167766,0
wfcommons,deterministic,seismology,5.0,seismology_8,0,CPoP-Tp_static,0.0017545640783957,76.7725819167766,0
wfcommons,deterministic,seismology,5.0,seismology_8,0,FastestNode,0.0040991064438849,243.95560683619505,0
wfcommons,deterministic,seismology,5.0,seismology_8,0,MaxTP,0.0017545640783957,76.7725819167766,0
wfcommons,deterministic,seismology,5.0,seismology_9,0,HEFT_static,0.001361778836527,98.47122353980674,0
wfcommons,deterministic,seismology,5.0,seismology_9,0,CPoP_static,0.001361778836527,98.47122353980674,0
wfcommons,deterministic,seismology,5.0,seismology_9,0,HEFT-Tp_static,0.001361778836527,98.47122353980674,0
wfcommons,deterministic,seismology,5.0,seismology_9,0,CPoP-Tp_static,0.001361778836527,98.47122353980674,0
wfcommons,deterministic,seismology,5.0,seismology_9,0,FastestNode,0.0048425027251138,206.50478828203944,0
wfcommons,deterministic,seismology,5.0,seismology_9,0,MaxTP,0.001361778836527,98.47122353980674,0
wfcommons,deterministic,seismology,5.0,seismology_6,0,HEFT_static,0.0004901852347902,206.11858314829087,0
wfcommons,deterministic,seismology,5.0,seismology_6,0,CPoP_static,0.0004901852347902,206.11858314829087,0
wfcommons,deterministic,seismology,5.0,seismology_6,0,HEFT-Tp_static,0.0004901852347902,206.11858314829087,0
wfcommons,deterministic,seismology,5.0,seismology_6,0,CPoP-Tp_static,0.0004901852347902,206.11858314829087,0
wfcommons,deterministic,seismology,5.0,seismology_6,0,FastestNode,0.0020643887011909,484.40489885705847,0
wfcommons,deterministic,seismology,5.0,seismology_6,0,MaxTP,0.0004901852347902,206.11858314829087,0
wfcommons,deterministic,seismology,5.0,seismology_7,0,HEFT_static,0.0006267206110379,195.20808175803876,0
wfcommons,deterministic,seismology,5.0,seismology_7,0,CPoP_static,0.0006267206110379,195.20808175803876,0
wfcommons,deterministic,seismology,5.0,seismology_7,0,HEFT-Tp_static,0.0006267206110379,195.16653020730408,0
wfcommons,deterministic,seismology,5.0,seismology_7,0,CPoP-Tp_static,0.0006267206110379,195.16653020730408,0
wfcommons,deterministic,seismology,5.0,seismology_7,0,FastestNode,0.0018218533516934,548.8915993553015,0
wfcommons,deterministic,seismology,5.0,seismology_7,0,MaxTP,0.0006267206110379,195.16653020730408,0
wfcommons,deterministic,seismology,5.0,seismology_10,0,HEFT_static,0.0005304803620711,187.2319832965977,0
wfcommons,deterministic,seismology,5.0,seismology_10,0,CPoP_static,0.0005304803620711,187.2319832965977,0
wfcommons,deterministic,seismology,5.0,seismology_10,0,HEFT-Tp_static,0.0005967904072637,187.40784983888983,0
wfcommons,deterministic,seismology,5.0,seismology_10,0,CPoP-Tp_static,0.0005967904072637,187.40784983888983,0
wfcommons,deterministic,seismology,5.0,seismology_10,0,FastestNode,0.0022996815422233,434.8428169908579,0
wfcommons,deterministic,seismology,5.0,seismology_10,0,MaxTP,0.0005967904072637,187.40784983888983,0
wfcommons,deterministic,seismology,5.0,seismology_14,0,HEFT_static,0.0007330215060279,147.57235797000916,0
wfcommons,deterministic,seismology,5.0,seismology_14,0,CPoP_static,0.0007330215060279,147.57235797000916,0
wfcommons,deterministic,seismology,5.0,seismology_14,0,HEFT-Tp_static,0.0008770078731395,147.80186418947292,0
wfcommons,deterministic,seismology,5.0,seismology_14,0,CPoP-Tp_static,0.0008770078731395,147.80186418947292,0
wfcommons,deterministic,seismology,5.0,seismology_14,0,FastestNode,0.0043010807655165,232.4997028704281,0
wfcommons,deterministic,seismology,5.0,seismology_14,0,MaxTP,0.0008770078731395,147.80186418947292,0
wfcommons,deterministic,seismology,5.0,seismology_13,0,HEFT_static,0.0011169201599854,123.96442742588506,0
wfcommons,deterministic,seismology,5.0,seismology_13,0,CPoP_static,0.0011169201599854,123.96442742588506,0
wfcommons,deterministic,seismology,5.0,seismology_13,0,HEFT-Tp_static,0.0011169201599854,123.96442742588506,0
wfcommons,deterministic,seismology,5.0,seismology_13,0,CPoP-Tp_static,0.0011169201599854,123.96442742588506,0
wfcommons,deterministic,seismology,5.0,seismology_13,0,FastestNode,0.0041845078928442,238.9767269203235,0
wfcommons,deterministic,seismology,5.0,seismology_13,0,MaxTP,0.0011169201599854,123.96442742588506,0
wfcommons,deterministic,seismology,5.0,seismology_11,0,HEFT_static,0.0012311026401871,94.34442663561742,0
wfcommons,deterministic,seismology,5.0,seismology_11,0,CPoP_static,0.0012311026401871,94.34442663561742,0
wfcommons,deterministic,seismology,5.0,seismology_11,0,HEFT-Tp_static,0.001231102640408,94.39978256324912,0
wfcommons,deterministic,seismology,5.0,seismology_11,0,CPoP-Tp_static,0.001231102640408,94.39978256324912,0
wfcommons,deterministic,seismology,5.0,seismology_11,0,FastestNode,0.0025634272429432,390.10274340940066,0
wfcommons,deterministic,seismology,5.0,seismology_11,0,MaxTP,0.001231102640408,94.39978256324912,0
wfcommons,deterministic,seismology,5.0,seismology_12,0,HEFT_static,0.0005757941255569,253.0079019603864,0
wfcommons,deterministic,seismology,5.0,seismology_12,0,CPoP_static,0.0005757941255569,253.0079019603864,0
wfcommons,deterministic,seismology,5.0,seismology_12,0,HEFT-Tp_static,0.0005757941255569,253.0079019603864,0
wfcommons,deterministic,seismology,5.0,seismology_12,0,CPoP-Tp_static,0.0005757941255569,253.0079019603864,0
wfcommons,deterministic,seismology,5.0,seismology_12,0,FastestNode,0.00267032078292,374.4868430785142,0
wfcommons,deterministic,seismology,5.0,seismology_12,0,MaxTP,0.0005757941255569,253.0079019603864,0
wfcommons,deterministic,seismology,5.0,seismology_15,0,HEFT_static,0.0009577462816458,123.37459590476476,0
wfcommons,deterministic,seismology,5.0,seismology_15,0,CPoP_static,0.0009577462816458,123.37459590476476,0
wfcommons,deterministic,seismology,5.0,seismology_15,0,HEFT-Tp_static,0.0009577462816458,123.37459590476476,0
wfcommons,deterministic,seismology,5.0,seismology_15,0,CPoP-Tp_static,0.0009577462816458,123.37459590476476,0
wfcommons,deterministic,seismology,5.0,seismology_15,0,FastestNode,0.0028949267927787,345.4318784493415,0
wfcommons,deterministic,seismology,5.0,seismology_15,0,MaxTP,0.0009577462816458,123.37459590476476,0
wfcommons,deterministic,seismology,5.0,seismology_17,0,HEFT_static,0.0002992487228133,348.24241435008145,0
wfcommons,deterministic,seismology,5.0,seismology_17,0,CPoP_static,0.0002992487228133,348.24241435008145,0
wfcommons,deterministic,seismology,5.0,seismology_17,0,HEFT-Tp_static,0.0003331259366829,348.6186848581362,0
wfcommons,deterministic,seismology,5.0,seismology_17,0,CPoP-Tp_static,0.0003331259366829,348.6186848581362,0
wfcommons,deterministic,seismology,5.0,seismology_17,0,FastestNode,0.0016521429815196,605.2744896702997,0
wfcommons,deterministic,seismology,5.0,seismology_17,0,MaxTP,0.0003331259366829,348.6186848581362,0
wfcommons,deterministic,seismology,5.0,seismology_18,0,HEFT_static,0.0010474706888262,98.14117429723684,0
wfcommons,deterministic,seismology,5.0,seismology_18,0,CPoP_static,0.0010474706888262,98.14117429723684,0
wfcommons,deterministic,seismology,5.0,seismology_18,0,HEFT-Tp_static,0.0012007590819808,98.27842068027924,0
wfcommons,deterministic,seismology,5.0,seismology_18,0,CPoP-Tp_static,0.0012007590819808,98.27842068027924,0
wfcommons,deterministic,seismology,5.0,seismology_18,0,FastestNode,0.0032312672779281,309.47610147695,0
wfcommons,deterministic,seismology,5.0,seismology_18,0,MaxTP,0.0012007590819808,98.27842068027924,0
wfcommons,deterministic,seismology,5.0,seismology_19,0,HEFT_static,0.0003244662957695,299.4019019466843,0
wfcommons,deterministic,seismology,5.0,seismology_19,0,CPoP_static,0.0003244662957695,299.4019019466843,0
wfcommons,deterministic,seismology,5.0,seismology_19,0,HEFT-Tp_static,0.0004245675996834,299.6606322285988,0
wfcommons,deterministic,seismology,5.0,seismology_19,0,CPoP-Tp_static,0.0004245675996834,299.6606322285988,0
wfcommons,deterministic,seismology,5.0,seismology_19,0,FastestNode,0.0020724580271784,482.5188191451688,0
wfcommons,deterministic,seismology,5.0,seismology_19,0,MaxTP,0.0004245675996834,299.6606322285988,0
wfcommons,deterministic,seismology,5.0,seismology_20,0,HEFT_static,0.0007019747898707,162.8079196913458,0
wfcommons,deterministic,seismology,5.0,seismology_20,0,CPoP_static,0.0007019747898707,162.8079196913458,0
wfcommons,deterministic,seismology,5.0,seismology_20,0,HEFT-Tp_static,0.0007019747898707,162.8079196913458,0
wfcommons,deterministic,seismology,5.0,seismology_20,0,CPoP-Tp_static,0.0007019747898707,162.8079196913458,0
wfcommons,deterministic,seismology,5.0,seismology_20,0,FastestNode,0.0029795510812236,335.62102905525796,0
wfcommons,deterministic,seismology,5.0,seismology_20,0,MaxTP,0.0007019747898707,162.8079196913458,0
wfcommons,deterministic,seismology,5.0,seismology_16,0,HEFT_static,0.000630164270065,167.88583824713234,0
wfcommons,deterministic,seismology,5.0,seismology_16,0,CPoP_static,0.000630164270065,167.88583824713234,0
wfcommons,deterministic,seismology,5.0,seismology_16,0,HEFT-Tp_static,0.000630164270065,167.88583824713234,0
wfcommons,deterministic,seismology,5.0,seismology_16,0,CPoP-Tp_static,0.000630164270065,167.88583824713234,0
wfcommons,deterministic,seismology,5.0,seismology_16,0,FastestNode,0.0016594965831668,602.5923826208477,0
wfcommons,deterministic,seismology,5.0,seismology_16,0,MaxTP,0.000630164270065,167.88583824713234,0
wfcommons,deterministic,seismology,5.0,seismology_22,0,HEFT_static,0.0007552272163508,165.35419699057348,0
wfcommons,deterministic,seismology,5.0,seismology_22,0,CPoP_static,0.0007552272163508,165.35419699057348,0
wfcommons,deterministic,seismology,5.0,seismology_22,0,HEFT-Tp_static,0.0007552272163508,165.35419699057348,0
wfcommons,deterministic,seismology,5.0,seismology_22,0,CPoP-Tp_static,0.0007552272163508,165.35419699057348,0
wfcommons,deterministic,seismology,5.0,seismology_22,0,FastestNode,0.003683395099505,271.48866005117645,0
wfcommons,deterministic,seismology,5.0,seismology_22,0,MaxTP,0.0007552272163508,165.35419699057348,0
wfcommons,deterministic,seismology,5.0,seismology_23,0,HEFT_static,0.0010496058684146,127.13060914487691,0
wfcommons,deterministic,seismology,5.0,seismology_23,0,CPoP_static,0.0010496058684146,127.13060914487691,0
wfcommons,deterministic,seismology,5.0,seismology_23,0,HEFT-Tp_static,0.0010496058684146,127.13060914487691,0
wfcommons,deterministic,seismology,5.0,seismology_23,0,CPoP-Tp_static,0.0010496058684146,127.13060914487691,0
wfcommons,deterministic,seismology,5.0,seismology_23,0,FastestNode,0.0036491261100218,274.03821349371196,0
wfcommons,deterministic,seismology,5.0,seismology_23,0,MaxTP,0.0010496058684146,127.13060914487691,0
wfcommons,deterministic,seismology,5.0,seismology_21,0,HEFT_static,0.0004056526467067,272.40065344222535,0
wfcommons,deterministic,seismology,5.0,seismology_21,0,CPoP_static,0.0004056526467067,272.40065344222535,0
wfcommons,deterministic,seismology,5.0,seismology_21,0,HEFT-Tp_static,0.0004056526467067,272.40065344222535,0
wfcommons,deterministic,seismology,5.0,seismology_21,0,CPoP-Tp_static,0.0004056526467067,272.40065344222535,0
wfcommons,deterministic,seismology,5.0,seismology_21,0,FastestNode,0.0020127697629953,496.8278132884152,0
wfcommons,deterministic,seismology,5.0,seismology_21,0,MaxTP,0.0004056526467067,272.40065344222535,0
wfcommons,deterministic,seismology,5.0,seismology_25,0,HEFT_static,0.00160794448626,84.71676625404334,0
wfcommons,deterministic,seismology,5.0,seismology_25,0,CPoP_static,0.00160794448626,84.71676625404334,0
wfcommons,deterministic,seismology,5.0,seismology_25,0,HEFT-Tp_static,0.00160794448626,84.68459885826792,0
wfcommons,deterministic,seismology,5.0,seismology_25,0,CPoP-Tp_static,0.00160794448626,84.68459885826792,0
wfcommons,deterministic,seismology,5.0,seismology_25,0,FastestNode,0.0042704157085539,234.1692397771021,0
wfcommons,deterministic,seismology,5.0,seismology_25,0,MaxTP,0.00160794448626,84.68459885826792,0
wfcommons,deterministic,seismology,5.0,seismology_24,0,HEFT_static,0.0004714318168577,201.6177150937404,0
wfcommons,deterministic,seismology,5.0,seismology_24,0,CPoP_static,0.0004714318168577,201.6177150937404,0
wfcommons,deterministic,seismology,5.0,seismology_24,0,HEFT-Tp_static,0.0006535759277342,201.93175429278867,0
wfcommons,deterministic,seismology,5.0,seismology_24,0,CPoP-Tp_static,0.0006535759277342,201.93175429278867,0
wfcommons,deterministic,seismology,5.0,seismology_24,0,FastestNode,0.0031651114325141,315.94464249520763,0
wfcommons,deterministic,seismology,5.0,seismology_24,0,MaxTP,0.0006535759277342,201.93175429278867,0
wfcommons,deterministic,seismology,5.0,seismology_26,0,HEFT_static,0.0002351468267724,391.78391981689384,0
wfcommons,deterministic,seismology,5.0,seismology_26,0,CPoP_static,0.0002351468267724,391.78391981689384,0
wfcommons,deterministic,seismology,5.0,seismology_26,0,HEFT-Tp_static,0.0003362379858445,392.3463731596484,0
wfcommons,deterministic,seismology,5.0,seismology_26,0,CPoP-Tp_static,0.0003362379858445,392.3463731596484,0
wfcommons,deterministic,seismology,5.0,seismology_26,0,FastestNode,0.0016220259073531,616.5129641076012,0
wfcommons,deterministic,seismology,5.0,seismology_26,0,MaxTP,0.0003362379858445,392.3463731596484,0
wfcommons,deterministic,seismology,5.0,seismology_28,0,HEFT_static,0.0013220186581704,82.42900078187294,0
wfcommons,deterministic,seismology,5.0,seismology_28,0,CPoP_static,0.0013220186581704,82.42900078187294,0
wfcommons,deterministic,seismology,5.0,seismology_28,0,HEFT-Tp_static,0.0013220186581704,82.42900078187294,0
wfcommons,deterministic,seismology,5.0,seismology_28,0,CPoP-Tp_static,0.0013220186581704,82.42900078187294,0
wfcommons,deterministic,seismology,5.0,seismology_28,0,FastestNode,0.0049101765435043,203.65866504897815,0
wfcommons,deterministic,seismology,5.0,seismology_28,0,MaxTP,0.0013220186581704,82.42900078187294,0
wfcommons,deterministic,seismology,5.0,seismology_29,0,HEFT_static,0.0004577063831253,271.54296285253497,0
wfcommons,deterministic,seismology,5.0,seismology_29,0,CPoP_static,0.0004577063831253,271.54296285253497,0
wfcommons,deterministic,seismology,5.0,seismology_29,0,HEFT-Tp_static,0.0004577063831253,271.54296285253497,0
wfcommons,deterministic,seismology,5.0,seismology_29,0,CPoP-Tp_static,0.0004577063831253,271.54296285253497,0
wfcommons,deterministic,seismology,5.0,seismology_29,0,FastestNode,0.0022457442030592,445.2866887689166,0
wfcommons,deterministic,seismology,5.0,seismology_29,0,MaxTP,0.0004577063831253,271.54296285253497,0
wfcommons,deterministic,seismology,5.0,seismology_27,0,HEFT_static,0.000396686813954,244.8167721451831,0
wfcommons,deterministic,seismology,5.0,seismology_27,0,CPoP_static,0.000396686813954,244.8167721451831,0
wfcommons,deterministic,seismology,5.0,seismology_27,0,HEFT-Tp_static,0.0004958585173433,244.8287072965045,0
wfcommons,deterministic,seismology,5.0,seismology_27,0,CPoP-Tp_static,0.0004958585173433,244.8287072965045,0
wfcommons,deterministic,seismology,5.0,seismology_27,0,FastestNode,0.0024350836186431,410.6635157603442,0
wfcommons,deterministic,seismology,5.0,seismology_27,0,MaxTP,0.0004958585173433,244.8287072965045,0
wfcommons,deterministic,soykb,0.2,soykb_0,0,HEFT_static,4.19882963528957e-05,23853.6124176655,0
wfcommons,deterministic,soykb,0.2,soykb_0,0,CPoP_static,4.1927030749587474e-05,23931.04193953162,0
wfcommons,deterministic,soykb,0.2,soykb_0,0,HEFT-Tp_static,4.207126202694168e-05,23927.349235982612,0
wfcommons,deterministic,soykb,0.2,soykb_0,0,CPoP-Tp_static,4.208981195864063e-05,24150.01708662757,0
wfcommons,deterministic,soykb,0.2,soykb_0,0,FastestNode,2.284507033938881e-05,43773.11976474206,0
wfcommons,deterministic,soykb,0.2,soykb_0,0,MaxTP,4.0357005728192335e-05,25724.5599666032,0
wfcommons,deterministic,soykb,0.2,soykb_1,0,HEFT_static,7.264134331492003e-05,13805.25115323048,0
wfcommons,deterministic,soykb,0.2,soykb_1,0,CPoP_static,7.216488536032975e-05,13940.29206747708,0
wfcommons,deterministic,soykb,0.2,soykb_1,0,HEFT-Tp_static,7.320786841655219e-05,14244.890468201596,0
wfcommons,deterministic,soykb,0.2,soykb_1,0,CPoP-Tp_static,7.315388508739507e-05,14387.620644773944,0
wfcommons,deterministic,soykb,0.2,soykb_1,0,FastestNode,2.970455177927007e-05,33664.87423984393,0
wfcommons,deterministic,soykb,0.2,soykb_1,0,MaxTP,6.428700014553082e-05,17426.350900663638,0
wfcommons,deterministic,soykb,0.2,soykb_2,0,HEFT_static,3.459558915595601e-05,28908.592463871664,0
wfcommons,deterministic,soykb,0.2,soykb_2,0,CPoP_static,3.464019534965444e-05,28963.269773542983,0
wfcommons,deterministic,soykb,0.2,soykb_2,0,HEFT-Tp_static,3.4700828233455916e-05,29007.157346726985,0
wfcommons,deterministic,soykb,0.2,soykb_2,0,CPoP-Tp_static,3.47086431991867e-05,29309.155210430592,0
wfcommons,deterministic,soykb,0.2,soykb_2,0,FastestNode,1.7750068815275162e-05,56337.809752008754,0
wfcommons,deterministic,soykb,0.2,soykb_2,0,MaxTP,3.3548466442872484e-05,30300.920635380706,0
wfcommons,deterministic,soykb,0.2,soykb_4,0,HEFT_static,3.633449707528267e-05,27598.57934938815,0
wfcommons,deterministic,soykb,0.2,soykb_4,0,CPoP_static,3.6384755234039785e-05,27638.987188583807,0
wfcommons,deterministic,soykb,0.2,soykb_4,0,HEFT-Tp_static,3.638330264584004e-05,27657.0176976594,0
wfcommons,deterministic,soykb,0.2,soykb_4,0,CPoP-Tp_static,3.6393204226213755e-05,27961.936608212767,0
wfcommons,deterministic,soykb,0.2,soykb_4,0,FastestNode,1.944765664389957e-05,51420.07689207657,0
wfcommons,deterministic,soykb,0.2,soykb_4,0,MaxTP,3.4822265572741945e-05,29483.377310073796,0
wfcommons,deterministic,soykb,0.2,soykb_3,0,HEFT_static,8.80251121194387e-05,11464.271500136698,0
wfcommons,deterministic,soykb,0.2,soykb_3,0,CPoP_static,8.678775493497423e-05,11575.34008931982,0
wfcommons,deterministic,soykb,0.2,soykb_3,0,HEFT-Tp_static,8.794914961563891e-05,11774.1575178591,0
wfcommons,deterministic,soykb,0.2,soykb_3,0,CPoP-Tp_static,8.786709546681181e-05,12276.474405832188,0
wfcommons,deterministic,soykb,0.2,soykb_3,0,FastestNode,3.058864441960836e-05,32691.870430159608,0
wfcommons,deterministic,soykb,0.2,soykb_3,0,MaxTP,7.732579741021346e-05,14610.715657434885,0
wfcommons,deterministic,soykb,0.2,soykb_5,0,HEFT_static,0.0001259456313979,7999.213795875654,0
wfcommons,deterministic,soykb,0.2,soykb_5,0,CPoP_static,0.0001235868345063,8128.366026864693,0
wfcommons,deterministic,soykb,0.2,soykb_5,0,HEFT-Tp_static,0.0001264587528745,8581.090793162008,0
wfcommons,deterministic,soykb,0.2,soykb_5,0,CPoP-Tp_static,0.0001271789642234,9376.867253089384,0
wfcommons,deterministic,soykb,0.2,soykb_5,0,FastestNode,3.542067329673791e-05,28232.100265923826,0
wfcommons,deterministic,soykb,0.2,soykb_5,0,MaxTP,0.0001176091189735,10400.22936748363,0
wfcommons,deterministic,soykb,0.2,soykb_8,0,HEFT_static,0.0001584845631529,6435.015685180279,0
wfcommons,deterministic,soykb,0.2,soykb_8,0,CPoP_static,0.0001565246203264,6423.715942571583,0
wfcommons,deterministic,soykb,0.2,soykb_8,0,HEFT-Tp_static,0.0001606275814665,6763.378160626919,0
wfcommons,deterministic,soykb,0.2,soykb_8,0,CPoP-Tp_static,0.000160334968649,7227.209662518973,0
wfcommons,deterministic,soykb,0.2,soykb_8,0,FastestNode,5.108810594476784e-05,19574.027682317424,0
wfcommons,deterministic,soykb,0.2,soykb_8,0,MaxTP,0.0001375523479496,8054.536429330939,0
wfcommons,deterministic,soykb,0.2,soykb_6,0,HEFT_static,4.724292734795008e-05,21230.726761957736,0
wfcommons,deterministic,soykb,0.2,soykb_6,0,CPoP_static,4.716439590644262e-05,21315.35438933173,0
wfcommons,deterministic,soykb,0.2,soykb_6,0,HEFT-Tp_static,4.736626451152094e-05,21281.133384026263,0
wfcommons,deterministic,soykb,0.2,soykb_6,0,CPoP-Tp_static,4.7385809402297174e-05,21705.745721705694,0
wfcommons,deterministic,soykb,0.2,soykb_6,0,FastestNode,1.91546384288303e-05,52206.675877259266,0
wfcommons,deterministic,soykb,0.2,soykb_6,0,MaxTP,4.338522718898274e-05,24706.6155069057,0
wfcommons,deterministic,soykb,0.2,soykb_7,0,HEFT_static,5.030082688663875e-05,19931.158509641595,0
wfcommons,deterministic,soykb,0.2,soykb_7,0,CPoP_static,5.007190065529842e-05,20075.101943608588,0
wfcommons,deterministic,soykb,0.2,soykb_7,0,HEFT-Tp_static,5.05429240684209e-05,20019.679939119593,0
wfcommons,deterministic,soykb,0.2,soykb_7,0,CPoP-Tp_static,5.042409922743006e-05,20506.698949374015,0
wfcommons,deterministic,soykb,0.2,soykb_7,0,FastestNode,2.009881671432499e-05,49754.17280596881,0
wfcommons,deterministic,soykb,0.2,soykb_7,0,MaxTP,4.590262942021542e-05,22939.09023868048,0
wfcommons,deterministic,soykb,0.2,soykb_10,0,HEFT_static,5.9910567979024064e-05,16700.492445452004,0
wfcommons,deterministic,soykb,0.2,soykb_10,0,CPoP_static,5.998205357883408e-05,16754.843708977744,0
wfcommons,deterministic,soykb,0.2,soykb_10,0,HEFT-Tp_static,6.010558679729561e-05,16781.943138093342,0
wfcommons,deterministic,soykb,0.2,soykb_10,0,CPoP-Tp_static,6.013728356478997e-05,17199.59848062444,0
wfcommons,deterministic,soykb,0.2,soykb_10,0,FastestNode,3.3734176229081295e-05,29643.528071035613,0
wfcommons,deterministic,soykb,0.2,soykb_10,0,MaxTP,5.5839100120940115e-05,18789.14938211744,0
wfcommons,deterministic,soykb,0.2,soykb_9,0,HEFT_static,3.693922213115823e-05,27158.73834801714,0
wfcommons,deterministic,soykb,0.2,soykb_9,0,CPoP_static,3.691659364942079e-05,27206.363274025472,0
wfcommons,deterministic,soykb,0.2,soykb_9,0,HEFT-Tp_static,3.69644255420424e-05,27298.4084502377,0
wfcommons,deterministic,soykb,0.2,soykb_9,0,CPoP-Tp_static,3.697756907867968e-05,27970.800789520013,0
wfcommons,deterministic,soykb,0.2,soykb_9,0,FastestNode,2.1624682971327593e-05,46243.452508687995,0
wfcommons,deterministic,soykb,0.2,soykb_9,0,MaxTP,3.526467123380726e-05,29337.913634990975,0
wfcommons,deterministic,soykb,0.2,soykb_11,0,HEFT_static,3.720952883263296e-05,26927.798523313697,0
wfcommons,deterministic,soykb,0.2,soykb_11,0,CPoP_static,3.715755030205725e-05,27036.977586714704,0
wfcommons,deterministic,soykb,0.2,soykb_11,0,HEFT-Tp_static,3.724433176923916e-05,27054.666838493737,0
wfcommons,deterministic,soykb,0.2,soykb_11,0,CPoP-Tp_static,3.725294303877394e-05,27179.85059171906,0
wfcommons,deterministic,soykb,0.2,soykb_11,0,FastestNode,2.273122480800133e-05,43992.350101963064,0
wfcommons,deterministic,soykb,0.2,soykb_11,0,MaxTP,3.584474066487996e-05,28630.484797459096,0
wfcommons,deterministic,soykb,0.2,soykb_13,0,HEFT_static,5.912987882165997e-05,17012.785914674372,0
wfcommons,deterministic,soykb,0.2,soykb_13,0,CPoP_static,5.92681522640128e-05,17113.197791844075,0
wfcommons,deterministic,soykb,0.2,soykb_13,0,HEFT-Tp_static,5.930472382609427e-05,17196.663601530305,0
wfcommons,deterministic,soykb,0.2,soykb_13,0,CPoP-Tp_static,5.9309591599162146e-05,17458.181419320208,0
wfcommons,deterministic,soykb,0.2,soykb_13,0,FastestNode,2.1606421119181853e-05,46282.53769950992,0
wfcommons,deterministic,soykb,0.2,soykb_13,0,MaxTP,5.330908870374417e-05,20065.24724667452,0
wfcommons,deterministic,soykb,0.2,soykb_14,0,HEFT_static,9.8362762446144e-05,10251.037979270905,0
wfcommons,deterministic,soykb,0.2,soykb_14,0,CPoP_static,9.76214934315242e-05,10293.433969971407,0
wfcommons,deterministic,soykb,0.2,soykb_14,0,HEFT-Tp_static,9.898655017816264e-05,10824.514381220455,0
wfcommons,deterministic,soykb,0.2,soykb_14,0,CPoP-Tp_static,9.879357431899074e-05,11192.944549777392,0
wfcommons,deterministic,soykb,0.2,soykb_14,0,FastestNode,2.3041714790861973e-05,43399.547693239925,0
wfcommons,deterministic,soykb,0.2,soykb_14,0,MaxTP,8.570441960057392e-05,12351.16061919585,0
wfcommons,deterministic,soykb,0.2,soykb_12,0,HEFT_static,9.743708029130198e-05,10303.635606342445,0
wfcommons,deterministic,soykb,0.2,soykb_12,0,CPoP_static,9.650654311789936e-05,10527.34102948026,0
wfcommons,deterministic,soykb,0.2,soykb_12,0,HEFT-Tp_static,9.756680138159676e-05,10670.181335684654,0
wfcommons,deterministic,soykb,0.2,soykb_12,0,CPoP-Tp_static,9.77259127279186e-05,11313.945770800025,0
wfcommons,deterministic,soykb,0.2,soykb_12,0,FastestNode,2.4640911039532508e-05,40582.9150714316,0
wfcommons,deterministic,soykb,0.2,soykb_12,0,MaxTP,9.046886845336928e-05,12166.683710709543,0
wfcommons,deterministic,soykb,0.2,soykb_15,0,HEFT_static,5.228253827531413e-05,19147.23436912202,0
wfcommons,deterministic,soykb,0.2,soykb_15,0,CPoP_static,5.245937041431103e-05,19296.848440679787,0
wfcommons,deterministic,soykb,0.2,soykb_15,0,HEFT-Tp_static,5.254030245503916e-05,19319.45147390385,0
wfcommons,deterministic,soykb,0.2,soykb_15,0,CPoP-Tp_static,5.243456397412456e-05,19918.44174678753,0
wfcommons,deterministic,soykb,0.2,soykb_15,0,FastestNode,1.5292355725642755e-05,65392.14872717064,0
wfcommons,deterministic,soykb,0.2,soykb_15,0,MaxTP,4.900742468578603e-05,21820.40741805133,0
wfcommons,deterministic,soykb,0.2,soykb_16,0,HEFT_static,3.808390108906154e-05,26322.811245499972,0
wfcommons,deterministic,soykb,0.2,soykb_16,0,CPoP_static,3.798686028616917e-05,26479.241400604133,0
wfcommons,deterministic,soykb,0.2,soykb_16,0,HEFT-Tp_static,3.820203222445557e-05,26470.379052060445,0
wfcommons,deterministic,soykb,0.2,soykb_16,0,CPoP-Tp_static,3.820341052089548e-05,26826.19984747026,0
wfcommons,deterministic,soykb,0.2,soykb_16,0,FastestNode,1.5225677207985895e-05,65678.52361112245,0
wfcommons,deterministic,soykb,0.2,soykb_16,0,MaxTP,3.5615780494715025e-05,28585.502117146305,0
wfcommons,deterministic,soykb,0.2,soykb_18,0,HEFT_static,5.270626131250102e-05,19046.328428890352,0
wfcommons,deterministic,soykb,0.2,soykb_18,0,CPoP_static,5.273659152051976e-05,19118.2731339,0
wfcommons,deterministic,soykb,0.2,soykb_18,0,HEFT-Tp_static,5.293908899096139e-05,19246.144902760792,0
wfcommons,deterministic,soykb,0.2,soykb_18,0,CPoP-Tp_static,5.2966073516507187e-05,19540.265163056756,0
wfcommons,deterministic,soykb,0.2,soykb_18,0,FastestNode,2.241143045152696e-05,44620.08804671866,0
wfcommons,deterministic,soykb,0.2,soykb_18,0,MaxTP,4.933975826591805e-05,21553.654419957667,0
wfcommons,deterministic,soykb,0.2,soykb_19,0,HEFT_static,4.567972589571571e-05,21891.549924863422,0
wfcommons,deterministic,soykb,0.2,soykb_19,0,CPoP_static,4.588804651054307e-05,22002.29032985669,0
wfcommons,deterministic,soykb,0.2,soykb_19,0,HEFT-Tp_static,4.5863007534730216e-05,22188.89669441564,0
wfcommons,deterministic,soykb,0.2,soykb_19,0,CPoP-Tp_static,4.5892323170703143e-05,22475.13680842444,0
wfcommons,deterministic,soykb,0.2,soykb_19,0,FastestNode,1.7295363848808073e-05,57818.96285859002,0
wfcommons,deterministic,soykb,0.2,soykb_19,0,MaxTP,4.194706888638553e-05,25731.166631715252,0
wfcommons,deterministic,soykb,0.2,soykb_20,0,HEFT_static,5.513966112758918e-05,18135.766153677177,0
wfcommons,deterministic,soykb,0.2,soykb_20,0,CPoP_static,5.5069920576679527e-05,18271.83051419088,0
wfcommons,deterministic,soykb,0.2,soykb_20,0,HEFT-Tp_static,5.532842300269827e-05,18340.76617682798,0
wfcommons,deterministic,soykb,0.2,soykb_20,0,CPoP-Tp_static,5.525516988770253e-05,18988.28265843326,0
wfcommons,deterministic,soykb,0.2,soykb_20,0,FastestNode,2.283570780179084e-05,43791.06654717411,0
wfcommons,deterministic,soykb,0.2,soykb_20,0,MaxTP,5.1022445495168845e-05,20617.99871086786,0
wfcommons,deterministic,soykb,0.2,soykb_17,0,HEFT_static,5.535319731499991e-05,18164.897622219225,0
wfcommons,deterministic,soykb,0.2,soykb_17,0,CPoP_static,5.527754489643976e-05,18216.46795400753,0
wfcommons,deterministic,soykb,0.2,soykb_17,0,HEFT-Tp_static,5.547279077526504e-05,18371.09153755202,0
wfcommons,deterministic,soykb,0.2,soykb_17,0,CPoP-Tp_static,5.5521268928313374e-05,19151.780159783728,0
wfcommons,deterministic,soykb,0.2,soykb_17,0,FastestNode,1.7797107567039185e-05,56188.90576646666,0
wfcommons,deterministic,soykb,0.2,soykb_17,0,MaxTP,5.0478393400079765e-05,20314.401148968715,0
wfcommons,deterministic,soykb,0.2,soykb_23,0,HEFT_static,8.623650968573897e-05,11701.308476428458,0
wfcommons,deterministic,soykb,0.2,soykb_23,0,CPoP_static,8.663873568345829e-05,11764.3446459275,0
wfcommons,deterministic,soykb,0.2,soykb_23,0,HEFT-Tp_static,8.675087761792918e-05,12150.288335200356,0
wfcommons,deterministic,soykb,0.2,soykb_23,0,CPoP-Tp_static,8.682331015468848e-05,12328.367361430464,0
wfcommons,deterministic,soykb,0.2,soykb_23,0,FastestNode,3.33104901674264e-05,30020.57294785507,0
wfcommons,deterministic,soykb,0.2,soykb_23,0,MaxTP,7.639717043430065e-05,14335.7626350462,0
wfcommons,deterministic,soykb,0.2,soykb_21,0,HEFT_static,5.8335778969450666e-05,17206.116824894067,0
wfcommons,deterministic,soykb,0.2,soykb_21,0,CPoP_static,5.839938517671121e-05,17300.017377069842,0
wfcommons,deterministic,soykb,0.2,soykb_21,0,HEFT-Tp_static,5.842506143624378e-05,17418.244784495266,0
wfcommons,deterministic,soykb,0.2,soykb_21,0,CPoP-Tp_static,5.833449480568302e-05,18140.772442106783,0
wfcommons,deterministic,soykb,0.2,soykb_21,0,FastestNode,1.7610462424542505e-05,56784.42597886601,0
wfcommons,deterministic,soykb,0.2,soykb_21,0,MaxTP,5.294699526582218e-05,20089.439651449324,0
wfcommons,deterministic,soykb,0.2,soykb_22,0,HEFT_static,8.786289852291146e-05,11424.570025677973,0
wfcommons,deterministic,soykb,0.2,soykb_22,0,CPoP_static,8.750150011618375e-05,11471.717171141649,0
wfcommons,deterministic,soykb,0.2,soykb_22,0,HEFT-Tp_static,8.856730689603848e-05,11653.163370674134,0
wfcommons,deterministic,soykb,0.2,soykb_22,0,CPoP-Tp_static,8.826192818462341e-05,12488.919407997011,0
wfcommons,deterministic,soykb,0.2,soykb_22,0,FastestNode,2.7553654802275012e-05,36292.826021666675,0
wfcommons,deterministic,soykb,0.2,soykb_22,0,MaxTP,7.67661252201271e-05,14894.33685981302,0
wfcommons,deterministic,soykb,0.2,soykb_25,0,HEFT_static,4.067625208096303e-05,24691.295834926354,0
wfcommons,deterministic,soykb,0.2,soykb_25,0,CPoP_static,4.060538986264002e-05,24803.58948604861,0
wfcommons,deterministic,soykb,0.2,soykb_25,0,HEFT-Tp_static,4.0690263019504714e-05,24713.737806612367,0
wfcommons,deterministic,soykb,0.2,soykb_25,0,CPoP-Tp_static,4.069877437085697e-05,25069.592198231338,0
wfcommons,deterministic,soykb,0.2,soykb_25,0,FastestNode,2.079192575133904e-05,48095.59306624682,0
wfcommons,deterministic,soykb,0.2,soykb_25,0,MaxTP,3.867060863437484e-05,26997.24679520236,0
wfcommons,deterministic,soykb,0.2,soykb_27,0,HEFT_static,3.912950784764297e-05,25593.673773462197,0
wfcommons,deterministic,soykb,0.2,soykb_27,0,CPoP_static,3.91515609555032e-05,25717.429383945244,0
wfcommons,deterministic,soykb,0.2,soykb_27,0,HEFT-Tp_static,3.932080097350344e-05,25694.14169049986,0
wfcommons,deterministic,soykb,0.2,soykb_27,0,CPoP-Tp_static,3.932808258725723e-05,25858.396878137297,0
wfcommons,deterministic,soykb,0.2,soykb_27,0,FastestNode,2.2307490185782632e-05,44827.99237707972,0
wfcommons,deterministic,soykb,0.2,soykb_27,0,MaxTP,3.712974265949556e-05,28251.589009492654,0
wfcommons,deterministic,soykb,0.2,soykb_24,0,HEFT_static,2.3161634640744793e-05,43202.082562499665,0
wfcommons,deterministic,soykb,0.2,soykb_24,0,CPoP_static,2.310828051793405e-05,43316.754489696235,0
wfcommons,deterministic,soykb,0.2,soykb_24,0,HEFT-Tp_static,2.3197588392103613e-05,43347.491699022874,0
wfcommons,deterministic,soykb,0.2,soykb_24,0,CPoP-Tp_static,2.3199182768539817e-05,43499.18125406114,0
wfcommons,deterministic,soykb,0.2,soykb_24,0,FastestNode,1.5657216761511124e-05,63868.31166943098,0
wfcommons,deterministic,soykb,0.2,soykb_24,0,MaxTP,2.2670143117321323e-05,45136.94016624864,0
wfcommons,deterministic,soykb,0.2,soykb_29,0,HEFT_static,7.093142730247502e-05,14176.86067203788,0
wfcommons,deterministic,soykb,0.2,soykb_29,0,CPoP_static,7.113955536291426e-05,14216.895076355831,0
wfcommons,deterministic,soykb,0.2,soykb_29,0,HEFT-Tp_static,7.150025588234002e-05,14327.606492385728,0
wfcommons,deterministic,soykb,0.2,soykb_29,0,CPoP-Tp_static,7.146012356455352e-05,14980.71801896761,0
wfcommons,deterministic,soykb,0.2,soykb_29,0,FastestNode,2.579248992400407e-05,38770.9756966645,0
wfcommons,deterministic,soykb,0.2,soykb_29,0,MaxTP,6.221186573552854e-05,17835.903243328547,0
wfcommons,deterministic,soykb,0.5,soykb_0,0,HEFT_static,3.620047783383462e-05,23999.65443358237,0
wfcommons,deterministic,soykb,0.5,soykb_0,0,CPoP_static,3.979935574750008e-05,23974.39737831306,0
wfcommons,deterministic,soykb,0.5,soykb_0,0,HEFT-Tp_static,3.866869223196537e-05,24161.618034403473,0
wfcommons,deterministic,soykb,0.5,soykb_0,0,CPoP-Tp_static,3.698744474364646e-05,24298.29728385975,0
wfcommons,deterministic,soykb,0.5,soykb_0,0,FastestNode,2.284507033938881e-05,43773.11976474206,0
wfcommons,deterministic,soykb,0.5,soykb_0,0,MaxTP,3.739390018017767e-05,26989.46868539816,0
wfcommons,deterministic,soykb,0.2,soykb_28,0,HEFT_static,3.666874485255409e-05,27354.28275107077,0
wfcommons,deterministic,soykb,0.2,soykb_28,0,CPoP_static,3.6682951681468865e-05,27444.336676430103,0
wfcommons,deterministic,soykb,0.2,soykb_28,0,HEFT-Tp_static,3.671727609659165e-05,27418.565799455435,0
wfcommons,deterministic,soykb,0.2,soykb_28,0,CPoP-Tp_static,3.672703312120011e-05,27607.645628595885,0
wfcommons,deterministic,soykb,0.2,soykb_28,0,FastestNode,2.167168259310273e-05,46143.16381314596,0
wfcommons,deterministic,soykb,0.2,soykb_28,0,MaxTP,3.558354136272687e-05,29342.143088132845,0
wfcommons,deterministic,soykb,0.2,soykb_26,0,HEFT_static,5.535585957403526e-05,18111.774481877153,0
wfcommons,deterministic,soykb,0.2,soykb_26,0,CPoP_static,5.534170790313475e-05,18114.44919144648,0
wfcommons,deterministic,soykb,0.2,soykb_26,0,HEFT-Tp_static,5.570329523731141e-05,18653.339253218008,0
wfcommons,deterministic,soykb,0.2,soykb_26,0,CPoP-Tp_static,5.574713721432314e-05,18665.414760638105,0
wfcommons,deterministic,soykb,0.2,soykb_26,0,FastestNode,1.4956068471702213e-05,66862.49142895345,0
wfcommons,deterministic,soykb,0.2,soykb_26,0,MaxTP,4.998028276547814e-05,21128.203543290532,0
wfcommons,deterministic,soykb,0.5,soykb_1,0,HEFT_static,7.257042873182586e-05,13936.931563353046,0
wfcommons,deterministic,soykb,0.5,soykb_1,0,CPoP_static,7.282192327828846e-05,14009.66701367273,0
wfcommons,deterministic,soykb,0.5,soykb_1,0,HEFT-Tp_static,7.315523531685315e-05,14505.608916787967,0
wfcommons,deterministic,soykb,0.5,soykb_1,0,CPoP-Tp_static,7.315388508739507e-05,14913.832788033797,0
wfcommons,deterministic,soykb,0.5,soykb_1,0,FastestNode,2.970455177927007e-05,33664.87423984393,0
wfcommons,deterministic,soykb,0.5,soykb_1,0,MaxTP,6.428700014553082e-05,17856.451409027326,0
wfcommons,deterministic,soykb,0.5,soykb_2,0,HEFT_static,3.287090060169641e-05,29015.63205653043,0
wfcommons,deterministic,soykb,0.5,soykb_2,0,CPoP_static,3.464315396378571e-05,29083.36126669381,0
wfcommons,deterministic,soykb,0.5,soykb_2,0,HEFT-Tp_static,3.080029268982744e-05,29088.391420388944,0
wfcommons,deterministic,soykb,0.5,soykb_2,0,CPoP-Tp_static,3.180192822417299e-05,29343.70901690691,0
wfcommons,deterministic,soykb,0.5,soykb_2,0,FastestNode,1.7750068815275162e-05,56337.809752008754,0
wfcommons,deterministic,soykb,0.5,soykb_2,0,MaxTP,2.9974231200080956e-05,31037.319418656974,0
wfcommons,deterministic,soykb,0.5,soykb_4,0,HEFT_static,3.236551011040872e-05,27685.330005138643,0
wfcommons,deterministic,soykb,0.5,soykb_4,0,CPoP_static,3.2518177610773246e-05,27721.493008135574,0
wfcommons,deterministic,soykb,0.5,soykb_4,0,HEFT-Tp_static,3.499418098173382e-05,27849.3159090759,0
wfcommons,deterministic,soykb,0.5,soykb_4,0,CPoP-Tp_static,3.2518177610926633e-05,27848.947490148268,0
wfcommons,deterministic,soykb,0.5,soykb_4,0,FastestNode,1.944765664389957e-05,51420.07689207657,0
wfcommons,deterministic,soykb,0.5,soykb_4,0,MaxTP,3.036939935486964e-05,29936.83120550494,0
wfcommons,deterministic,soykb,0.5,soykb_3,0,HEFT_static,8.70020228158515e-05,11585.70937445875,0
wfcommons,deterministic,soykb,0.5,soykb_3,0,CPoP_static,8.667924038675595e-05,11644.419609959408,0
wfcommons,deterministic,soykb,0.5,soykb_3,0,HEFT-Tp_static,8.801199274165098e-05,11987.958351558127,0
wfcommons,deterministic,soykb,0.5,soykb_3,0,CPoP-Tp_static,8.792014860588637e-05,12486.141810130874,0
wfcommons,deterministic,soykb,0.5,soykb_3,0,FastestNode,3.058864441960836e-05,32691.870430159608,0
wfcommons,deterministic,soykb,0.5,soykb_3,0,MaxTP,7.732579741021346e-05,15072.85502200783,0
wfcommons,deterministic,soykb,0.5,soykb_5,0,HEFT_static,0.0001255382015523,8057.482775035993,0
wfcommons,deterministic,soykb,0.5,soykb_5,0,CPoP_static,0.0001243440509909,8095.454701215331,0
wfcommons,deterministic,soykb,0.5,soykb_5,0,HEFT-Tp_static,0.0001265755783788,9248.755034971991,0
wfcommons,deterministic,soykb,0.5,soykb_5,0,CPoP-Tp_static,0.0001268774023903,9607.684859063103,0
wfcommons,deterministic,soykb,0.5,soykb_5,0,FastestNode,3.542067329673791e-05,28232.100265923826,0
wfcommons,deterministic,soykb,0.5,soykb_5,0,MaxTP,0.0001176091189735,11026.69421058448,0
wfcommons,deterministic,soykb,0.5,soykb_8,0,HEFT_static,0.0001555035917741,6588.804352535667,0
wfcommons,deterministic,soykb,0.5,soykb_8,0,CPoP_static,0.0001557404895096,6475.624754480631,0
wfcommons,deterministic,soykb,0.5,soykb_8,0,HEFT-Tp_static,0.0001599877345751,7606.698642757961,0
wfcommons,deterministic,soykb,0.5,soykb_8,0,CPoP-Tp_static,0.000160334968649,7899.203836863446,0
wfcommons,deterministic,soykb,0.5,soykb_8,0,FastestNode,5.108810594476784e-05,19574.027682317424,0
wfcommons,deterministic,soykb,0.5,soykb_8,0,MaxTP,0.0001375523479496,8381.400065017286,0
wfcommons,deterministic,soykb,0.5,soykb_6,0,HEFT_static,4.704605507328214e-05,21286.766367397584,0
wfcommons,deterministic,soykb,0.5,soykb_6,0,CPoP_static,4.699251937270568e-05,21484.39406896838,0
wfcommons,deterministic,soykb,0.5,soykb_6,0,HEFT-Tp_static,4.737272892547254e-05,21774.82432366464,0
wfcommons,deterministic,soykb,0.5,soykb_6,0,CPoP-Tp_static,4.738580940229715e-05,21783.37852462121,0
wfcommons,deterministic,soykb,0.5,soykb_6,0,FastestNode,1.91546384288303e-05,52206.675877259266,0
wfcommons,deterministic,soykb,0.5,soykb_6,0,MaxTP,4.3385227188982734e-05,25158.68164246354,0
wfcommons,deterministic,soykb,0.5,soykb_7,0,HEFT_static,5.032933782098308e-05,20011.72089119537,0
wfcommons,deterministic,soykb,0.5,soykb_7,0,CPoP_static,5.0061543939106986e-05,20038.551305205805,0
wfcommons,deterministic,soykb,0.5,soykb_7,0,HEFT-Tp_static,5.051929951613643e-05,20309.4008004415,0
wfcommons,deterministic,soykb,0.5,soykb_7,0,CPoP-Tp_static,5.0424099227430055e-05,20864.8663409026,0
wfcommons,deterministic,soykb,0.5,soykb_7,0,FastestNode,2.009881671432499e-05,49754.17280596881,0
wfcommons,deterministic,soykb,0.5,soykb_7,0,MaxTP,4.590262942021542e-05,22813.804395130177,0
wfcommons,deterministic,soykb,0.5,soykb_10,0,HEFT_static,5.715724415994812e-05,16838.582383436893,0
wfcommons,deterministic,soykb,0.5,soykb_10,0,CPoP_static,5.981642757262521e-05,16770.624267098614,0
wfcommons,deterministic,soykb,0.5,soykb_10,0,HEFT-Tp_static,5.715724415994812e-05,17074.516535665334,0
wfcommons,deterministic,soykb,0.5,soykb_10,0,CPoP-Tp_static,5.678120965853464e-05,16968.179808756948,0
wfcommons,deterministic,soykb,0.5,soykb_10,0,FastestNode,3.3734176229081295e-05,29643.528071035613,0
wfcommons,deterministic,soykb,0.5,soykb_10,0,MaxTP,5.428140797589026e-05,18806.776030959805,0
wfcommons,deterministic,soykb,0.5,soykb_9,0,HEFT_static,3.400173047221258e-05,27214.868929204426,0
wfcommons,deterministic,soykb,0.5,soykb_9,0,CPoP_static,3.693211274238408e-05,27384.29504666769,0
wfcommons,deterministic,soykb,0.5,soykb_9,0,HEFT-Tp_static,3.367635506116415e-05,27613.35422447735,0
wfcommons,deterministic,soykb,0.5,soykb_9,0,CPoP-Tp_static,3.628019694746996e-05,28136.573912630713,0
wfcommons,deterministic,soykb,0.5,soykb_9,0,FastestNode,2.1624682971327593e-05,46243.452508687995,0
wfcommons,deterministic,soykb,0.5,soykb_9,0,MaxTP,3.100598329411006e-05,29949.216316667254,0
wfcommons,deterministic,soykb,0.5,soykb_11,0,HEFT_static,3.401764553962669e-05,27009.720573525272,0
wfcommons,deterministic,soykb,0.5,soykb_11,0,CPoP_static,3.7173031375486266e-05,27034.8881792466,0
wfcommons,deterministic,soykb,0.5,soykb_11,0,HEFT-Tp_static,3.6710709144604406e-05,27047.16458495586,0
wfcommons,deterministic,soykb,0.5,soykb_11,0,CPoP-Tp_static,3.41494968791882e-05,27254.483259549874,0
wfcommons,deterministic,soykb,0.5,soykb_11,0,FastestNode,2.273122480800133e-05,43992.350101963064,0
wfcommons,deterministic,soykb,0.5,soykb_11,0,MaxTP,3.263174146248998e-05,28837.19715115399,0
wfcommons,deterministic,soykb,0.5,soykb_13,0,HEFT_static,5.88922629208027e-05,17180.206540403866,0
wfcommons,deterministic,soykb,0.5,soykb_13,0,CPoP_static,5.9142776479018064e-05,17197.492359776104,0
wfcommons,deterministic,soykb,0.5,soykb_13,0,HEFT-Tp_static,5.9361262876142854e-05,17475.786374209903,0
wfcommons,deterministic,soykb,0.5,soykb_13,0,CPoP-Tp_static,5.935807307483568e-05,17649.008202925113,0
wfcommons,deterministic,soykb,0.5,soykb_13,0,FastestNode,2.1606421119181853e-05,46282.53769950992,0
wfcommons,deterministic,soykb,0.5,soykb_13,0,MaxTP,5.330908870374415e-05,19892.47125574019,0
wfcommons,deterministic,soykb,0.5,soykb_14,0,HEFT_static,9.714463598462956e-05,10358.191814731996,0
wfcommons,deterministic,soykb,0.5,soykb_14,0,CPoP_static,9.75328382534744e-05,10336.995704377854,0
wfcommons,deterministic,soykb,0.5,soykb_14,0,HEFT-Tp_static,9.88262686146864e-05,11551.28767177338,0
wfcommons,deterministic,soykb,0.5,soykb_14,0,CPoP-Tp_static,9.879357431899074e-05,11845.844982392851,0
wfcommons,deterministic,soykb,0.5,soykb_14,0,FastestNode,2.3041714790861973e-05,43399.547693239925,0
wfcommons,deterministic,soykb,0.5,soykb_14,0,MaxTP,8.570441960057392e-05,12702.64544019324,0
wfcommons,deterministic,soykb,0.5,soykb_12,0,HEFT_static,9.723075530428409e-05,10414.203150697096,0
wfcommons,deterministic,soykb,0.5,soykb_12,0,CPoP_static,9.665369166221272e-05,10482.567328291028,0
wfcommons,deterministic,soykb,0.5,soykb_12,0,HEFT-Tp_static,9.790879974040698e-05,10946.299375521075,0
wfcommons,deterministic,soykb,0.5,soykb_12,0,CPoP-Tp_static,9.772591272791856e-05,11283.01230774426,0
wfcommons,deterministic,soykb,0.5,soykb_12,0,FastestNode,2.4640911039532508e-05,40582.9150714316,0
wfcommons,deterministic,soykb,0.5,soykb_12,0,MaxTP,9.046886845336928e-05,12554.272578315447,0
wfcommons,deterministic,soykb,0.5,soykb_15,0,HEFT_static,5.220475531489817e-05,19218.25756677687,0
wfcommons,deterministic,soykb,0.5,soykb_15,0,CPoP_static,5.220306284454344e-05,19359.31511012545,0
wfcommons,deterministic,soykb,0.5,soykb_15,0,HEFT-Tp_static,5.2568544155211785e-05,19528.816800785844,0
wfcommons,deterministic,soykb,0.5,soykb_15,0,CPoP-Tp_static,5.243456397412454e-05,20036.07125436753,0
wfcommons,deterministic,soykb,0.5,soykb_15,0,FastestNode,1.5292355725642755e-05,65392.14872717064,0
wfcommons,deterministic,soykb,0.5,soykb_15,0,MaxTP,4.900742468578603e-05,21395.7828225252,0
wfcommons,deterministic,soykb,0.5,soykb_16,0,HEFT_static,3.557093572361139e-05,26466.597395854216,0
wfcommons,deterministic,soykb,0.5,soykb_16,0,CPoP_static,3.43503643997859e-05,26466.41595937526,0
wfcommons,deterministic,soykb,0.5,soykb_16,0,HEFT-Tp_static,3.722324642376956e-05,27353.737426498417,0
wfcommons,deterministic,soykb,0.5,soykb_16,0,CPoP-Tp_static,3.636161448788525e-05,28784.418137910896,0
wfcommons,deterministic,soykb,0.5,soykb_16,0,FastestNode,1.5225677207985895e-05,65678.52361112245,0
wfcommons,deterministic,soykb,0.5,soykb_16,0,MaxTP,3.37676394015958e-05,31665.89501669989,0
wfcommons,deterministic,soykb,0.5,soykb_18,0,HEFT_static,4.970563337260483e-05,19120.48021241647,0
wfcommons,deterministic,soykb,0.5,soykb_18,0,CPoP_static,5.2611079208893955e-05,19242.67859369925,0
wfcommons,deterministic,soykb,0.5,soykb_18,0,HEFT-Tp_static,5.235014298900165e-05,19564.710964962374,0
wfcommons,deterministic,soykb,0.5,soykb_18,0,CPoP-Tp_static,5.2921907957023446e-05,19905.687464754425,0
wfcommons,deterministic,soykb,0.5,soykb_18,0,FastestNode,2.241143045152696e-05,44620.08804671866,0
wfcommons,deterministic,soykb,0.5,soykb_18,0,MaxTP,4.933975826591807e-05,21403.55333783872,0
wfcommons,deterministic,soykb,0.5,soykb_17,0,HEFT_static,4.955432713965996e-05,18267.031248985804,0
wfcommons,deterministic,soykb,0.5,soykb_17,0,CPoP_static,5.5181805962683595e-05,18325.764959588098,0
wfcommons,deterministic,soykb,0.5,soykb_17,0,HEFT-Tp_static,5.550501485586396e-05,18848.235577669868,0
wfcommons,deterministic,soykb,0.5,soykb_17,0,CPoP-Tp_static,5.552126892831338e-05,19365.371108690313,0
wfcommons,deterministic,soykb,0.5,soykb_17,0,FastestNode,1.7797107567039185e-05,56188.90576646666,0
wfcommons,deterministic,soykb,0.5,soykb_17,0,MaxTP,4.898532569340423e-05,21910.685707383174,0
wfcommons,deterministic,soykb,0.5,soykb_20,0,HEFT_static,5.489057093095643e-05,18214.24044345981,0
wfcommons,deterministic,soykb,0.5,soykb_20,0,CPoP_static,5.476269142202496e-05,18427.377420642984,0
wfcommons,deterministic,soykb,0.5,soykb_20,0,HEFT-Tp_static,5.534435764861047e-05,18631.525757736097,0
wfcommons,deterministic,soykb,0.5,soykb_20,0,CPoP-Tp_static,5.525516988770252e-05,19254.13484924115,0
wfcommons,deterministic,soykb,0.5,soykb_20,0,FastestNode,2.283570780179084e-05,43791.06654717411,0
wfcommons,deterministic,soykb,0.5,soykb_20,0,MaxTP,5.1022445495168845e-05,20293.99671960084,0
wfcommons,deterministic,soykb,0.5,soykb_23,0,HEFT_static,8.61251242865753e-05,11919.168985038054,0
wfcommons,deterministic,soykb,0.5,soykb_23,0,CPoP_static,8.67366165371312e-05,11896.248023598282,0
wfcommons,deterministic,soykb,0.5,soykb_23,0,HEFT-Tp_static,8.685017287839261e-05,12506.390312203352,0
wfcommons,deterministic,soykb,0.5,soykb_23,0,CPoP-Tp_static,8.663883218089239e-05,13124.368352550537,0
wfcommons,deterministic,soykb,0.5,soykb_23,0,FastestNode,3.33104901674264e-05,30020.57294785507,0
wfcommons,deterministic,soykb,0.5,soykb_23,0,MaxTP,7.64939312789597e-05,14067.142303274248,0
wfcommons,deterministic,soykb,0.5,soykb_21,0,HEFT_static,5.807060494694977e-05,17363.97508927401,0
wfcommons,deterministic,soykb,0.5,soykb_21,0,CPoP_static,5.820306240069377e-05,17378.584109282318,0
wfcommons,deterministic,soykb,0.5,soykb_21,0,HEFT-Tp_static,5.8398019905479e-05,17956.80704152681,0
wfcommons,deterministic,soykb,0.5,soykb_21,0,CPoP-Tp_static,5.843271622438636e-05,18675.151230607196,0
wfcommons,deterministic,soykb,0.5,soykb_21,0,FastestNode,1.7610462424542505e-05,56784.42597886601,0
wfcommons,deterministic,soykb,0.5,soykb_21,0,MaxTP,5.294699526582218e-05,19964.507431943115,0
wfcommons,deterministic,soykb,0.5,soykb_22,0,HEFT_static,8.767501342950893e-05,11565.750800957505,0
wfcommons,deterministic,soykb,0.5,soykb_22,0,CPoP_static,8.768163865455749e-05,11546.1049294765,0
wfcommons,deterministic,soykb,0.5,soykb_22,0,HEFT-Tp_static,8.84694395001828e-05,12245.49033599312,0
wfcommons,deterministic,soykb,0.5,soykb_22,0,CPoP-Tp_static,8.830161931713187e-05,12605.828949591509,0
wfcommons,deterministic,soykb,0.5,soykb_22,0,FastestNode,2.7553654802275012e-05,36292.826021666675,0
wfcommons,deterministic,soykb,0.5,soykb_22,0,MaxTP,7.84974263056543e-05,14830.140293547442,0
wfcommons,deterministic,soykb,0.5,soykb_19,0,HEFT_static,4.5894703838198374e-05,22035.246404842965,0
wfcommons,deterministic,soykb,0.5,soykb_19,0,CPoP_static,4.55663751028764e-05,22072.81812418318,0
wfcommons,deterministic,soykb,0.5,soykb_19,0,HEFT-Tp_static,4.572930898140535e-05,22312.62262445329,0
wfcommons,deterministic,soykb,0.5,soykb_19,0,CPoP-Tp_static,4.583604027257596e-05,22844.570507278782,0
wfcommons,deterministic,soykb,0.5,soykb_19,0,FastestNode,1.7295363848808073e-05,57818.96285859002,0
wfcommons,deterministic,soykb,0.5,soykb_19,0,MaxTP,4.194706888638553e-05,25873.98285113789,0
wfcommons,deterministic,soykb,0.5,soykb_27,0,HEFT_static,3.370513855596583e-05,25611.18479081245,0
wfcommons,deterministic,soykb,0.5,soykb_27,0,CPoP_static,3.921049430544589e-05,25656.888522032474,0
wfcommons,deterministic,soykb,0.5,soykb_27,0,HEFT-Tp_static,3.517769315287177e-05,26231.616461857426,0
wfcommons,deterministic,soykb,0.5,soykb_27,0,CPoP-Tp_static,3.774273327814203e-05,25894.401133213807,0
wfcommons,deterministic,soykb,0.5,soykb_27,0,FastestNode,2.2307490185782632e-05,44827.99237707972,0
wfcommons,deterministic,soykb,0.5,soykb_27,0,MaxTP,3.418209806366304e-05,29005.164637592898,0
wfcommons,deterministic,soykb,0.5,soykb_28,0,HEFT_static,3.283730445750796e-05,27348.87422695412,0
wfcommons,deterministic,soykb,0.5,soykb_28,0,CPoP_static,3.6108453560479566e-05,27527.432166332273,0
wfcommons,deterministic,soykb,0.5,soykb_28,0,HEFT-Tp_static,3.452126878862522e-05,27393.606978005533,0
wfcommons,deterministic,soykb,0.5,soykb_28,0,CPoP-Tp_static,3.4904838441047984e-05,27590.354044346677,0
wfcommons,deterministic,soykb,0.5,soykb_28,0,FastestNode,2.167168259310273e-05,46143.16381314596,0
wfcommons,deterministic,soykb,0.5,soykb_28,0,MaxTP,3.227502184683521e-05,29818.87754370491,0
wfcommons,deterministic,soykb,0.5,soykb_25,0,HEFT_static,3.6672861209828166e-05,24764.153373501773,0
wfcommons,deterministic,soykb,0.5,soykb_25,0,CPoP_static,3.843597953754247e-05,24775.72868387858,0
wfcommons,deterministic,soykb,0.5,soykb_25,0,HEFT-Tp_static,3.825207532868331e-05,24856.262812487257,0
wfcommons,deterministic,soykb,0.5,soykb_25,0,CPoP-Tp_static,3.6672861209659946e-05,25138.490091088577,0
wfcommons,deterministic,soykb,0.5,soykb_25,0,FastestNode,2.079192575133904e-05,48095.59306624682,0
wfcommons,deterministic,soykb,0.5,soykb_25,0,MaxTP,3.633947156231e-05,27875.87516601604,0
wfcommons,deterministic,soykb,0.5,soykb_24,0,HEFT_static,2.2557683349391156e-05,43306.81474250709,0
wfcommons,deterministic,soykb,0.5,soykb_24,0,CPoP_static,2.314921109307475e-05,43348.37540720022,0
wfcommons,deterministic,soykb,0.5,soykb_24,0,HEFT-Tp_static,2.2478254886894696e-05,43334.58696643457,0
wfcommons,deterministic,soykb,0.5,soykb_24,0,CPoP-Tp_static,2.113849135075187e-05,43393.10004091151,0
wfcommons,deterministic,soykb,0.5,soykb_24,0,FastestNode,1.5657216761511124e-05,63868.31166943098,0
wfcommons,deterministic,soykb,0.5,soykb_24,0,MaxTP,2.0526766520605696e-05,45925.58387210029,0
wfcommons,deterministic,soykb,0.5,soykb_29,0,HEFT_static,7.108893979756039e-05,14183.582965798896,0
wfcommons,deterministic,soykb,0.5,soykb_29,0,CPoP_static,7.11405974262204e-05,14259.267599715116,0
wfcommons,deterministic,soykb,0.5,soykb_29,0,HEFT-Tp_static,7.150355810713311e-05,14768.175012730171,0
wfcommons,deterministic,soykb,0.5,soykb_29,0,CPoP-Tp_static,7.146012356455352e-05,15497.377302752326,0
wfcommons,deterministic,soykb,0.5,soykb_29,0,FastestNode,2.579248992400407e-05,38770.9756966645,0
wfcommons,deterministic,soykb,0.5,soykb_29,0,MaxTP,6.223872537806128e-05,17075.621050176527,0
wfcommons,deterministic,soykb,1.0,soykb_0,0,HEFT_static,1.922511252210893e-05,24173.679317632606,0
wfcommons,deterministic,soykb,1.0,soykb_0,0,CPoP_static,2.126778072741178e-05,24147.59481874036,0
wfcommons,deterministic,soykb,1.0,soykb_0,0,HEFT-Tp_static,2.22408164470865e-05,24387.138672247933,0
wfcommons,deterministic,soykb,1.0,soykb_0,0,CPoP-Tp_static,2.1267780727411785e-05,24879.88071812883,0
wfcommons,deterministic,soykb,1.0,soykb_0,0,FastestNode,2.284507033938881e-05,43773.11976474206,0
wfcommons,deterministic,soykb,1.0,soykb_0,0,MaxTP,2.4133651889351464e-05,28082.259018430384,0
wfcommons,deterministic,soykb,1.0,soykb_1,0,HEFT_static,3.967853419815654e-05,14072.404667774075,0
wfcommons,deterministic,soykb,1.0,soykb_1,0,CPoP_static,3.687298127439467e-05,14147.179472651133,0
wfcommons,deterministic,soykb,1.0,soykb_1,0,HEFT-Tp_static,5.214893066064479e-05,16294.001765498931,0
wfcommons,deterministic,soykb,1.0,soykb_1,0,CPoP-Tp_static,4.6800322386695294e-05,18132.322844032693,0
wfcommons,deterministic,soykb,1.0,soykb_1,0,FastestNode,2.970455177927007e-05,33664.87423984393,0
wfcommons,deterministic,soykb,1.0,soykb_1,0,MaxTP,4.451737983190102e-05,17703.408299621853,0
wfcommons,deterministic,soykb,0.5,soykb_26,0,HEFT_static,5.533424935700818e-05,18234.71599826057,0
wfcommons,deterministic,soykb,0.5,soykb_26,0,CPoP_static,5.5409261946199e-05,18233.955171032583,0
wfcommons,deterministic,soykb,0.5,soykb_26,0,HEFT-Tp_static,5.5694763260515574e-05,18837.35582183087,0
wfcommons,deterministic,soykb,0.5,soykb_26,0,CPoP-Tp_static,5.5747137214323115e-05,19189.115683911485,0
wfcommons,deterministic,soykb,0.5,soykb_26,0,FastestNode,1.4956068471702213e-05,66862.49142895345,0
wfcommons,deterministic,soykb,0.5,soykb_26,0,MaxTP,4.998028276547814e-05,21314.33902922884,0
wfcommons,deterministic,soykb,1.0,soykb_2,0,HEFT_static,1.6298488214807498e-05,29180.620950102395,0
wfcommons,deterministic,soykb,1.0,soykb_2,0,CPoP_static,1.6860505050069757e-05,29227.75053169536,0
wfcommons,deterministic,soykb,1.0,soykb_2,0,HEFT-Tp_static,1.8805947940415657e-05,30810.23580802255,0
wfcommons,deterministic,soykb,1.0,soykb_2,0,CPoP-Tp_static,1.693349424919921e-05,31545.641385475297,0
wfcommons,deterministic,soykb,1.0,soykb_2,0,FastestNode,1.7750068815275162e-05,56337.809752008754,0
wfcommons,deterministic,soykb,1.0,soykb_2,0,MaxTP,1.827867837191969e-05,31463.385110908755,0
wfcommons,deterministic,soykb,1.0,soykb_3,0,HEFT_static,5.7111783968454305e-05,11809.97836111748,0
wfcommons,deterministic,soykb,1.0,soykb_3,0,CPoP_static,6.312355070176484e-05,11786.790313643723,0
wfcommons,deterministic,soykb,1.0,soykb_3,0,HEFT-Tp_static,7.495921645941426e-05,12274.399590559024,0
wfcommons,deterministic,soykb,1.0,soykb_3,0,CPoP-Tp_static,7.995649755837431e-05,12994.68259083569,0
wfcommons,deterministic,soykb,1.0,soykb_3,0,FastestNode,3.058864441960836e-05,32691.870430159608,0
wfcommons,deterministic,soykb,1.0,soykb_3,0,MaxTP,7.342943652570808e-05,15340.47412034682,0
wfcommons,deterministic,soykb,1.0,soykb_4,0,HEFT_static,1.7063994191771984e-05,27842.846946022553,0
wfcommons,deterministic,soykb,1.0,soykb_4,0,CPoP_static,1.7767664055057322e-05,27902.52129585738,0
wfcommons,deterministic,soykb,1.0,soykb_4,0,HEFT-Tp_static,1.9256574451096297e-05,29728.991881368012,0
wfcommons,deterministic,soykb,1.0,soykb_4,0,CPoP-Tp_static,1.843276377940926e-05,31083.098544958822,0
wfcommons,deterministic,soykb,1.0,soykb_4,0,FastestNode,1.944765664389957e-05,51420.07689207657,0
wfcommons,deterministic,soykb,1.0,soykb_4,0,MaxTP,1.8733297971560127e-05,31349.436522968503,0
wfcommons,deterministic,soykb,1.0,soykb_5,0,HEFT_static,9.149909441139034e-05,8234.274842681103,0
wfcommons,deterministic,soykb,1.0,soykb_5,0,CPoP_static,0.000124876279098,8241.897528911295,0
wfcommons,deterministic,soykb,1.0,soykb_5,0,HEFT-Tp_static,0.000126619224757,9521.421694945664,0
wfcommons,deterministic,soykb,1.0,soykb_5,0,CPoP-Tp_static,0.0001269924590858,10219.334857281576,0
wfcommons,deterministic,soykb,1.0,soykb_5,0,FastestNode,3.542067329673791e-05,28232.100265923826,0
wfcommons,deterministic,soykb,1.0,soykb_5,0,MaxTP,0.0001120033430673,11689.27141993201,0
wfcommons,deterministic,soykb,1.0,soykb_8,0,HEFT_static,0.0001535135426455,6654.933134479533,0
wfcommons,deterministic,soykb,1.0,soykb_8,0,CPoP_static,0.0001412324592528,6570.486700743685,0
wfcommons,deterministic,soykb,1.0,soykb_8,0,HEFT-Tp_static,0.0001412324592471,8951.57825835631,0
wfcommons,deterministic,soykb,1.0,soykb_8,0,CPoP-Tp_static,0.0001603681022521,8574.644373698897,0
wfcommons,deterministic,soykb,1.0,soykb_8,0,FastestNode,5.108810594476784e-05,19574.027682317424,0
wfcommons,deterministic,soykb,1.0,soykb_8,0,MaxTP,0.0001120289522896,10800.403942978664,0
wfcommons,deterministic,soykb,1.0,soykb_6,0,HEFT_static,2.8766506932621584e-05,21465.55062093845,0
wfcommons,deterministic,soykb,1.0,soykb_6,0,CPoP_static,3.32945682088012e-05,21619.128715659954,0
wfcommons,deterministic,soykb,1.0,soykb_6,0,HEFT-Tp_static,3.0472994632960604e-05,23496.736201009084,0
wfcommons,deterministic,soykb,1.0,soykb_6,0,CPoP-Tp_static,3.047299463166938e-05,23478.533254783863,0
wfcommons,deterministic,soykb,1.0,soykb_6,0,FastestNode,1.91546384288303e-05,52206.675877259266,0
wfcommons,deterministic,soykb,1.0,soykb_6,0,MaxTP,2.853820132341506e-05,25297.538672388444,0
wfcommons,deterministic,soykb,1.0,soykb_7,0,HEFT_static,2.944931299907384e-05,20129.90717691081,0
wfcommons,deterministic,soykb,1.0,soykb_7,0,CPoP_static,3.0885864853393795e-05,20154.046368381667,0
wfcommons,deterministic,soykb,1.0,soykb_7,0,HEFT-Tp_static,3.4536012516910735e-05,22314.199546865333,0
wfcommons,deterministic,soykb,1.0,soykb_7,0,CPoP-Tp_static,3.3034446756219905e-05,22535.001683194885,0
wfcommons,deterministic,soykb,1.0,soykb_7,0,FastestNode,2.009881671432499e-05,49754.17280596881,0
wfcommons,deterministic,soykb,1.0,soykb_7,0,MaxTP,2.9449312999986995e-05,24613.510097563387,0
wfcommons,deterministic,soykb,1.0,soykb_10,0,HEFT_static,2.9761185752618557e-05,16957.282075660973,0
wfcommons,deterministic,soykb,1.0,soykb_10,0,CPoP_static,3.038994319829713e-05,16896.557037627652,0
wfcommons,deterministic,soykb,1.0,soykb_10,0,HEFT-Tp_static,3.657094859414628e-05,17940.44264894416,0
wfcommons,deterministic,soykb,1.0,soykb_10,0,CPoP-Tp_static,3.127081111684899e-05,18074.810714732233,0
wfcommons,deterministic,soykb,1.0,soykb_10,0,FastestNode,3.3734176229081295e-05,29643.528071035613,0
wfcommons,deterministic,soykb,1.0,soykb_10,0,MaxTP,3.4522975473199414e-05,19031.0615979365,0
wfcommons,deterministic,soykb,1.0,soykb_9,0,HEFT_static,1.9230486906039136e-05,27554.325763779856,0
wfcommons,deterministic,soykb,1.0,soykb_9,0,CPoP_static,1.852199528311741e-05,27497.8511257715,0
wfcommons,deterministic,soykb,1.0,soykb_9,0,HEFT-Tp_static,2.034207574472227e-05,28215.61302747077,0
wfcommons,deterministic,soykb,1.0,soykb_9,0,CPoP-Tp_static,1.9995335817835285e-05,28745.652808642924,0
wfcommons,deterministic,soykb,1.0,soykb_9,0,FastestNode,2.1624682971327593e-05,46243.452508687995,0
wfcommons,deterministic,soykb,1.0,soykb_9,0,MaxTP,1.912597339066577e-05,33476.2558960954,0
wfcommons,deterministic,soykb,1.0,soykb_11,0,HEFT_static,1.7343642115870112e-05,27143.04961626957,0
wfcommons,deterministic,soykb,1.0,soykb_11,0,CPoP_static,1.769190802159113e-05,27192.594567857937,0
wfcommons,deterministic,soykb,1.0,soykb_11,0,HEFT-Tp_static,2.282531138539263e-05,28637.14540774592,0
wfcommons,deterministic,soykb,1.0,soykb_11,0,CPoP-Tp_static,2.087812842346305e-05,29613.650512517434,0
wfcommons,deterministic,soykb,1.0,soykb_11,0,FastestNode,2.273122480800133e-05,43992.350101963064,0
wfcommons,deterministic,soykb,1.0,soykb_11,0,MaxTP,2.020772980466371e-05,29086.364261204584,0
wfcommons,deterministic,soykb,1.0,soykb_13,0,HEFT_static,3.845988733302778e-05,17376.513001379655,0
wfcommons,deterministic,soykb,1.0,soykb_13,0,CPoP_static,3.714875481079267e-05,17280.709136977723,0
wfcommons,deterministic,soykb,1.0,soykb_13,0,HEFT-Tp_static,4.035914102938867e-05,20422.902260337356,0
wfcommons,deterministic,soykb,1.0,soykb_13,0,CPoP-Tp_static,3.5533591558588423e-05,21665.568383079735,0
wfcommons,deterministic,soykb,1.0,soykb_13,0,FastestNode,2.1606421119181853e-05,46282.53769950992,0
wfcommons,deterministic,soykb,1.0,soykb_13,0,MaxTP,3.553359155820219e-05,21731.901676894136,0
wfcommons,deterministic,soykb,1.0,soykb_12,0,HEFT_static,7.062938565049e-05,10584.044821930576,0
wfcommons,deterministic,soykb,1.0,soykb_12,0,CPoP_static,8.71596674026336e-05,10635.332047725997,0
wfcommons,deterministic,soykb,1.0,soykb_12,0,HEFT-Tp_static,9.798815049206556e-05,11312.181448686322,0
wfcommons,deterministic,soykb,1.0,soykb_12,0,CPoP-Tp_static,9.783986310349056e-05,12249.838212769906,0
wfcommons,deterministic,soykb,1.0,soykb_12,0,FastestNode,2.4640911039532508e-05,40582.9150714316,0
wfcommons,deterministic,soykb,1.0,soykb_12,0,MaxTP,8.715966740448805e-05,12802.935414199022,0
wfcommons,deterministic,soykb,1.0,soykb_14,0,HEFT_static,7.980837079859233e-05,10470.4732682875,0
wfcommons,deterministic,soykb,1.0,soykb_14,0,CPoP_static,8.379878934440782e-05,10504.540704621346,0
wfcommons,deterministic,soykb,1.0,soykb_14,0,HEFT-Tp_static,9.8586810992986e-05,12196.598549645942,0
wfcommons,deterministic,soykb,1.0,soykb_14,0,CPoP-Tp_static,9.694444799759324e-05,12344.481896885034,0
wfcommons,deterministic,soykb,1.0,soykb_14,0,FastestNode,2.3041714790861973e-05,43399.547693239925,0
wfcommons,deterministic,soykb,1.0,soykb_14,0,MaxTP,8.379878934231284e-05,15004.641503877116,0
wfcommons,deterministic,soykb,1.0,soykb_15,0,HEFT_static,4.3659182195857946e-05,19394.827735541057,0
wfcommons,deterministic,soykb,1.0,soykb_15,0,CPoP_static,4.256770264048397e-05,19402.576237831046,0
wfcommons,deterministic,soykb,1.0,soykb_15,0,HEFT-Tp_static,4.66495371412549e-05,20239.480019417137,0
wfcommons,deterministic,soykb,1.0,soykb_15,0,CPoP-Tp_static,3.914271507325599e-05,22677.96086745544,0
wfcommons,deterministic,soykb,1.0,soykb_15,0,FastestNode,1.5292355725642755e-05,65392.14872717064,0
wfcommons,deterministic,soykb,1.0,soykb_15,0,MaxTP,3.8263103498595846e-05,22169.846699996324,0
wfcommons,deterministic,soykb,1.0,soykb_16,0,HEFT_static,1.8736562399849833e-05,26587.36582045867,0
wfcommons,deterministic,soykb,1.0,soykb_16,0,CPoP_static,1.9146104747273964e-05,26564.35834398447,0
wfcommons,deterministic,soykb,1.0,soykb_16,0,HEFT-Tp_static,2.290024293304098e-05,34363.29573810649,0
wfcommons,deterministic,soykb,1.0,soykb_16,0,CPoP-Tp_static,2.2316797253375288e-05,37734.00229577859,0
wfcommons,deterministic,soykb,1.0,soykb_16,0,FastestNode,1.5225677207985895e-05,65678.52361112245,0
wfcommons,deterministic,soykb,1.0,soykb_16,0,MaxTP,2.231679725351743e-05,30886.07835482218,0
wfcommons,deterministic,soykb,1.0,soykb_18,0,HEFT_static,2.374472931815156e-05,19274.900233351076,0
wfcommons,deterministic,soykb,1.0,soykb_18,0,CPoP_static,2.7411194874523005e-05,19347.96000443862,0
wfcommons,deterministic,soykb,1.0,soykb_18,0,HEFT-Tp_static,3.299046462783896e-05,22647.83654142953,0
wfcommons,deterministic,soykb,1.0,soykb_18,0,CPoP-Tp_static,3.132707985672935e-05,24177.75359355995,0
wfcommons,deterministic,soykb,1.0,soykb_18,0,FastestNode,2.241143045152696e-05,44620.08804671866,0
wfcommons,deterministic,soykb,1.0,soykb_18,0,MaxTP,2.9353720495953276e-05,22413.715619938037,0
wfcommons,deterministic,soykb,1.0,soykb_19,0,HEFT_static,2.919933794920037e-05,22123.95174235307,0
wfcommons,deterministic,soykb,1.0,soykb_19,0,CPoP_static,3.0722781667701766e-05,22242.671044551575,0
wfcommons,deterministic,soykb,1.0,soykb_19,0,HEFT-Tp_static,3.1829908935233255e-05,24631.189513474743,0
wfcommons,deterministic,soykb,1.0,soykb_19,0,CPoP-Tp_static,2.9442665764944876e-05,23101.47782968735,0
wfcommons,deterministic,soykb,1.0,soykb_19,0,FastestNode,1.7295363848808073e-05,57818.96285859002,0
wfcommons,deterministic,soykb,1.0,soykb_19,0,MaxTP,2.8040634063254303e-05,27942.605612063053,0
wfcommons,deterministic,soykb,1.0,soykb_17,0,HEFT_static,2.624423246538304e-05,18447.590824468374,0
wfcommons,deterministic,soykb,1.0,soykb_17,0,CPoP_static,2.869872902725361e-05,18421.639005146535,0
wfcommons,deterministic,soykb,1.0,soykb_17,0,HEFT-Tp_static,4.1124982833164423e-05,22802.78031716489,0
wfcommons,deterministic,soykb,1.0,soykb_17,0,CPoP-Tp_static,3.910905230174352e-05,23773.459265192523,0
wfcommons,deterministic,soykb,1.0,soykb_17,0,FastestNode,1.7797107567039185e-05,56188.90576646666,0
wfcommons,deterministic,soykb,1.0,soykb_17,0,MaxTP,3.499230995422768e-05,24736.573461797343,0
wfcommons,deterministic,soykb,1.0,soykb_20,0,HEFT_static,2.900246478263532e-05,18431.27769154842,0
wfcommons,deterministic,soykb,1.0,soykb_20,0,CPoP_static,2.984925207488679e-05,18424.97327939768,0
wfcommons,deterministic,soykb,1.0,soykb_20,0,HEFT-Tp_static,3.37962606146363e-05,20273.58464570218,0
wfcommons,deterministic,soykb,1.0,soykb_20,0,CPoP-Tp_static,3.525299598562782e-05,22284.438019761285,0
wfcommons,deterministic,soykb,1.0,soykb_20,0,FastestNode,2.283570780179084e-05,43791.06654717411,0
wfcommons,deterministic,soykb,1.0,soykb_20,0,MaxTP,3.1700368484020035e-05,25201.0075179581,0
wfcommons,deterministic,soykb,1.0,soykb_21,0,HEFT_static,4.612211309249862e-05,17548.825443876594,0
wfcommons,deterministic,soykb,1.0,soykb_21,0,CPoP_static,4.680037946216427e-05,17568.99521471855,0
wfcommons,deterministic,soykb,1.0,soykb_21,0,HEFT-Tp_static,5.051469529398049e-05,19414.219173438178,0
wfcommons,deterministic,soykb,1.0,soykb_21,0,CPoP-Tp_static,4.612211309183018e-05,22707.054500053673,0
wfcommons,deterministic,soykb,1.0,soykb_21,0,FastestNode,1.7610462424542505e-05,56784.42597886601,0
wfcommons,deterministic,soykb,1.0,soykb_21,0,MaxTP,3.928920745087371e-05,24423.251344864155,0
wfcommons,deterministic,soykb,1.0,soykb_23,0,HEFT_static,5.9180256016255775e-05,12010.197522741826,0
wfcommons,deterministic,soykb,1.0,soykb_23,0,CPoP_static,6.547602793386996e-05,12149.65633073505,0
wfcommons,deterministic,soykb,1.0,soykb_23,0,HEFT-Tp_static,6.547602793386996e-05,13876.47471731194,0
wfcommons,deterministic,soykb,1.0,soykb_23,0,CPoP-Tp_static,6.411194401863783e-05,14870.669749975734,0
wfcommons,deterministic,soykb,1.0,soykb_23,0,FastestNode,3.33104901674264e-05,30020.57294785507,0
wfcommons,deterministic,soykb,1.0,soykb_23,0,MaxTP,5.806364741333422e-05,18398.95760625558,0
wfcommons,deterministic,soykb,1.0,soykb_22,0,HEFT_static,7.380913272427596e-05,11660.663066977158,0
wfcommons,deterministic,soykb,1.0,soykb_22,0,CPoP_static,7.56093554662281e-05,11738.08173786908,0
wfcommons,deterministic,soykb,1.0,soykb_22,0,HEFT-Tp_static,8.61106548446469e-05,12652.599615103643,0
wfcommons,deterministic,soykb,1.0,soykb_22,0,CPoP-Tp_static,8.794976609448072e-05,12837.666958915916,0
wfcommons,deterministic,soykb,1.0,soykb_22,0,FastestNode,2.7553654802275012e-05,36292.826021666675,0
wfcommons,deterministic,soykb,1.0,soykb_22,0,MaxTP,6.739094727159564e-05,15568.685806530815,0
wfcommons,deterministic,soykb,1.0,soykb_25,0,HEFT_static,1.800604446797864e-05,24897.35336636685,0
wfcommons,deterministic,soykb,1.0,soykb_25,0,CPoP_static,1.969133927035878e-05,24920.003414414987,0
wfcommons,deterministic,soykb,1.0,soykb_25,0,HEFT-Tp_static,2.071161591667956e-05,27069.39037304564,0
wfcommons,deterministic,soykb,1.0,soykb_25,0,CPoP-Tp_static,2.1491085332192848e-05,25750.2719555623,0
wfcommons,deterministic,soykb,1.0,soykb_25,0,FastestNode,2.079192575133904e-05,48095.59306624682,0
wfcommons,deterministic,soykb,1.0,soykb_25,0,MaxTP,2.245697680825284e-05,29237.891377082957,0
wfcommons,deterministic,soykb,1.0,soykb_24,0,HEFT_static,1.1606953432498944e-05,43472.44542739139,0
wfcommons,deterministic,soykb,1.0,soykb_24,0,CPoP_static,1.2323985304810623e-05,43472.16837056998,0
wfcommons,deterministic,soykb,1.0,soykb_24,0,HEFT-Tp_static,1.491547754175512e-05,46920.94438915502,0
wfcommons,deterministic,soykb,1.0,soykb_24,0,CPoP-Tp_static,1.2870613685257126e-05,44696.463958321176,0
wfcommons,deterministic,soykb,1.0,soykb_24,0,FastestNode,1.5657216761511124e-05,63868.31166943098,0
wfcommons,deterministic,soykb,1.0,soykb_24,0,MaxTP,1.1910120126670168e-05,49384.674658186676,0
wfcommons,deterministic,soykb,1.0,soykb_27,0,HEFT_static,1.7503876303290943e-05,25866.3100148869,0
wfcommons,deterministic,soykb,1.0,soykb_27,0,CPoP_static,1.9272885078390265e-05,25873.52062249681,0
wfcommons,deterministic,soykb,1.0,soykb_27,0,HEFT-Tp_static,2.106571159750311e-05,27624.90083497929,0
wfcommons,deterministic,soykb,1.0,soykb_27,0,CPoP-Tp_static,2.1313543498144335e-05,27613.71373499054,0
wfcommons,deterministic,soykb,1.0,soykb_27,0,FastestNode,2.2307490185782632e-05,44827.99237707972,0
wfcommons,deterministic,soykb,1.0,soykb_27,0,MaxTP,2.1188902893021044e-05,27162.003403256334,0
wfcommons,deterministic,soykb,1.0,soykb_29,0,HEFT_static,4.422785883144677e-05,14367.718267027276,0
wfcommons,deterministic,soykb,1.0,soykb_29,0,CPoP_static,5.002823376142103e-05,14498.74830870055,0
wfcommons,deterministic,soykb,1.0,soykb_29,0,HEFT-Tp_static,4.6949573222351375e-05,18025.41176447465,0
wfcommons,deterministic,soykb,1.0,soykb_29,0,CPoP-Tp_static,4.8440035865052366e-05,17668.12434507743,0
wfcommons,deterministic,soykb,1.0,soykb_29,0,FastestNode,2.579248992400407e-05,38770.9756966645,0
wfcommons,deterministic,soykb,1.0,soykb_29,0,MaxTP,4.48782685214262e-05,19098.421997591704,0
wfcommons,deterministic,soykb,2.0,soykb_0,0,HEFT_static,9.834811897087503e-06,24401.14593786419,0
wfcommons,deterministic,soykb,2.0,soykb_0,0,CPoP_static,1.0438174589953442e-05,24446.840493449316,0
wfcommons,deterministic,soykb,2.0,soykb_0,0,HEFT-Tp_static,1.3292362954549292e-05,25809.48973470154,0
wfcommons,deterministic,soykb,2.0,soykb_0,0,CPoP-Tp_static,1.3721148856405773e-05,25475.07553619055,0
wfcommons,deterministic,soykb,2.0,soykb_0,0,FastestNode,2.284507033938881e-05,43773.11976474206,0
wfcommons,deterministic,soykb,2.0,soykb_0,0,MaxTP,1.339702722988416e-05,25136.73302220802,0
wfcommons,deterministic,soykb,1.0,soykb_26,0,HEFT_static,3.2442202973508774e-05,18351.851440806982,0
wfcommons,deterministic,soykb,1.0,soykb_26,0,CPoP_static,3.519672964101887e-05,18353.14854372579,0
wfcommons,deterministic,soykb,1.0,soykb_26,0,HEFT-Tp_static,4.011670260234831e-05,21339.893433015473,0
wfcommons,deterministic,soykb,1.0,soykb_26,0,CPoP-Tp_static,3.927214044147209e-05,21626.64030383244,0
wfcommons,deterministic,soykb,1.0,soykb_26,0,FastestNode,1.4956068471702213e-05,66862.49142895345,0
wfcommons,deterministic,soykb,1.0,soykb_26,0,MaxTP,3.454493835202216e-05,22312.8872626766,0
wfcommons,deterministic,soykb,1.0,soykb_28,0,HEFT_static,1.659208869583862e-05,27471.848065812355,0
wfcommons,deterministic,soykb,1.0,soykb_28,0,CPoP_static,1.84790321160905e-05,27644.743830125877,0
wfcommons,deterministic,soykb,1.0,soykb_28,0,HEFT-Tp_static,1.988250290975416e-05,28973.711768069326,0
wfcommons,deterministic,soykb,1.0,soykb_28,0,CPoP-Tp_static,1.988250290941859e-05,29815.841641331037,0
wfcommons,deterministic,soykb,1.0,soykb_28,0,FastestNode,2.167168259310273e-05,46143.16381314596,0
wfcommons,deterministic,soykb,1.0,soykb_28,0,MaxTP,1.892430999846763e-05,31850.463988855427,0
wfcommons,deterministic,soykb,2.0,soykb_1,0,HEFT_static,2.535017462601828e-05,14127.432319934996,0
wfcommons,deterministic,soykb,2.0,soykb_1,0,CPoP_static,2.684136136863751e-05,14281.5830652695,0
wfcommons,deterministic,soykb,2.0,soykb_1,0,HEFT-Tp_static,2.8971628144710675e-05,18520.46531613733,0
wfcommons,deterministic,soykb,2.0,soykb_1,0,CPoP-Tp_static,2.8971628143790943e-05,17303.29006698344,0
wfcommons,deterministic,soykb,2.0,soykb_1,0,FastestNode,2.970455177927007e-05,33664.87423984393,0
wfcommons,deterministic,soykb,2.0,soykb_1,0,MaxTP,2.7654735956354645e-05,18994.714199617567,0
wfcommons,deterministic,soykb,2.0,soykb_2,0,HEFT_static,7.918293869646693e-06,29398.177064520285,0
wfcommons,deterministic,soykb,2.0,soykb_2,0,CPoP_static,9.18224688158115e-06,29448.320657828808,0
wfcommons,deterministic,soykb,2.0,soykb_2,0,HEFT-Tp_static,1.1240336699901158e-05,32883.53332982939,0
wfcommons,deterministic,soykb,2.0,soykb_2,0,CPoP-Tp_static,1.1112605601169276e-05,31449.696622144227,0
wfcommons,deterministic,soykb,2.0,soykb_2,0,FastestNode,1.7750068815275162e-05,56337.809752008754,0
wfcommons,deterministic,soykb,2.0,soykb_2,0,MaxTP,1.199888702938803e-05,32668.850782743822,0
wfcommons,deterministic,soykb,2.0,soykb_4,0,HEFT_static,8.206968635137153e-06,28141.769549551816,0
wfcommons,deterministic,soykb,2.0,soykb_4,0,CPoP_static,8.793180680492132e-06,28132.13663146173,0
wfcommons,deterministic,soykb,2.0,soykb_4,0,HEFT-Tp_static,1.090799628713925e-05,29501.03441535633,0
wfcommons,deterministic,soykb,2.0,soykb_4,0,CPoP-Tp_static,1.2052191702010703e-05,29726.976891553055,0
wfcommons,deterministic,soykb,2.0,soykb_4,0,FastestNode,1.944765664389957e-05,51420.07689207657,0
wfcommons,deterministic,soykb,2.0,soykb_4,0,MaxTP,1.2488865314034076e-05,32782.17421806731,0
wfcommons,deterministic,soykb,2.0,soykb_3,0,HEFT_static,3.74796082289263e-05,11946.047231236427,0
wfcommons,deterministic,soykb,2.0,soykb_3,0,CPoP_static,3.598042389982922e-05,11966.19627702555,0
wfcommons,deterministic,soykb,2.0,soykb_3,0,HEFT-Tp_static,3.827704670266265e-05,14466.357828233791,0
wfcommons,deterministic,soykb,2.0,soykb_3,0,CPoP-Tp_static,4.183770220688537e-05,15294.856721049822,0
wfcommons,deterministic,soykb,2.0,soykb_3,0,FastestNode,3.058864441960836e-05,32691.870430159608,0
wfcommons,deterministic,soykb,2.0,soykb_3,0,MaxTP,3.74796082289263e-05,17772.518256837433,0
wfcommons,deterministic,soykb,2.0,soykb_5,0,HEFT_static,6.53564960074357e-05,8476.731557739166,0
wfcommons,deterministic,soykb,2.0,soykb_5,0,CPoP_static,5.545399660930891e-05,8685.43651972654,0
wfcommons,deterministic,soykb,2.0,soykb_5,0,HEFT-Tp_static,7.956442992147788e-05,11164.760009788532,0
wfcommons,deterministic,soykb,2.0,soykb_5,0,CPoP-Tp_static,5.903167381146751e-05,13736.18490835706,0
wfcommons,deterministic,soykb,2.0,soykb_5,0,FastestNode,3.542067329673791e-05,28232.100265923826,0
wfcommons,deterministic,soykb,2.0,soykb_5,0,MaxTP,6.777710697309466e-05,13740.251725423206,0
wfcommons,deterministic,soykb,2.0,soykb_8,0,HEFT_static,7.061622962359545e-05,7000.8343750270005,0
wfcommons,deterministic,soykb,2.0,soykb_8,0,CPoP_static,8.827028702331537e-05,6863.592641795444,0
wfcommons,deterministic,soykb,2.0,soykb_8,0,HEFT-Tp_static,8.827028702772888e-05,9075.227080535988,0
wfcommons,deterministic,soykb,2.0,soykb_8,0,CPoP-Tp_static,8.406694003081198e-05,9454.59040857784,0
wfcommons,deterministic,soykb,2.0,soykb_8,0,FastestNode,5.108810594476784e-05,19574.027682317424,0
wfcommons,deterministic,soykb,2.0,soykb_8,0,MaxTP,7.355857252739834e-05,9043.78662193843,0
wfcommons,deterministic,soykb,2.0,soykb_6,0,HEFT_static,1.5771111256846684e-05,21722.558963681888,0
wfcommons,deterministic,soykb,2.0,soykb_6,0,CPoP_static,1.4858732919718975e-05,21795.231005303285,0
wfcommons,deterministic,soykb,2.0,soykb_6,0,HEFT-Tp_static,1.7287564262723903e-05,24453.700146757536,0
wfcommons,deterministic,soykb,2.0,soykb_6,0,CPoP-Tp_static,1.780105626980734e-05,25741.094196488342,0
wfcommons,deterministic,soykb,2.0,soykb_6,0,FastestNode,1.91546384288303e-05,52206.675877259266,0
wfcommons,deterministic,soykb,2.0,soykb_6,0,MaxTP,1.6647284104863026e-05,25745.509806772952,0
wfcommons,deterministic,soykb,2.0,soykb_7,0,HEFT_static,1.582900573696538e-05,20238.37688500019,0
wfcommons,deterministic,soykb,2.0,soykb_7,0,CPoP_static,1.7587784151955774e-05,20304.86107066055,0
wfcommons,deterministic,soykb,2.0,soykb_7,0,HEFT-Tp_static,1.844156008162092e-05,21404.302427663308,0
wfcommons,deterministic,soykb,2.0,soykb_7,0,CPoP-Tp_static,1.791962913610834e-05,24025.8525665152,0
wfcommons,deterministic,soykb,2.0,soykb_7,0,FastestNode,2.009881671432499e-05,49754.17280596881,0
wfcommons,deterministic,soykb,2.0,soykb_7,0,MaxTP,1.7919629135939287e-05,23775.462946187417,0
wfcommons,deterministic,soykb,2.0,soykb_10,0,HEFT_static,1.4880592876206652e-05,17258.28283636864,0
wfcommons,deterministic,soykb,2.0,soykb_10,0,CPoP_static,1.685692161738439e-05,17205.18007594363,0
wfcommons,deterministic,soykb,2.0,soykb_10,0,HEFT-Tp_static,1.9615326972831e-05,19817.65095561213,0
wfcommons,deterministic,soykb,2.0,soykb_10,0,CPoP-Tp_static,1.9978573768977328e-05,17647.92500794705,0
wfcommons,deterministic,soykb,2.0,soykb_10,0,FastestNode,3.3734176229081295e-05,29643.528071035613,0
wfcommons,deterministic,soykb,2.0,soykb_10,0,MaxTP,1.9615326973187645e-05,20859.388219175347,0
wfcommons,deterministic,soykb,2.0,soykb_9,0,HEFT_static,8.886815918863986e-06,27709.027761288573,0
wfcommons,deterministic,soykb,2.0,soykb_9,0,CPoP_static,9.615243453177196e-06,27591.141086265863,0
wfcommons,deterministic,soykb,2.0,soykb_9,0,HEFT-Tp_static,1.3033996680750354e-05,29617.91827727325,0
wfcommons,deterministic,soykb,2.0,soykb_9,0,CPoP-Tp_static,1.1969996952078654e-05,28583.17119801348,0
wfcommons,deterministic,soykb,2.0,soykb_9,0,FastestNode,2.1624682971327593e-05,46243.452508687995,0
wfcommons,deterministic,soykb,2.0,soykb_9,0,MaxTP,1.4305606112956648e-05,29574.72992503025,0
wfcommons,deterministic,soykb,2.0,soykb_11,0,HEFT_static,9.064372628450789e-06,27360.656482863284,0
wfcommons,deterministic,soykb,2.0,soykb_11,0,CPoP_static,9.921813282340042e-06,27431.621690894015,0
wfcommons,deterministic,soykb,2.0,soykb_11,0,HEFT-Tp_static,1.3430747248202089e-05,29852.293803493172,0
wfcommons,deterministic,soykb,2.0,soykb_11,0,CPoP-Tp_static,1.3853097790413502e-05,29603.632923060184,0
wfcommons,deterministic,soykb,2.0,soykb_11,0,FastestNode,2.273122480800133e-05,43992.350101963064,0
wfcommons,deterministic,soykb,2.0,soykb_11,0,MaxTP,1.2236903048320448e-05,30582.724463396236,0
wfcommons,deterministic,soykb,2.0,soykb_13,0,HEFT_static,2.0179570514445203e-05,17747.202725494513,0
wfcommons,deterministic,soykb,2.0,soykb_13,0,CPoP_static,1.96933158035086e-05,17706.506580205627,0
wfcommons,deterministic,soykb,2.0,soykb_13,0,HEFT-Tp_static,2.270201682959166e-05,19674.308169179676,0
wfcommons,deterministic,soykb,2.0,soykb_13,0,CPoP-Tp_static,2.2088448806274787e-05,20016.042792817432,0
wfcommons,deterministic,soykb,2.0,soykb_13,0,FastestNode,2.1606421119181853e-05,46282.53769950992,0
wfcommons,deterministic,soykb,2.0,soykb_13,0,MaxTP,2.095570784189401e-05,20644.889753121188,0
wfcommons,deterministic,soykb,2.0,soykb_14,0,HEFT_static,4.529664288755303e-05,10744.351109815616,0
wfcommons,deterministic,soykb,2.0,soykb_14,0,CPoP_static,4.529664288877726e-05,10979.933623982422,0
wfcommons,deterministic,soykb,2.0,soykb_14,0,HEFT-Tp_static,5.078714505694751e-05,13787.869520297065,0
wfcommons,deterministic,soykb,2.0,soykb_14,0,CPoP-Tp_static,4.655488297027932e-05,15057.250622443422,0
wfcommons,deterministic,soykb,2.0,soykb_14,0,FastestNode,2.3041714790861973e-05,43399.547693239925,0
wfcommons,deterministic,soykb,2.0,soykb_14,0,MaxTP,4.410462597184357e-05,20619.045201674195,0
wfcommons,deterministic,soykb,2.0,soykb_12,0,HEFT_static,4.0161807527944026e-05,10759.470247603616,0
wfcommons,deterministic,soykb,2.0,soykb_12,0,CPoP_static,4.180106497799728e-05,11336.853742486775,0
wfcommons,deterministic,soykb,2.0,soykb_12,0,HEFT-Tp_static,5.689589399857152e-05,12933.148369831186,0
wfcommons,deterministic,soykb,2.0,soykb_12,0,CPoP-Tp_static,4.65511859948344e-05,12710.030788580512,0
wfcommons,deterministic,soykb,2.0,soykb_12,0,FastestNode,2.4640911039532508e-05,40582.9150714316,0
wfcommons,deterministic,soykb,2.0,soykb_12,0,MaxTP,4.9957370340378355e-05,15346.239380028946,0
wfcommons,deterministic,soykb,2.0,soykb_15,0,HEFT_static,1.8113916017395837e-05,19666.59045099588,0
wfcommons,deterministic,soykb,2.0,soykb_15,0,CPoP_static,2.0514555489683372e-05,20142.4941935664,0
wfcommons,deterministic,soykb,2.0,soykb_15,0,HEFT-Tp_static,2.1553267160267323e-05,21959.533633974985,0
wfcommons,deterministic,soykb,2.0,soykb_15,0,CPoP-Tp_static,2.102108772371201e-05,21288.050272301607,0
wfcommons,deterministic,soykb,2.0,soykb_15,0,FastestNode,1.5292355725642755e-05,65392.14872717064,0
wfcommons,deterministic,soykb,2.0,soykb_15,0,MaxTP,2.102108772500961e-05,23752.51290552851,0
wfcommons,deterministic,soykb,2.0,soykb_16,0,HEFT_static,9.318449916997218e-06,26970.85523801406,0
wfcommons,deterministic,soykb,2.0,soykb_16,0,CPoP_static,9.368281199874818e-06,26985.805292195644,0
wfcommons,deterministic,soykb,2.0,soykb_16,0,HEFT-Tp_static,1.2881386649888184e-05,34875.84405703341,0
wfcommons,deterministic,soykb,2.0,soykb_16,0,CPoP-Tp_static,1.2787361930098084e-05,34992.3044770933,0
wfcommons,deterministic,soykb,2.0,soykb_16,0,FastestNode,1.5225677207985895e-05,65678.52361112245,0
wfcommons,deterministic,soykb,2.0,soykb_16,0,MaxTP,1.2424599889263567e-05,30542.46570418465,0
wfcommons,deterministic,soykb,2.0,soykb_18,0,HEFT_static,1.2766857886702414e-05,19457.731074265917,0
wfcommons,deterministic,soykb,2.0,soykb_18,0,CPoP_static,1.3506965590448304e-05,19554.59615765126,0
wfcommons,deterministic,soykb,2.0,soykb_18,0,HEFT-Tp_static,1.758454010820409e-05,22479.77602272478,0
wfcommons,deterministic,soykb,2.0,soykb_18,0,CPoP-Tp_static,1.8274129916348673e-05,25307.540763253142,0
wfcommons,deterministic,soykb,2.0,soykb_18,0,FastestNode,2.241143045152696e-05,44620.08804671866,0
wfcommons,deterministic,soykb,2.0,soykb_18,0,MaxTP,1.792270434138908e-05,26802.922201956542,0
wfcommons,deterministic,soykb,2.0,soykb_20,0,HEFT_static,1.4501232391214811e-05,18912.470410093792,0
wfcommons,deterministic,soykb,2.0,soykb_20,0,CPoP_static,1.6623363960591862e-05,18757.991126384335,0
wfcommons,deterministic,soykb,2.0,soykb_20,0,HEFT-Tp_static,2.0244294724542627e-05,22181.232239916528,0
wfcommons,deterministic,soykb,2.0,soykb_20,0,CPoP-Tp_static,2.024429472434219e-05,20276.740505216483,0
wfcommons,deterministic,soykb,2.0,soykb_20,0,FastestNode,2.283570780179084e-05,43791.06654717411,0
wfcommons,deterministic,soykb,2.0,soykb_20,0,MaxTP,1.9473083496770233e-05,22016.871433338572,0
wfcommons,deterministic,soykb,2.0,soykb_19,0,HEFT_static,1.5361390833850886e-05,22451.390101887853,0
wfcommons,deterministic,soykb,2.0,soykb_19,0,CPoP_static,1.5228965051069865e-05,22522.25618673999,0
wfcommons,deterministic,soykb,2.0,soykb_19,0,HEFT-Tp_static,1.7490692533812455e-05,24273.12877319016,0
wfcommons,deterministic,soykb,2.0,soykb_19,0,CPoP-Tp_static,1.749069253363928e-05,24773.967803626816,0
wfcommons,deterministic,soykb,2.0,soykb_19,0,FastestNode,1.7295363848808073e-05,57818.96285859002,0
wfcommons,deterministic,soykb,2.0,soykb_19,0,MaxTP,1.6357036536898337e-05,27597.02524395392,0
wfcommons,deterministic,soykb,2.0,soykb_17,0,HEFT_static,1.3036350767120057e-05,18626.514928056666,0
wfcommons,deterministic,soykb,2.0,soykb_17,0,CPoP_static,1.6085174736905673e-05,18605.10059569907,0
wfcommons,deterministic,soykb,2.0,soykb_17,0,HEFT-Tp_static,2.0995385972720783e-05,21045.768223843657,0
wfcommons,deterministic,soykb,2.0,soykb_17,0,CPoP-Tp_static,1.917847757105092e-05,23471.6607616623,0
wfcommons,deterministic,soykb,2.0,soykb_17,0,FastestNode,1.7797107567039185e-05,56188.90576646666,0
wfcommons,deterministic,soykb,2.0,soykb_17,0,MaxTP,1.829873089348785e-05,22524.340229125173,0
wfcommons,deterministic,soykb,2.0,soykb_23,0,HEFT_static,3.077373312838198e-05,11981.79100483878,0
wfcommons,deterministic,soykb,2.0,soykb_23,0,CPoP_static,3.344970992197981e-05,12328.494389923062,0
wfcommons,deterministic,soykb,2.0,soykb_23,0,HEFT-Tp_static,3.752894283991128e-05,14591.459235552013,0
wfcommons,deterministic,soykb,2.0,soykb_23,0,CPoP-Tp_static,3.66353965818607e-05,15170.386138580292,0
wfcommons,deterministic,soykb,2.0,soykb_23,0,FastestNode,3.33104901674264e-05,30020.57294785507,0
wfcommons,deterministic,soykb,2.0,soykb_23,0,MaxTP,3.578341061571248e-05,14774.354806413185,0
wfcommons,deterministic,soykb,2.0,soykb_21,0,HEFT_static,2.0937011864717257e-05,17769.639333670915,0
wfcommons,deterministic,soykb,2.0,soykb_21,0,CPoP_static,2.121617202262316e-05,17873.210550121345,0
wfcommons,deterministic,soykb,2.0,soykb_21,0,HEFT-Tp_static,2.696971019841434e-05,20003.302815502855,0
wfcommons,deterministic,soykb,2.0,soykb_21,0,CPoP-Tp_static,2.3749446294576655e-05,19558.276586544383,0
wfcommons,deterministic,soykb,2.0,soykb_21,0,FastestNode,1.7610462424542505e-05,56784.42597886601,0
wfcommons,deterministic,soykb,2.0,soykb_21,0,MaxTP,2.4480198486738224e-05,22057.81341857718,0
wfcommons,deterministic,soykb,2.0,soykb_22,0,HEFT_static,3.604632063112931e-05,12014.718546597343,0
wfcommons,deterministic,soykb,2.0,soykb_22,0,CPoP_static,3.87497946772925e-05,12056.230105746528,0
wfcommons,deterministic,soykb,2.0,soykb_22,0,HEFT-Tp_static,4.428547963435469e-05,12611.401800064352,0
wfcommons,deterministic,soykb,2.0,soykb_22,0,CPoP-Tp_static,4.305532742112747e-05,13437.001315316898,0
wfcommons,deterministic,soykb,2.0,soykb_22,0,FastestNode,2.7553654802275012e-05,36292.826021666675,0
wfcommons,deterministic,soykb,2.0,soykb_22,0,MaxTP,3.974337915915272e-05,15822.27791157552,0
wfcommons,deterministic,soykb,2.0,soykb_25,0,HEFT_static,9.168215302499098e-06,25178.196214674168,0
wfcommons,deterministic,soykb,2.0,soykb_25,0,CPoP_static,9.99335467970339e-06,25193.587757302754,0
wfcommons,deterministic,soykb,2.0,soykb_25,0,HEFT-Tp_static,1.350453335092316e-05,29857.111571615,0
wfcommons,deterministic,soykb,2.0,soykb_25,0,CPoP-Tp_static,1.323623136365052e-05,28047.68454475048,0
wfcommons,deterministic,soykb,2.0,soykb_25,0,FastestNode,2.079192575133904e-05,48095.59306624682,0
wfcommons,deterministic,soykb,2.0,soykb_25,0,MaxTP,1.4276220970953866e-05,32038.32743602292,0
wfcommons,deterministic,soykb,2.0,soykb_24,0,HEFT_static,6.161992652405312e-06,43720.21412921792,0
wfcommons,deterministic,soykb,2.0,soykb_24,0,CPoP_static,6.185876344808172e-06,43755.98332504008,0
wfcommons,deterministic,soykb,2.0,soykb_24,0,HEFT-Tp_static,8.72107156805477e-06,47358.26394466314,0
wfcommons,deterministic,soykb,2.0,soykb_24,0,CPoP-Tp_static,9.016701112879064e-06,45614.66514300686,0
wfcommons,deterministic,soykb,2.0,soykb_24,0,FastestNode,1.5657216761511124e-05,63868.31166943098,0
wfcommons,deterministic,soykb,2.0,soykb_24,0,MaxTP,9.791141699131671e-06,50925.400059244224,0
wfcommons,deterministic,soykb,2.0,soykb_27,0,HEFT_static,9.79270917496164e-06,26154.94107837296,0
wfcommons,deterministic,soykb,2.0,soykb_27,0,CPoP_static,1.017781571548202e-05,26229.635468841487,0
wfcommons,deterministic,soykb,2.0,soykb_27,0,HEFT-Tp_static,1.3223731367523676e-05,26547.820149582934,0
wfcommons,deterministic,soykb,2.0,soykb_27,0,CPoP-Tp_static,1.3223731367427156e-05,28576.430801952833,0
wfcommons,deterministic,soykb,2.0,soykb_27,0,FastestNode,2.2307490185782632e-05,44827.99237707972,0
wfcommons,deterministic,soykb,2.0,soykb_27,0,MaxTP,1.3223731367427156e-05,29547.932667310994,0
wfcommons,deterministic,soykb,2.0,soykb_29,0,HEFT_static,2.090220725631044e-05,14615.666508355354,0
wfcommons,deterministic,soykb,2.0,soykb_29,0,CPoP_static,2.4220017931757298e-05,14648.561714414627,0
wfcommons,deterministic,soykb,2.0,soykb_29,0,HEFT-Tp_static,2.6769493503856687e-05,17360.37682159309,0
wfcommons,deterministic,soykb,2.0,soykb_29,0,CPoP-Tp_static,2.77429296322431e-05,18476.830662348388,0
wfcommons,deterministic,soykb,2.0,soykb_29,0,FastestNode,2.579248992400407e-05,38770.9756966645,0
wfcommons,deterministic,soykb,2.0,soykb_29,0,MaxTP,2.676949350479597e-05,19339.265190668382,0
wfcommons,deterministic,soykb,5.0,soykb_0,0,HEFT_static,4.419279112185166e-06,25285.827895377504,0
wfcommons,deterministic,soykb,5.0,soykb_0,0,CPoP_static,4.175269836083845e-06,25328.493212573685,0
wfcommons,deterministic,soykb,5.0,soykb_0,0,HEFT-Tp_static,6.420462106306719e-06,26306.733513523955,0
wfcommons,deterministic,soykb,5.0,soykb_0,0,CPoP-Tp_static,6.131252101583785e-06,27070.25682020286,0
wfcommons,deterministic,soykb,5.0,soykb_0,0,FastestNode,2.284507033938881e-05,43773.11976474206,0
wfcommons,deterministic,soykb,5.0,soykb_0,0,MaxTP,6.805689832737774e-06,28342.913967093627,0
wfcommons,deterministic,soykb,2.0,soykb_28,0,HEFT_static,8.726209610455912e-06,27673.07665369866,0
wfcommons,deterministic,soykb,2.0,soykb_28,0,CPoP_static,9.735853697349694e-06,27751.312461001533,0
wfcommons,deterministic,soykb,2.0,soykb_28,0,HEFT-Tp_static,1.3089314415538494e-05,28701.53857354764,0
wfcommons,deterministic,soykb,2.0,soykb_28,0,CPoP-Tp_static,1.2874735490348864e-05,29711.077950719853,0
wfcommons,deterministic,soykb,2.0,soykb_28,0,FastestNode,2.167168259310273e-05,46143.16381314596,0
wfcommons,deterministic,soykb,2.0,soykb_28,0,MaxTP,1.4454457636652072e-05,32274.22605632903,0
wfcommons,deterministic,soykb,2.0,soykb_26,0,HEFT_static,1.846957099972532e-05,18597.435096840985,0
wfcommons,deterministic,soykb,2.0,soykb_26,0,CPoP_static,1.793679491320503e-05,18610.29831254044,0
wfcommons,deterministic,soykb,2.0,soykb_26,0,HEFT-Tp_static,2.0276376858354826e-05,20602.33317362124,0
wfcommons,deterministic,soykb,2.0,soykb_26,0,CPoP-Tp_static,2.049919418668898e-05,21399.84033309925,0
wfcommons,deterministic,soykb,2.0,soykb_26,0,FastestNode,1.4956068471702213e-05,66862.49142895345,0
wfcommons,deterministic,soykb,2.0,soykb_26,0,MaxTP,1.963607022114944e-05,22679.592280048553,0
wfcommons,deterministic,soykb,5.0,soykb_1,0,HEFT_static,9.01339542263993e-06,15096.002814571804,0
wfcommons,deterministic,soykb,5.0,soykb_1,0,CPoP_static,9.126062865645446e-06,15380.252926565749,0
wfcommons,deterministic,soykb,5.0,soykb_1,0,HEFT-Tp_static,1.237432252957862e-05,17622.50309196687,0
wfcommons,deterministic,soykb,5.0,soykb_1,0,CPoP-Tp_static,1.2168083821164788e-05,27297.553600328145,0
wfcommons,deterministic,soykb,5.0,soykb_1,0,FastestNode,2.970455177927007e-05,33664.87423984393,0
wfcommons,deterministic,soykb,5.0,soykb_1,0,MaxTP,1.2587672918012272e-05,19580.414067550148,0
wfcommons,deterministic,soykb,5.0,soykb_2,0,HEFT_static,3.5081947726997037e-06,29295.27073730123,0
wfcommons,deterministic,soykb,5.0,soykb_2,0,CPoP_static,3.725368734828681e-06,29535.774000835416,0
wfcommons,deterministic,soykb,5.0,soykb_2,0,HEFT-Tp_static,5.215516228725385e-06,32815.84129320368,0
wfcommons,deterministic,soykb,5.0,soykb_2,0,CPoP-Tp_static,5.669039379070693e-06,33182.00019764057,0
wfcommons,deterministic,soykb,5.0,soykb_2,0,FastestNode,1.7750068815275162e-05,56337.809752008754,0
wfcommons,deterministic,soykb,5.0,soykb_2,0,MaxTP,5.470821218970257e-06,33585.475970302716,0
wfcommons,deterministic,soykb,5.0,soykb_4,0,HEFT_static,3.446926826737098e-06,29000.206751555823,0
wfcommons,deterministic,soykb,5.0,soykb_4,0,CPoP_static,3.5535328110297923e-06,28191.372617512145,0
wfcommons,deterministic,soykb,5.0,soykb_4,0,HEFT-Tp_static,5.697399713569129e-06,34491.88450020211,0
wfcommons,deterministic,soykb,5.0,soykb_4,0,CPoP-Tp_static,5.793154330649367e-06,34990.74128079513,0
wfcommons,deterministic,soykb,5.0,soykb_4,0,FastestNode,1.944765664389957e-05,51420.07689207657,0
wfcommons,deterministic,soykb,5.0,soykb_4,0,MaxTP,5.144666905552805e-06,32073.264319472113,0
wfcommons,deterministic,soykb,5.0,soykb_3,0,HEFT_static,1.531081868073931e-05,12793.094612373374,0
wfcommons,deterministic,soykb,5.0,soykb_3,0,CPoP_static,1.3326082925161838e-05,13411.282105911156,0
wfcommons,deterministic,soykb,5.0,soykb_3,0,HEFT-Tp_static,1.893706521119393e-05,16514.434087821242,0
wfcommons,deterministic,soykb,5.0,soykb_3,0,CPoP-Tp_static,1.7551426292445522e-05,16764.847296842294,0
wfcommons,deterministic,soykb,5.0,soykb_3,0,FastestNode,3.058864441960836e-05,32691.870430159608,0
wfcommons,deterministic,soykb,5.0,soykb_3,0,MaxTP,1.5643662565768898e-05,20303.32178450416,0
wfcommons,deterministic,soykb,5.0,soykb_5,0,HEFT_static,2.3612669524586993e-05,9283.403925683397,0
wfcommons,deterministic,soykb,5.0,soykb_5,0,CPoP_static,2.3612669523825297e-05,10541.104179423432,0
wfcommons,deterministic,soykb,5.0,soykb_5,0,HEFT-Tp_static,3.659963776181115e-05,11516.439602889232,0
wfcommons,deterministic,soykb,5.0,soykb_5,0,CPoP-Tp_static,1.7853481834637913e-05,15331.739820958286,0
wfcommons,deterministic,soykb,5.0,soykb_5,0,FastestNode,3.542067329673791e-05,28232.100265923826,0
wfcommons,deterministic,soykb,5.0,soykb_5,0,MaxTP,2.361266952611039e-05,18346.667911572276,0
wfcommons,deterministic,soykb,5.0,soykb_8,0,HEFT_static,2.206757175775975e-05,8339.549571137431,0
wfcommons,deterministic,soykb,5.0,soykb_8,0,CPoP_static,2.2779428910455123e-05,8600.998404919583,0
wfcommons,deterministic,soykb,5.0,soykb_8,0,HEFT-Tp_static,4.413514351276104e-05,11818.46218046954,0
wfcommons,deterministic,soykb,5.0,soykb_8,0,CPoP-Tp_static,2.6154159119036463e-05,11469.032187837403,0
wfcommons,deterministic,soykb,5.0,soykb_8,0,FastestNode,5.108810594476784e-05,19574.027682317424,0
wfcommons,deterministic,soykb,5.0,soykb_8,0,MaxTP,2.9423429010959308e-05,13226.765604912916,0
wfcommons,deterministic,soykb,5.0,soykb_6,0,HEFT_static,6.478943002803453e-06,22508.89746016296,0
wfcommons,deterministic,soykb,5.0,soykb_6,0,CPoP_static,6.47894300292019e-06,23601.226129324703,0
wfcommons,deterministic,soykb,5.0,soykb_6,0,HEFT-Tp_static,8.172303105879179e-06,23444.66176834477,0
wfcommons,deterministic,soykb,5.0,soykb_6,0,CPoP-Tp_static,7.570133403206696e-06,28532.953539634873,0
wfcommons,deterministic,soykb,5.0,soykb_6,0,FastestNode,1.91546384288303e-05,52206.675877259266,0
wfcommons,deterministic,soykb,5.0,soykb_6,0,MaxTP,7.732931971505987e-06,31728.40029574935,0
wfcommons,deterministic,soykb,5.0,soykb_10,0,HEFT_static,7.016864933461217e-06,17831.257543348765,0
wfcommons,deterministic,soykb,5.0,soykb_10,0,CPoP_static,7.846130788989758e-06,17579.847273192194,0
wfcommons,deterministic,soykb,5.0,soykb_10,0,HEFT-Tp_static,1.1356241931706943e-05,21128.517585615755,0
wfcommons,deterministic,soykb,5.0,soykb_10,0,CPoP-Tp_static,9.48433392104773e-06,19576.925437199006,0
wfcommons,deterministic,soykb,5.0,soykb_10,0,FastestNode,3.3734176229081295e-05,29643.528071035613,0
wfcommons,deterministic,soykb,5.0,soykb_10,0,MaxTP,1.0655239343355936e-05,19349.12968643097,0
wfcommons,deterministic,soykb,5.0,soykb_7,0,HEFT_static,6.2792750030435665e-06,21191.021611376193,0
wfcommons,deterministic,soykb,5.0,soykb_7,0,CPoP_static,7.035113660782327e-06,21989.52502305087,0
wfcommons,deterministic,soykb,5.0,soykb_7,0,HEFT-Tp_static,9.15412379955482e-06,22812.184391755625,0
wfcommons,deterministic,soykb,5.0,soykb_7,0,CPoP-Tp_static,8.442136392673018e-06,26367.539559373025,0
wfcommons,deterministic,soykb,5.0,soykb_7,0,FastestNode,2.009881671432499e-05,49754.17280596881,0
wfcommons,deterministic,soykb,5.0,soykb_7,0,MaxTP,7.752982402037413e-06,31266.284893450505,0
wfcommons,deterministic,soykb,5.0,soykb_9,0,HEFT_static,3.9541338245397275e-06,28720.49060206669,0
wfcommons,deterministic,soykb,5.0,soykb_9,0,CPoP_static,4.068415148897393e-06,27647.690503418733,0
wfcommons,deterministic,soykb,5.0,soykb_9,0,HEFT-Tp_static,5.414121698106906e-06,30158.791802448766,0
wfcommons,deterministic,soykb,5.0,soykb_9,0,CPoP-Tp_static,6.0156907757925975e-06,30464.115586379536,0
wfcommons,deterministic,soykb,5.0,soykb_9,0,FastestNode,2.1624682971327593e-05,46243.452508687995,0
wfcommons,deterministic,soykb,5.0,soykb_9,0,MaxTP,5.332089551251031e-06,30182.587260619097,0
wfcommons,deterministic,soykb,5.0,soykb_13,0,HEFT_static,7.602535868337608e-06,18684.851939362183,0
wfcommons,deterministic,soykb,5.0,soykb_13,0,CPoP_static,7.515150398243086e-06,19143.05348420887,0
wfcommons,deterministic,soykb,5.0,soykb_13,0,HEFT-Tp_static,1.1081662451847365e-05,23530.87240372047,0
wfcommons,deterministic,soykb,5.0,soykb_13,0,CPoP-Tp_static,9.614971833143815e-06,23847.03174868835,0
wfcommons,deterministic,soykb,5.0,soykb_13,0,FastestNode,2.1606421119181853e-05,46282.53769950992,0
wfcommons,deterministic,soykb,5.0,soykb_13,0,MaxTP,1.0545452978907086e-05,29279.328840480102,0
wfcommons,deterministic,soykb,5.0,soykb_11,0,HEFT_static,4.041545960932734e-06,28003.84605359024,0
wfcommons,deterministic,soykb,5.0,soykb_11,0,CPoP_static,4.004804633924981e-06,27756.176545597413,0
wfcommons,deterministic,soykb,5.0,soykb_11,0,HEFT-Tp_static,6.5263482923771515e-06,29543.492588466503,0
wfcommons,deterministic,soykb,5.0,soykb_11,0,CPoP-Tp_static,6.248631343819521e-06,29691.663205809324,0
wfcommons,deterministic,soykb,5.0,soykb_11,0,FastestNode,2.273122480800133e-05,43992.350101963064,0
wfcommons,deterministic,soykb,5.0,soykb_11,0,MaxTP,5.7211494769985515e-06,40892.83932403362,0
wfcommons,deterministic,soykb,5.0,soykb_14,0,HEFT_static,1.862195318759443e-05,12000.67917928131,0
wfcommons,deterministic,soykb,5.0,soykb_14,0,CPoP_static,1.559047243547093e-05,12447.81764451685,0
wfcommons,deterministic,soykb,5.0,soykb_14,0,HEFT-Tp_static,2.3116907404337508e-05,15909.96830568074,0
wfcommons,deterministic,soykb,5.0,soykb_14,0,CPoP-Tp_static,1.2414635458511247e-05,17774.609106240867,0
wfcommons,deterministic,soykb,5.0,soykb_14,0,FastestNode,2.3041714790861973e-05,43399.547693239925,0
wfcommons,deterministic,soykb,5.0,soykb_14,0,MaxTP,1.6759757869300536e-05,21440.787253157967,0
wfcommons,deterministic,soykb,5.0,soykb_12,0,HEFT_static,1.862047439920332e-05,11467.697883808698,0
wfcommons,deterministic,soykb,5.0,soykb_12,0,CPoP_static,1.8620474399626517e-05,11917.463492322418,0
wfcommons,deterministic,soykb,5.0,soykb_12,0,HEFT-Tp_static,2.4097084517711396e-05,14309.038449715465,0
wfcommons,deterministic,soykb,5.0,soykb_12,0,CPoP-Tp_static,1.575578603050829e-05,18263.4160070391,0
wfcommons,deterministic,soykb,5.0,soykb_12,0,FastestNode,2.4640911039532508e-05,40582.9150714316,0
wfcommons,deterministic,soykb,5.0,soykb_12,0,MaxTP,2.100771470774839e-05,18158.52877044885,0
wfcommons,deterministic,soykb,5.0,soykb_15,0,HEFT_static,8.621306863888686e-06,20543.33762701697,0
wfcommons,deterministic,soykb,5.0,soykb_15,0,CPoP_static,7.739582298225857e-06,21613.919979774477,0
wfcommons,deterministic,soykb,5.0,soykb_15,0,HEFT-Tp_static,1.0985213584618894e-05,21113.19854656142,0
wfcommons,deterministic,soykb,5.0,soykb_15,0,CPoP-Tp_static,9.20382759814461e-06,25887.509612581427,0
wfcommons,deterministic,soykb,5.0,soykb_15,0,FastestNode,1.5292355725642755e-05,65392.14872717064,0
wfcommons,deterministic,soykb,5.0,soykb_15,0,MaxTP,9.081109896962004e-06,28497.838305825066,0
wfcommons,deterministic,soykb,5.0,soykb_16,0,HEFT_static,4.379671461003864e-06,27934.099853555166,0
wfcommons,deterministic,soykb,5.0,soykb_16,0,CPoP_static,3.787823966300485e-06,27342.15920909232,0
wfcommons,deterministic,soykb,5.0,soykb_16,0,HEFT-Tp_static,6.040926153028056e-06,36864.89853041485,0
wfcommons,deterministic,soykb,5.0,soykb_16,0,CPoP-Tp_static,6.803373143325958e-06,39097.20868159303,0
wfcommons,deterministic,soykb,5.0,soykb_16,0,FastestNode,1.5225677207985895e-05,65678.52361112245,0
wfcommons,deterministic,soykb,5.0,soykb_16,0,MaxTP,5.0413484442026665e-06,33603.42053933122,0
wfcommons,deterministic,soykb,5.0,soykb_18,0,HEFT_static,5.648367428727348e-06,19840.052597859096,0
wfcommons,deterministic,soykb,5.0,soykb_18,0,CPoP_static,5.442222631983531e-06,20009.692840996857,0
wfcommons,deterministic,soykb,5.0,soykb_18,0,HEFT-Tp_static,7.686438150607802e-06,26169.64875806592,0
wfcommons,deterministic,soykb,5.0,soykb_18,0,CPoP-Tp_static,8.017037640525499e-06,36798.954531651914,0
wfcommons,deterministic,soykb,5.0,soykb_18,0,FastestNode,2.241143045152696e-05,44620.08804671866,0
wfcommons,deterministic,soykb,5.0,soykb_18,0,MaxTP,8.284272228712265e-06,26906.715427084106,0
wfcommons,deterministic,soykb,5.0,soykb_17,0,HEFT_static,5.464552513335619e-06,19383.699018617703,0
wfcommons,deterministic,soykb,5.0,soykb_17,0,CPoP_static,6.233005210554123e-06,20037.99322830181,0
wfcommons,deterministic,soykb,5.0,soykb_17,0,HEFT-Tp_static,9.38617255240008e-06,24582.035789391335,0
wfcommons,deterministic,soykb,5.0,soykb_17,0,CPoP-Tp_static,7.319492357260871e-06,25129.003880793105,0
wfcommons,deterministic,soykb,5.0,soykb_17,0,FastestNode,1.7797107567039185e-05,56188.90576646666,0
wfcommons,deterministic,soykb,5.0,soykb_17,0,MaxTP,8.224996566463332e-06,26106.58770162615,0
wfcommons,deterministic,soykb,5.0,soykb_19,0,HEFT_static,6.3091426638942395e-06,23251.20020464672,0
wfcommons,deterministic,soykb,5.0,soykb_19,0,CPoP_static,6.927686062346782e-06,24656.54343060108,0
wfcommons,deterministic,soykb,5.0,soykb_19,0,HEFT-Tp_static,8.412190218575739e-06,25586.0280958324,0
wfcommons,deterministic,soykb,5.0,soykb_19,0,CPoP-Tp_static,8.029817935474346e-06,27251.37496406834,0
wfcommons,deterministic,soykb,5.0,soykb_19,0,FastestNode,1.7295363848808073e-05,57818.96285859002,0
wfcommons,deterministic,soykb,5.0,soykb_19,0,MaxTP,7.765098663670449e-06,27362.446209572732,0
wfcommons,deterministic,soykb,5.0,soykb_20,0,HEFT_static,6.2432786783415575e-06,19690.287122443307,0
wfcommons,deterministic,soykb,5.0,soykb_20,0,CPoP_static,6.9903376654082525e-06,20260.02404778395,0
wfcommons,deterministic,soykb,5.0,soykb_20,0,HEFT-Tp_static,9.510110544763685e-06,21529.1636576692,0
wfcommons,deterministic,soykb,5.0,soykb_20,0,CPoP-Tp_static,9.400798929419711e-06,24369.79179309424,0
wfcommons,deterministic,soykb,5.0,soykb_20,0,FastestNode,2.283570780179084e-05,43791.06654717411,0
wfcommons,deterministic,soykb,5.0,soykb_20,0,MaxTP,8.431644400556605e-06,22632.506465543873,0
wfcommons,deterministic,soykb,5.0,soykb_23,0,HEFT_static,1.1397678936488436e-05,13946.813839820916,0
wfcommons,deterministic,soykb,5.0,soykb_23,0,CPoP_static,1.3379883968501064e-05,13842.465148682662,0
wfcommons,deterministic,soykb,5.0,soykb_23,0,HEFT-Tp_static,1.6196701647062417e-05,15760.00685723239,0
wfcommons,deterministic,soykb,5.0,soykb_23,0,CPoP-Tp_static,1.7096518405207556e-05,17588.105083739334,0
wfcommons,deterministic,soykb,5.0,soykb_23,0,FastestNode,3.33104901674264e-05,30020.57294785507,0
wfcommons,deterministic,soykb,5.0,soykb_23,0,MaxTP,1.7096518404257747e-05,20262.383707863824,0
wfcommons,deterministic,soykb,5.0,soykb_21,0,HEFT_static,9.945080635691613e-06,18893.512247918206,0
wfcommons,deterministic,soykb,5.0,soykb_21,0,CPoP_static,8.6011508199777e-06,19206.115491777942,0
wfcommons,deterministic,soykb,5.0,soykb_21,0,HEFT-Tp_static,1.17867622352621e-05,24263.087895285385,0
wfcommons,deterministic,soykb,5.0,soykb_21,0,CPoP-Tp_static,1.0102939057994263e-05,22329.16896141934,0
wfcommons,deterministic,soykb,5.0,soykb_21,0,FastestNode,1.7610462424542505e-05,56784.42597886601,0
wfcommons,deterministic,soykb,5.0,soykb_21,0,MaxTP,8.964579727848727e-06,26017.374983573485,0
wfcommons,deterministic,soykb,5.0,soykb_22,0,HEFT_static,1.5499917871304514e-05,12946.729673758333,0
wfcommons,deterministic,soykb,5.0,soykb_22,0,CPoP_static,1.549991787169201e-05,13805.894065631308,0
wfcommons,deterministic,soykb,5.0,soykb_22,0,HEFT-Tp_static,1.937489734058376e-05,19696.3671934864,0
wfcommons,deterministic,soykb,5.0,soykb_22,0,CPoP-Tp_static,1.7222130969407786e-05,16192.02252275485,0
wfcommons,deterministic,soykb,5.0,soykb_22,0,FastestNode,2.7553654802275012e-05,36292.826021666675,0
wfcommons,deterministic,soykb,5.0,soykb_22,0,MaxTP,1.5897351664068725e-05,22785.64871354422,0
wfcommons,deterministic,soykb,5.0,soykb_25,0,HEFT_static,4.1638977832054065e-06,26017.660430020387,0
wfcommons,deterministic,soykb,5.0,soykb_25,0,CPoP_static,4.298217066507893e-06,25535.85542749822,0
wfcommons,deterministic,soykb,5.0,soykb_25,0,HEFT-Tp_static,6.44732559970985e-06,30406.295421035036,0
wfcommons,deterministic,soykb,5.0,soykb_25,0,CPoP-Tp_static,6.056578593635746e-06,29530.39314247757,0
wfcommons,deterministic,soykb,5.0,soykb_25,0,FastestNode,2.079192575133904e-05,48095.59306624682,0
wfcommons,deterministic,soykb,5.0,soykb_25,0,MaxTP,6.2458466747755824e-06,31700.40213566427,0
wfcommons,deterministic,soykb,5.0,soykb_24,0,HEFT_static,2.4743505379424563e-06,44845.04921412042,0
wfcommons,deterministic,soykb,5.0,soykb_24,0,CPoP_static,2.4743505379232757e-06,44713.95861542692,0
wfcommons,deterministic,soykb,5.0,soykb_24,0,HEFT-Tp_static,5.107059510269837e-06,49088.05300036157,0
wfcommons,deterministic,soykb,5.0,soykb_24,0,CPoP-Tp_static,5.456260160582378e-06,50941.70965788982,0
wfcommons,deterministic,soykb,5.0,soykb_24,0,FastestNode,1.5657216761511124e-05,63868.31166943098,0
wfcommons,deterministic,soykb,5.0,soykb_24,0,MaxTP,3.3599075725558494e-06,54517.07588508083,0
wfcommons,deterministic,soykb,5.0,soykb_27,0,HEFT_static,4.14091702257246e-06,26946.990673359745,0
wfcommons,deterministic,soykb,5.0,soykb_27,0,CPoP_static,4.529127993344002e-06,27115.406220488923,0
wfcommons,deterministic,soykb,5.0,soykb_27,0,HEFT-Tp_static,6.528472783248922e-06,27102.480152040396,0
wfcommons,deterministic,soykb,5.0,soykb_27,0,CPoP-Tp_static,5.705988023045687e-06,30882.86769032739,0
wfcommons,deterministic,soykb,5.0,soykb_27,0,FastestNode,2.2307490185782632e-05,44827.99237707972,0
wfcommons,deterministic,soykb,5.0,soykb_27,0,MaxTP,6.709819249381436e-06,38553.80089433004,0
wfcommons,deterministic,srasearch,0.2,srasearch_0,0,HEFT_static,4.064371427540222e-05,24889.234919484417,0
wfcommons,deterministic,srasearch,0.2,srasearch_0,0,CPoP_static,4.060994938864541e-05,24860.826390684862,0
wfcommons,deterministic,srasearch,0.2,srasearch_0,0,HEFT-Tp_static,4.064437659122884e-05,24898.975447983576,0
wfcommons,deterministic,srasearch,0.2,srasearch_0,0,CPoP-Tp_static,4.0610475618651016e-05,24919.59602755299,0
wfcommons,deterministic,srasearch,0.2,srasearch_0,0,FastestNode,2.263719856147264e-05,44175.077463073176,0
wfcommons,deterministic,srasearch,0.2,srasearch_0,0,MaxTP,4.0645200683594594e-05,24898.558450551816,0
wfcommons,deterministic,srasearch,0.2,srasearch_1,0,HEFT_static,0.0001783414534451,5800.994294271977,0
wfcommons,deterministic,srasearch,0.2,srasearch_1,0,CPoP_static,0.0001783414534451,5815.131280015848,0
wfcommons,deterministic,srasearch,0.2,srasearch_1,0,HEFT-Tp_static,0.0001789275774264,5869.17871828075,0
wfcommons,deterministic,srasearch,0.2,srasearch_1,0,CPoP-Tp_static,0.0001787126339271,5934.111380746129,0
wfcommons,deterministic,srasearch,0.2,srasearch_1,0,FastestNode,6.270101602968306e-05,15948.70487468108,0
wfcommons,deterministic,srasearch,0.2,srasearch_1,0,MaxTP,0.0001789275774264,6050.997490153456,0
wfcommons,deterministic,srasearch,0.2,srasearch_2,0,HEFT_static,4.281046846558549e-05,23677.25364074208,0
wfcommons,deterministic,srasearch,0.2,srasearch_2,0,CPoP_static,4.278389976343512e-05,23689.218277241493,0
wfcommons,deterministic,srasearch,0.2,srasearch_2,0,HEFT-Tp_static,4.295274947471833e-05,23795.59296135874,0
wfcommons,deterministic,srasearch,0.2,srasearch_2,0,CPoP-Tp_static,4.296054539520954e-05,23720.0263914073,0
wfcommons,deterministic,srasearch,0.2,srasearch_2,0,FastestNode,1.8313333261349427e-05,54605.02387681295,0
wfcommons,deterministic,srasearch,0.2,srasearch_2,0,MaxTP,4.295033613103817e-05,23946.227063478495,0
wfcommons,deterministic,soykb,5.0,soykb_29,0,HEFT_static,9.844265352900246e-06,15779.224397977996,0
wfcommons,deterministic,soykb,5.0,soykb_29,0,CPoP_static,9.38991464432582e-06,17148.882886285766,0
wfcommons,deterministic,soykb,5.0,soykb_29,0,HEFT-Tp_static,1.2986052167731392e-05,19702.166450268047,0
wfcommons,deterministic,soykb,5.0,soykb_29,0,CPoP-Tp_static,1.326835764933788e-05,24048.30151373599,0
wfcommons,deterministic,soykb,5.0,soykb_29,0,FastestNode,2.579248992400407e-05,38770.9756966645,0
wfcommons,deterministic,soykb,5.0,soykb_29,0,MaxTP,1.151593305424151e-05,25803.014071193247,0
wfcommons,deterministic,srasearch,0.2,srasearch_3,0,HEFT_static,0.0003324904353021,3007.605313899775,0
wfcommons,deterministic,srasearch,0.2,srasearch_3,0,CPoP_static,0.0003341323233817,3008.629207225565,0
wfcommons,deterministic,srasearch,0.2,srasearch_3,0,HEFT-Tp_static,0.0003337568730599,3246.9249446558474,0
wfcommons,deterministic,srasearch,0.2,srasearch_3,0,CPoP-Tp_static,0.0003354113238014,3161.9044413125507,0
wfcommons,deterministic,srasearch,0.2,srasearch_3,0,FastestNode,0.000133940700269,7465.990531565644,0
wfcommons,deterministic,srasearch,0.2,srasearch_3,0,MaxTP,0.0003354113238014,3247.259991005831,0
wfcommons,deterministic,srasearch,0.2,srasearch_5,0,HEFT_static,0.0002050765825751,5035.504033999837,0
wfcommons,deterministic,srasearch,0.2,srasearch_5,0,CPoP_static,0.000204798145016,5032.071485536831,0
wfcommons,deterministic,srasearch,0.2,srasearch_5,0,HEFT-Tp_static,0.0002061972501205,5488.605023087406,0
wfcommons,deterministic,srasearch,0.2,srasearch_5,0,CPoP-Tp_static,0.0002053043667033,5481.90520204053,0
wfcommons,deterministic,srasearch,0.2,srasearch_5,0,FastestNode,4.739744990609727e-05,21098.181484050816,0
wfcommons,deterministic,srasearch,0.2,srasearch_5,0,MaxTP,0.000206107204996,5471.944139125414,0
wfcommons,deterministic,srasearch,0.2,srasearch_6,0,HEFT_static,0.0001874946635863,5506.8159108026875,0
wfcommons,deterministic,srasearch,0.2,srasearch_6,0,CPoP_static,0.0001875320464426,5507.93650175867,0
wfcommons,deterministic,srasearch,0.2,srasearch_6,0,HEFT-Tp_static,0.0001877985338557,5640.819573505342,0
wfcommons,deterministic,srasearch,0.2,srasearch_6,0,CPoP-Tp_static,0.0001878537664933,5639.253963174497,0
wfcommons,deterministic,srasearch,0.2,srasearch_6,0,FastestNode,7.084472543732137e-05,14115.376886946982,0
wfcommons,deterministic,srasearch,0.2,srasearch_6,0,MaxTP,0.0001877985338557,5640.819573505342,0
wfcommons,deterministic,soykb,5.0,soykb_26,0,HEFT_static,7.315398709624829e-06,19379.684735182487,0
wfcommons,deterministic,soykb,5.0,soykb_26,0,CPoP_static,7.387828399670688e-06,20077.801793744213,0
wfcommons,deterministic,soykb,5.0,soykb_26,0,HEFT-Tp_static,9.566290620437335e-06,23994.22469778527,0
wfcommons,deterministic,soykb,5.0,soykb_26,0,CPoP-Tp_static,5.921989431587227e-06,32407.968984053343,0
wfcommons,deterministic,soykb,5.0,soykb_26,0,FastestNode,1.4956068471702213e-05,66862.49142895345,0
wfcommons,deterministic,soykb,5.0,soykb_26,0,MaxTP,6.908987670276488e-06,29026.105514331903,0
wfcommons,deterministic,srasearch,0.2,srasearch_4,0,HEFT_static,5.695671309237862e-05,17974.374410541717,0
wfcommons,deterministic,srasearch,0.2,srasearch_4,0,CPoP_static,5.6947073747826173e-05,17865.83214823391,0
wfcommons,deterministic,srasearch,0.2,srasearch_4,0,HEFT-Tp_static,5.696976220215214e-05,18374.127217258792,0
wfcommons,deterministic,srasearch,0.2,srasearch_4,0,CPoP-Tp_static,5.694391711661136e-05,18374.872060235397,0
wfcommons,deterministic,srasearch,0.2,srasearch_4,0,FastestNode,1.8737969688851385e-05,53367.57485497447,0
wfcommons,deterministic,srasearch,0.2,srasearch_4,0,MaxTP,5.696836402222829e-05,18363.7515723971,0
wfcommons,deterministic,soykb,5.0,soykb_28,0,HEFT_static,3.959792596296268e-06,27640.4094833155,0
wfcommons,deterministic,soykb,5.0,soykb_28,0,CPoP_static,3.7697225516198137e-06,27752.573813628303,0
wfcommons,deterministic,soykb,5.0,soykb_28,0,HEFT-Tp_static,5.92723671640691e-06,29594.371503608567,0
wfcommons,deterministic,soykb,5.0,soykb_28,0,CPoP-Tp_static,6.241262502692056e-06,29695.92558697942,0
wfcommons,deterministic,soykb,5.0,soykb_28,0,FastestNode,2.167168259310273e-05,46143.16381314596,0
wfcommons,deterministic,soykb,5.0,soykb_28,0,MaxTP,6.8292075210317725e-06,33565.34919146204,0
wfcommons,deterministic,srasearch,0.2,srasearch_9,0,HEFT_static,7.446998496421923e-05,13734.932947996776,0
wfcommons,deterministic,srasearch,0.2,srasearch_9,0,CPoP_static,7.425978741480104e-05,13715.12397129423,0
wfcommons,deterministic,srasearch,0.2,srasearch_9,0,HEFT-Tp_static,7.573406780161028e-05,13793.189297733375,0
wfcommons,deterministic,srasearch,0.2,srasearch_9,0,CPoP-Tp_static,7.550515785314511e-05,13911.275478120717,0
wfcommons,deterministic,srasearch,0.2,srasearch_9,0,FastestNode,2.9446697585717675e-05,33959.66549692324,0
wfcommons,deterministic,srasearch,0.2,srasearch_9,0,MaxTP,7.573406780161028e-05,13793.189297733375,0
wfcommons,deterministic,srasearch,0.2,srasearch_7,0,HEFT_static,3.692136478087109e-05,27551.480360872432,0
wfcommons,deterministic,srasearch,0.2,srasearch_7,0,CPoP_static,3.695615795410901e-05,27544.13211624982,0
wfcommons,deterministic,srasearch,0.2,srasearch_7,0,HEFT-Tp_static,3.696491041465347e-05,27747.086772895334,0
wfcommons,deterministic,srasearch,0.2,srasearch_7,0,CPoP-Tp_static,3.696317689575396e-05,28064.620052295944,0
wfcommons,deterministic,srasearch,0.2,srasearch_7,0,FastestNode,1.3580819341789037e-05,73633.25988167376,0
wfcommons,deterministic,srasearch,0.2,srasearch_7,0,MaxTP,3.696663046905139e-05,27885.102002648073,0
wfcommons,deterministic,srasearch,0.2,srasearch_10,0,HEFT_static,3.063849389365013e-05,32638.680069300422,0
wfcommons,deterministic,srasearch,0.2,srasearch_10,0,CPoP_static,3.063849389365013e-05,32638.680069300422,0
wfcommons,deterministic,srasearch,0.2,srasearch_10,0,HEFT-Tp_static,3.0648976013967314e-05,34798.968049009156,0
wfcommons,deterministic,srasearch,0.2,srasearch_10,0,CPoP-Tp_static,3.0648976013967314e-05,34967.80185986151,0
wfcommons,deterministic,srasearch,0.2,srasearch_10,0,FastestNode,1.472736237890642e-05,67900.82122459933,0
wfcommons,deterministic,srasearch,0.2,srasearch_10,0,MaxTP,3.0648976013967314e-05,34649.32536167692,0
wfcommons,deterministic,srasearch,0.2,srasearch_11,0,HEFT_static,1.9054749688337e-05,53025.3946605548,0
wfcommons,deterministic,srasearch,0.2,srasearch_11,0,CPoP_static,1.904343409678186e-05,52815.936471977235,0
wfcommons,deterministic,srasearch,0.2,srasearch_11,0,HEFT-Tp_static,1.907724172483002e-05,52722.666904737074,0
wfcommons,deterministic,srasearch,0.2,srasearch_11,0,CPoP-Tp_static,1.907833821667822e-05,52998.41767337745,0
wfcommons,deterministic,srasearch,0.2,srasearch_11,0,FastestNode,1.1753261236133871e-05,85082.76808530741,0
wfcommons,deterministic,srasearch,0.2,srasearch_11,0,MaxTP,1.907775059852804e-05,52721.26871131506,0
wfcommons,deterministic,srasearch,0.2,srasearch_8,0,HEFT_static,5.336093294969826e-05,19172.27904274633,0
wfcommons,deterministic,srasearch,0.2,srasearch_8,0,CPoP_static,5.332441180934236e-05,19121.72886544451,0
wfcommons,deterministic,srasearch,0.2,srasearch_8,0,HEFT-Tp_static,5.353168513554143e-05,19348.330185962608,0
wfcommons,deterministic,srasearch,0.2,srasearch_8,0,CPoP-Tp_static,5.3488080265985414e-05,19363.632571991184,0
wfcommons,deterministic,srasearch,0.2,srasearch_8,0,FastestNode,1.5072907576070536e-05,66344.20034443762,0
wfcommons,deterministic,srasearch,0.2,srasearch_8,0,MaxTP,5.353114189427587e-05,19431.034662060483,0
wfcommons,deterministic,srasearch,0.2,srasearch_12,0,HEFT_static,2.4295081374979943e-05,41561.62636361095,0
wfcommons,deterministic,srasearch,0.2,srasearch_12,0,CPoP_static,2.42826867672627e-05,41387.1162978792,0
wfcommons,deterministic,srasearch,0.2,srasearch_12,0,HEFT-Tp_static,2.4317253646408227e-05,41340.1059070985,0
wfcommons,deterministic,srasearch,0.2,srasearch_12,0,CPoP-Tp_static,2.4317684106267113e-05,41503.997998146464,0
wfcommons,deterministic,srasearch,0.2,srasearch_12,0,FastestNode,1.3131715146670568e-05,76151.51477402817,0
wfcommons,deterministic,srasearch,0.2,srasearch_12,0,MaxTP,2.43172236584901e-05,41388.29053722829,0
wfcommons,deterministic,srasearch,0.2,srasearch_14,0,HEFT_static,5.092891324963905e-05,20014.474494887774,0
wfcommons,deterministic,srasearch,0.2,srasearch_14,0,CPoP_static,5.093479143827276e-05,19828.579705108,0
wfcommons,deterministic,srasearch,0.2,srasearch_14,0,HEFT-Tp_static,5.1018800546997486e-05,19900.443093883805,0
wfcommons,deterministic,srasearch,0.2,srasearch_14,0,CPoP-Tp_static,5.099895540806064e-05,19889.698307241648,0
wfcommons,deterministic,srasearch,0.2,srasearch_14,0,FastestNode,1.8150298981161945e-05,55095.51115592699,0
wfcommons,deterministic,srasearch,0.2,srasearch_14,0,MaxTP,5.1016086516226536e-05,20232.91849890794,0
wfcommons,deterministic,srasearch,0.2,srasearch_13,0,HEFT_static,4.8211094740213595e-05,21206.603398540377,0
wfcommons,deterministic,srasearch,0.2,srasearch_13,0,CPoP_static,4.827136311397771e-05,21027.000151294968,0
wfcommons,deterministic,srasearch,0.2,srasearch_13,0,HEFT-Tp_static,4.826265680000024e-05,21364.651069709435,0
wfcommons,deterministic,srasearch,0.2,srasearch_13,0,CPoP-Tp_static,4.820634272295943e-05,21218.538513165757,0
wfcommons,deterministic,srasearch,0.2,srasearch_13,0,FastestNode,1.3291025836516617e-05,75238.73719758705,0
wfcommons,deterministic,srasearch,0.2,srasearch_13,0,MaxTP,4.826553122103006e-05,21277.90730550158,0
wfcommons,deterministic,srasearch,0.2,srasearch_15,0,HEFT_static,8.342549502674461e-05,12172.485067708929,0
wfcommons,deterministic,srasearch,0.2,srasearch_15,0,CPoP_static,8.35836379753107e-05,12113.762803023566,0
wfcommons,deterministic,srasearch,0.2,srasearch_15,0,HEFT-Tp_static,8.37353770572777e-05,12128.342784605631,0
wfcommons,deterministic,srasearch,0.2,srasearch_15,0,CPoP-Tp_static,8.35870869360634e-05,12324.68362783794,0
wfcommons,deterministic,srasearch,0.2,srasearch_15,0,FastestNode,2.3623085761394443e-05,42331.472276761306,0
wfcommons,deterministic,srasearch,0.2,srasearch_15,0,MaxTP,8.374149855452465e-05,12259.80103515746,0
wfcommons,deterministic,srasearch,0.2,srasearch_16,0,HEFT_static,7.487650209511503e-05,13573.369912982318,0
wfcommons,deterministic,srasearch,0.2,srasearch_16,0,CPoP_static,7.527509097729944e-05,13502.65217773214,0
wfcommons,deterministic,srasearch,0.2,srasearch_16,0,HEFT-Tp_static,7.574028564557347e-05,13428.023450580822,0
wfcommons,deterministic,srasearch,0.2,srasearch_16,0,CPoP-Tp_static,7.570520767832115e-05,13430.274289290208,0
wfcommons,deterministic,srasearch,0.2,srasearch_16,0,FastestNode,2.863383419003228e-05,34923.71972832539,0
wfcommons,deterministic,srasearch,0.2,srasearch_16,0,MaxTP,7.574564591252111e-05,13420.081746934711,0
wfcommons,deterministic,srasearch,0.2,srasearch_17,0,HEFT_static,6.157018483141658e-05,16449.606326928304,0
wfcommons,deterministic,srasearch,0.2,srasearch_17,0,CPoP_static,6.149248579682632e-05,16435.776926295915,0
wfcommons,deterministic,srasearch,0.2,srasearch_17,0,HEFT-Tp_static,6.157071395232401e-05,16455.691826637634,0
wfcommons,deterministic,srasearch,0.2,srasearch_17,0,CPoP-Tp_static,6.14931885053255e-05,16476.121471925144,0
wfcommons,deterministic,srasearch,0.2,srasearch_17,0,FastestNode,3.516707340480368e-05,28435.6900697753,0
wfcommons,deterministic,srasearch,0.2,srasearch_17,0,MaxTP,6.156897102673957e-05,16456.105340540475,0
wfcommons,deterministic,srasearch,0.2,srasearch_19,0,HEFT_static,0.0003167409790711,3157.1538451806373,0
wfcommons,deterministic,srasearch,0.2,srasearch_19,0,CPoP_static,0.0003167409790711,3157.1538451806373,0
wfcommons,deterministic,srasearch,0.2,srasearch_19,0,HEFT-Tp_static,0.0003178966405554,3594.2858554115087,0
wfcommons,deterministic,srasearch,0.2,srasearch_19,0,CPoP-Tp_static,0.0003178966405554,3646.0527543052976,0
wfcommons,deterministic,srasearch,0.2,srasearch_19,0,FastestNode,6.402887877198986e-05,15617.952698517736,0
wfcommons,deterministic,srasearch,0.2,srasearch_19,0,MaxTP,0.0003178966405554,3571.589294021197,0
wfcommons,deterministic,srasearch,0.2,srasearch_20,0,HEFT_static,2.8449327931383923e-05,35552.71292888859,0
wfcommons,deterministic,srasearch,0.2,srasearch_20,0,CPoP_static,2.844808973185177e-05,35472.174777949986,0
wfcommons,deterministic,srasearch,0.2,srasearch_20,0,HEFT-Tp_static,2.844955877907411e-05,35384.56908470211,0
wfcommons,deterministic,srasearch,0.2,srasearch_20,0,CPoP-Tp_static,2.8448050818756253e-05,35608.850893732866,0
wfcommons,deterministic,srasearch,0.2,srasearch_20,0,FastestNode,1.5270328100630338e-05,65486.477658507974,0
wfcommons,deterministic,srasearch,0.2,srasearch_20,0,MaxTP,2.844829453057699e-05,35386.08597470224,0
wfcommons,deterministic,srasearch,0.2,srasearch_22,0,HEFT_static,4.9012323619940075e-05,20603.36376006184,0
wfcommons,deterministic,srasearch,0.2,srasearch_22,0,CPoP_static,4.912311139457869e-05,20571.819443880657,0
wfcommons,deterministic,srasearch,0.2,srasearch_22,0,HEFT-Tp_static,4.919373047647612e-05,20542.596333191224,0
wfcommons,deterministic,srasearch,0.2,srasearch_22,0,CPoP-Tp_static,4.916980961467102e-05,20642.04400556037,0
wfcommons,deterministic,srasearch,0.2,srasearch_22,0,FastestNode,2.937921800243091e-05,34037.6656695657,0
wfcommons,deterministic,srasearch,0.2,srasearch_22,0,MaxTP,4.919481904904715e-05,20542.87057439992,0
wfcommons,deterministic,srasearch,0.2,srasearch_18,0,HEFT_static,0.0001451070010086,7054.301539048606,0
wfcommons,deterministic,srasearch,0.2,srasearch_18,0,CPoP_static,0.0001448702296628,7059.093317506567,0
wfcommons,deterministic,srasearch,0.2,srasearch_18,0,HEFT-Tp_static,0.0001451520565104,7565.979144075323,0
wfcommons,deterministic,srasearch,0.2,srasearch_18,0,CPoP-Tp_static,0.0001450035593724,7529.488469289908,0
wfcommons,deterministic,srasearch,0.2,srasearch_18,0,FastestNode,3.256470335055512e-05,30708.094873002607,0
wfcommons,deterministic,srasearch,0.2,srasearch_18,0,MaxTP,0.0001451520565104,7559.26156998891,0
wfcommons,deterministic,srasearch,0.2,srasearch_23,0,HEFT_static,4.5760519496449394e-05,22099.476587881323,0
wfcommons,deterministic,srasearch,0.2,srasearch_23,0,CPoP_static,4.575959906054388e-05,22098.734079342023,0
wfcommons,deterministic,srasearch,0.2,srasearch_23,0,HEFT-Tp_static,4.5761013759883e-05,22103.836585967336,0
wfcommons,deterministic,srasearch,0.2,srasearch_23,0,CPoP-Tp_static,4.576009330409417e-05,22104.276148224784,0
wfcommons,deterministic,srasearch,0.2,srasearch_23,0,FastestNode,2.8746281557536433e-05,34787.1079603288,0
wfcommons,deterministic,srasearch,0.2,srasearch_23,0,MaxTP,4.575598795254187e-05,22179.473004681644,0
wfcommons,deterministic,srasearch,0.2,srasearch_21,0,HEFT_static,2.958198323792261e-05,34092.835827678355,0
wfcommons,deterministic,srasearch,0.2,srasearch_21,0,CPoP_static,2.9508881412437607e-05,34415.1977167662,0
wfcommons,deterministic,srasearch,0.2,srasearch_21,0,HEFT-Tp_static,2.9584652756474304e-05,34611.4183375326,0
wfcommons,deterministic,srasearch,0.2,srasearch_21,0,CPoP-Tp_static,2.9585370080691185e-05,34816.02191739381,0
wfcommons,deterministic,srasearch,0.2,srasearch_21,0,FastestNode,1.138194694790848e-05,87858.43095005545,0
wfcommons,deterministic,srasearch,0.2,srasearch_21,0,MaxTP,2.9583432412779724e-05,34511.45020977391,0
wfcommons,deterministic,srasearch,0.2,srasearch_25,0,HEFT_static,0.0001355186211997,7591.358141732396,0
wfcommons,deterministic,srasearch,0.2,srasearch_25,0,CPoP_static,0.0001351129082142,7573.779744350073,0
wfcommons,deterministic,srasearch,0.2,srasearch_25,0,HEFT-Tp_static,0.0001360583092185,7990.742989858668,0
wfcommons,deterministic,srasearch,0.2,srasearch_25,0,CPoP-Tp_static,0.0001356610486394,8042.218336445528,0
wfcommons,deterministic,srasearch,0.2,srasearch_25,0,FastestNode,4.5505270155175065e-05,21975.47661161003,0
wfcommons,deterministic,srasearch,0.2,srasearch_25,0,MaxTP,0.0001360610988129,8039.164407717607,0
wfcommons,deterministic,srasearch,0.2,srasearch_28,0,HEFT_static,0.0001520268936142,6577.783550178705,0
wfcommons,deterministic,srasearch,0.2,srasearch_28,0,CPoP_static,0.0001520268936142,6577.783550178705,0
wfcommons,deterministic,srasearch,0.2,srasearch_28,0,HEFT-Tp_static,0.0001523062614364,6826.715963767437,0
wfcommons,deterministic,srasearch,0.2,srasearch_28,0,CPoP-Tp_static,0.0001523062614364,6826.715963767437,0
wfcommons,deterministic,srasearch,0.2,srasearch_28,0,FastestNode,5.453794687208174e-05,18335.85709314554,0
wfcommons,deterministic,srasearch,0.2,srasearch_28,0,MaxTP,0.0001523062614364,6826.715963767437,0
wfcommons,deterministic,srasearch,0.2,srasearch_26,0,HEFT_static,3.225028131208728e-05,31205.91129259765,0
wfcommons,deterministic,srasearch,0.2,srasearch_26,0,CPoP_static,3.2207070599829936e-05,31245.93748322524,0
wfcommons,deterministic,srasearch,0.2,srasearch_26,0,HEFT-Tp_static,3.2278358060913125e-05,31237.50970528785,0
wfcommons,deterministic,srasearch,0.2,srasearch_26,0,CPoP-Tp_static,3.227788186205702e-05,31484.50921776342,0
wfcommons,deterministic,srasearch,0.2,srasearch_26,0,FastestNode,1.6480881763510154e-05,60676.365157481305,0
wfcommons,deterministic,srasearch,0.2,srasearch_26,0,MaxTP,3.22789580421079e-05,31181.68641546125,0
wfcommons,deterministic,srasearch,0.2,srasearch_24,0,HEFT_static,7.984130566358428e-05,12715.634797699884,0
wfcommons,deterministic,srasearch,0.2,srasearch_24,0,CPoP_static,8.026488021062315e-05,12620.657480001306,0
wfcommons,deterministic,srasearch,0.2,srasearch_24,0,HEFT-Tp_static,8.04144034308008e-05,12791.93489840494,0
wfcommons,deterministic,srasearch,0.2,srasearch_24,0,CPoP-Tp_static,8.025235633778907e-05,12712.284709967931,0
wfcommons,deterministic,srasearch,0.2,srasearch_24,0,FastestNode,2.375054281008249e-05,42104.30085730535,0
wfcommons,deterministic,srasearch,0.2,srasearch_24,0,MaxTP,8.042000641308138e-05,12772.303495380482,0
wfcommons,deterministic,srasearch,0.2,srasearch_27,0,HEFT_static,2.34750589403818e-05,42857.93593030095,0
wfcommons,deterministic,srasearch,0.2,srasearch_27,0,CPoP_static,2.3463911692869967e-05,42883.91655910737,0
wfcommons,deterministic,srasearch,0.2,srasearch_27,0,HEFT-Tp_static,2.3479871905913964e-05,42866.45058162865,0
wfcommons,deterministic,srasearch,0.2,srasearch_27,0,CPoP-Tp_static,2.3478549888861975e-05,42865.90265508571,0
wfcommons,deterministic,srasearch,0.2,srasearch_27,0,FastestNode,1.2345948537523916e-05,80998.23168391165,0
wfcommons,deterministic,srasearch,0.2,srasearch_27,0,MaxTP,2.347974520339906e-05,42854.10007353324,0
wfcommons,deterministic,srasearch,0.5,srasearch_0,0,HEFT_static,4.045486822988747e-05,25452.581411753898,0
wfcommons,deterministic,srasearch,0.5,srasearch_0,0,CPoP_static,4.0461943137493096e-05,25452.41769987059,0
wfcommons,deterministic,srasearch,0.5,srasearch_0,0,HEFT-Tp_static,4.064371427540223e-05,25543.988004709587,0
wfcommons,deterministic,srasearch,0.5,srasearch_0,0,CPoP-Tp_static,4.0610475618651016e-05,25574.349112778164,0
wfcommons,deterministic,srasearch,0.5,srasearch_0,0,FastestNode,2.263719856147264e-05,44175.077463073176,0
wfcommons,deterministic,srasearch,0.5,srasearch_0,0,MaxTP,4.0645200683594594e-05,25547.773310080025,0
wfcommons,deterministic,srasearch,0.5,srasearch_1,0,HEFT_static,0.0001592278715302,6216.617920226008,0
wfcommons,deterministic,srasearch,0.5,srasearch_1,0,CPoP_static,0.0001469795737239,6216.617920226008,0
wfcommons,deterministic,srasearch,0.5,srasearch_1,0,HEFT-Tp_static,0.0001789275774264,6497.209471035579,0
wfcommons,deterministic,srasearch,0.5,srasearch_1,0,CPoP-Tp_static,0.0001787126339271,6562.142133500956,0
wfcommons,deterministic,srasearch,0.5,srasearch_1,0,FastestNode,6.270101602968306e-05,15948.70487468108,0
wfcommons,deterministic,srasearch,0.5,srasearch_1,0,MaxTP,0.0001789275774264,6679.028242594269,0
wfcommons,deterministic,srasearch,0.5,srasearch_3,0,HEFT_static,0.0003324904353021,3209.35947173092,0
wfcommons,deterministic,srasearch,0.5,srasearch_3,0,CPoP_static,0.0003341323233817,3195.373715617305,0
wfcommons,deterministic,srasearch,0.5,srasearch_3,0,HEFT-Tp_static,0.0003337537295149,3560.2639739079855,0
wfcommons,deterministic,srasearch,0.5,srasearch_3,0,CPoP-Tp_static,0.0003354081490139,3579.6787735457824,0
wfcommons,deterministic,srasearch,0.5,srasearch_3,0,FastestNode,0.000133940700269,7465.990531565644,0
wfcommons,deterministic,srasearch,0.5,srasearch_3,0,MaxTP,0.0003354081490139,3593.6717657454933,0
wfcommons,deterministic,srasearch,0.2,srasearch_29,0,HEFT_static,2.245209706902869e-05,44775.784643604646,0
wfcommons,deterministic,srasearch,0.2,srasearch_29,0,CPoP_static,2.2453943140194103e-05,44779.5853831857,0
wfcommons,deterministic,srasearch,0.2,srasearch_29,0,HEFT-Tp_static,2.2452752563002863e-05,44787.91753909838,0
wfcommons,deterministic,srasearch,0.2,srasearch_29,0,CPoP-Tp_static,2.245392913983094e-05,45028.75989188772,0
wfcommons,deterministic,srasearch,0.2,srasearch_29,0,FastestNode,1.14899063449837e-05,87032.91132016883,0
wfcommons,deterministic,srasearch,0.2,srasearch_29,0,MaxTP,2.2454497126714772e-05,44806.6019129578,0
wfcommons,deterministic,srasearch,0.5,srasearch_2,0,HEFT_static,4.226065375182867e-05,24466.648538136527,0
wfcommons,deterministic,srasearch,0.5,srasearch_2,0,CPoP_static,3.489681908401129e-05,24448.482767605223,0
wfcommons,deterministic,srasearch,0.5,srasearch_2,0,HEFT-Tp_static,4.2952749474718315e-05,24750.789859431865,0
wfcommons,deterministic,srasearch,0.5,srasearch_2,0,CPoP-Tp_static,4.296054539520954e-05,24675.223289002824,0
wfcommons,deterministic,srasearch,0.5,srasearch_2,0,FastestNode,1.8313333261349427e-05,54605.02387681295,0
wfcommons,deterministic,srasearch,0.5,srasearch_2,0,MaxTP,4.295033613103817e-05,24901.423961551624,0
wfcommons,deterministic,srasearch,0.5,srasearch_6,0,HEFT_static,0.0001850925901182,5888.1923562197935,0
wfcommons,deterministic,srasearch,0.5,srasearch_6,0,CPoP_static,0.0001840477573427,5893.191608634124,0
wfcommons,deterministic,srasearch,0.5,srasearch_6,0,HEFT-Tp_static,0.0001877985338557,6209.875814804959,0
wfcommons,deterministic,srasearch,0.5,srasearch_6,0,CPoP-Tp_static,0.0001878537664933,6208.310204474114,0
wfcommons,deterministic,srasearch,0.5,srasearch_6,0,FastestNode,7.084472543732137e-05,14115.376886946982,0
wfcommons,deterministic,srasearch,0.5,srasearch_6,0,MaxTP,0.0001877985338557,6209.875814804959,0
wfcommons,deterministic,srasearch,0.5,srasearch_5,0,HEFT_static,0.0001586943961909,5442.458585427565,0
wfcommons,deterministic,srasearch,0.5,srasearch_5,0,CPoP_static,0.0001700297102013,5414.693534138397,0
wfcommons,deterministic,srasearch,0.5,srasearch_5,0,HEFT-Tp_static,0.0002061972501205,5992.718602009369,0
wfcommons,deterministic,srasearch,0.5,srasearch_5,0,CPoP-Tp_static,0.0002053043667033,5986.016758292005,0
wfcommons,deterministic,srasearch,0.5,srasearch_5,0,FastestNode,4.739744990609727e-05,21098.181484050816,0
wfcommons,deterministic,srasearch,0.5,srasearch_5,0,MaxTP,0.000206107204996,5976.063086509214,0
wfcommons,deterministic,srasearch,0.5,srasearch_9,0,HEFT_static,6.525838780273057e-05,14471.745280242714,0
wfcommons,deterministic,srasearch,0.5,srasearch_9,0,CPoP_static,7.296551042529288e-05,14484.344091059838,0
wfcommons,deterministic,srasearch,0.5,srasearch_9,0,HEFT-Tp_static,7.573406780161028e-05,14712.611336879883,0
wfcommons,deterministic,srasearch,0.5,srasearch_9,0,CPoP-Tp_static,7.550316034707347e-05,14830.829527471524,0
wfcommons,deterministic,srasearch,0.5,srasearch_9,0,FastestNode,2.9446697585717675e-05,33959.66549692324,0
wfcommons,deterministic,srasearch,0.5,srasearch_9,0,MaxTP,7.573406780161028e-05,14712.611336879883,0
wfcommons,deterministic,srasearch,0.5,srasearch_4,0,HEFT_static,5.641485401047367e-05,18813.81863649045,0
wfcommons,deterministic,srasearch,0.5,srasearch_4,0,CPoP_static,5.66750131716522e-05,18450.828994182015,0
wfcommons,deterministic,srasearch,0.5,srasearch_4,0,HEFT-Tp_static,5.696976220215215e-05,19059.001399853005,0
wfcommons,deterministic,srasearch,0.5,srasearch_4,0,CPoP-Tp_static,5.6943917116611346e-05,19059.74624282961,0
wfcommons,deterministic,srasearch,0.5,srasearch_4,0,FastestNode,1.8737969688851385e-05,53367.57485497447,0
wfcommons,deterministic,srasearch,0.5,srasearch_4,0,MaxTP,5.696836402222829e-05,19048.62575533375,0
wfcommons,deterministic,srasearch,0.5,srasearch_7,0,HEFT_static,3.659977920062568e-05,28595.762306580626,0
wfcommons,deterministic,srasearch,0.5,srasearch_7,0,CPoP_static,3.663717727446574e-05,28552.874319551553,0
wfcommons,deterministic,srasearch,0.5,srasearch_7,0,HEFT-Tp_static,3.696491041465347e-05,28519.9004035514,0
wfcommons,deterministic,srasearch,0.5,srasearch_7,0,CPoP-Tp_static,3.696317689575396e-05,29223.911580952048,0
wfcommons,deterministic,srasearch,0.5,srasearch_7,0,FastestNode,1.3580819341789037e-05,73633.25988167376,0
wfcommons,deterministic,srasearch,0.5,srasearch_7,0,MaxTP,3.696663046905139e-05,28657.915633304136,0
wfcommons,deterministic,srasearch,0.5,srasearch_8,0,HEFT_static,5.27268105277641e-05,20096.286264506896,0
wfcommons,deterministic,srasearch,0.5,srasearch_8,0,CPoP_static,5.281183525746138e-05,20055.803679144876,0
wfcommons,deterministic,srasearch,0.5,srasearch_8,0,HEFT-Tp_static,5.353168513554144e-05,20043.18438152918,0
wfcommons,deterministic,srasearch,0.5,srasearch_8,0,CPoP-Tp_static,5.3488080265985414e-05,20058.486767557755,0
wfcommons,deterministic,srasearch,0.5,srasearch_8,0,FastestNode,1.5072907576070536e-05,66344.20034443762,0
wfcommons,deterministic,srasearch,0.5,srasearch_8,0,MaxTP,5.3531141894275856e-05,20125.888857627055,0
wfcommons,deterministic,srasearch,0.5,srasearch_10,0,HEFT_static,3.063849389365013e-05,32638.680069300422,0
wfcommons,deterministic,srasearch,0.5,srasearch_10,0,CPoP_static,3.063849389365013e-05,32638.680069300422,0
wfcommons,deterministic,srasearch,0.5,srasearch_10,0,HEFT-Tp_static,3.062819001753448e-05,35711.895130584315,0
wfcommons,deterministic,srasearch,0.5,srasearch_10,0,CPoP-Tp_static,3.0648804704918825e-05,35921.429359521215,0
wfcommons,deterministic,srasearch,0.5,srasearch_10,0,FastestNode,1.472736237890642e-05,67900.82122459933,0
wfcommons,deterministic,srasearch,0.5,srasearch_10,0,MaxTP,3.062819001753448e-05,35880.161696035066,0
wfcommons,deterministic,srasearch,0.5,srasearch_11,0,HEFT_static,1.732227643877803e-05,54213.984040111216,0
wfcommons,deterministic,srasearch,0.5,srasearch_11,0,CPoP_static,1.8975648991741848e-05,53516.36996566942,0
wfcommons,deterministic,srasearch,0.5,srasearch_11,0,HEFT-Tp_static,1.9077241724830016e-05,53178.423218061864,0
wfcommons,deterministic,srasearch,0.5,srasearch_11,0,CPoP-Tp_static,1.9078338216678215e-05,53909.9302991155,0
wfcommons,deterministic,srasearch,0.5,srasearch_11,0,FastestNode,1.1753261236133871e-05,85082.76808530741,0
wfcommons,deterministic,srasearch,0.5,srasearch_11,0,MaxTP,1.907775059852804e-05,53177.025024639835,0
wfcommons,deterministic,srasearch,0.5,srasearch_12,0,HEFT_static,2.421099777612102e-05,42365.3250757826,0
wfcommons,deterministic,srasearch,0.5,srasearch_12,0,CPoP_static,2.4199055350254748e-05,42001.036658470555,0
wfcommons,deterministic,srasearch,0.5,srasearch_12,0,HEFT-Tp_static,2.4317253646408227e-05,41665.25508838011,0
wfcommons,deterministic,srasearch,0.5,srasearch_12,0,CPoP-Tp_static,2.4317684106267113e-05,42141.69132632436,0
wfcommons,deterministic,srasearch,0.5,srasearch_12,0,FastestNode,1.3131715146670568e-05,76151.51477402817,0
wfcommons,deterministic,srasearch,0.5,srasearch_12,0,MaxTP,2.43172236584901e-05,42038.5888997915,0
wfcommons,deterministic,srasearch,0.5,srasearch_14,0,HEFT_static,5.0396027454083986e-05,20800.515719535415,0
wfcommons,deterministic,srasearch,0.5,srasearch_14,0,CPoP_static,5.04161361159364e-05,20616.47256045762,0
wfcommons,deterministic,srasearch,0.5,srasearch_14,0,HEFT-Tp_static,5.1018800546997486e-05,20488.36860431714,0
wfcommons,deterministic,srasearch,0.5,srasearch_14,0,CPoP-Tp_static,5.099895540806064e-05,20477.623817674983,0
wfcommons,deterministic,srasearch,0.5,srasearch_14,0,FastestNode,1.8150298981161945e-05,55095.51115592699,0
wfcommons,deterministic,srasearch,0.5,srasearch_14,0,MaxTP,5.1016086516226536e-05,20820.844009341276,0
wfcommons,deterministic,srasearch,0.5,srasearch_16,0,HEFT_static,7.376299297116244e-05,14104.427671434005,0
wfcommons,deterministic,srasearch,0.5,srasearch_16,0,CPoP_static,7.411761649611613e-05,14031.237225549745,0
wfcommons,deterministic,srasearch,0.5,srasearch_16,0,HEFT-Tp_static,7.574028564557347e-05,14081.51232031954,0
wfcommons,deterministic,srasearch,0.5,srasearch_16,0,CPoP-Tp_static,7.570520767832115e-05,14083.76315935567,0
wfcommons,deterministic,srasearch,0.5,srasearch_16,0,FastestNode,2.863383419003228e-05,34923.71972832539,0
wfcommons,deterministic,srasearch,0.5,srasearch_16,0,MaxTP,7.57456459125211e-05,14035.92574447892,0
wfcommons,deterministic,srasearch,0.5,srasearch_15,0,HEFT_static,8.238788149177776e-05,12616.288054498507,0
wfcommons,deterministic,srasearch,0.5,srasearch_15,0,CPoP_static,8.350129253906086e-05,12499.4421096306,0
wfcommons,deterministic,srasearch,0.5,srasearch_15,0,HEFT-Tp_static,8.37353770572777e-05,12640.967757397922,0
wfcommons,deterministic,srasearch,0.5,srasearch_15,0,CPoP-Tp_static,8.35870869360634e-05,12882.476817702138,0
wfcommons,deterministic,srasearch,0.5,srasearch_15,0,FastestNode,2.3623085761394443e-05,42331.472276761306,0
wfcommons,deterministic,srasearch,0.5,srasearch_15,0,MaxTP,8.374149855452465e-05,12817.594225021658,0
wfcommons,deterministic,srasearch,0.5,srasearch_13,0,HEFT_static,4.761926896337755e-05,22200.28179532111,0
wfcommons,deterministic,srasearch,0.5,srasearch_13,0,CPoP_static,4.784973619185454e-05,21932.25309074443,0
wfcommons,deterministic,srasearch,0.5,srasearch_13,0,HEFT-Tp_static,4.826265680000024e-05,22101.127630052797,0
wfcommons,deterministic,srasearch,0.5,srasearch_13,0,CPoP-Tp_static,4.820634272295943e-05,21955.015073509123,0
wfcommons,deterministic,srasearch,0.5,srasearch_13,0,FastestNode,1.3291025836516617e-05,75238.73719758705,0
wfcommons,deterministic,srasearch,0.5,srasearch_13,0,MaxTP,4.826553122103006e-05,22014.383865844942,0
wfcommons,deterministic,srasearch,0.5,srasearch_17,0,HEFT_static,6.13147935602537e-05,16853.168590436362,0
wfcommons,deterministic,srasearch,0.5,srasearch_17,0,CPoP_static,6.126611052310409e-05,16849.07747297319,0
wfcommons,deterministic,srasearch,0.5,srasearch_17,0,HEFT-Tp_static,6.157071395232401e-05,16914.1229372138,0
wfcommons,deterministic,srasearch,0.5,srasearch_17,0,CPoP-Tp_static,6.149248579682631e-05,16894.208036872085,0
wfcommons,deterministic,srasearch,0.5,srasearch_17,0,FastestNode,3.516707340480368e-05,28435.6900697753,0
wfcommons,deterministic,srasearch,0.5,srasearch_17,0,MaxTP,6.156897102673957e-05,17093.285419775388,0
wfcommons,deterministic,srasearch,0.5,srasearch_19,0,HEFT_static,0.0003167409790711,3422.660376464883,0
wfcommons,deterministic,srasearch,0.5,srasearch_19,0,CPoP_static,0.0003167409790711,3422.660376464883,0
wfcommons,deterministic,srasearch,0.5,srasearch_19,0,HEFT-Tp_static,0.0003178966405554,4110.6548523245465,0
wfcommons,deterministic,srasearch,0.5,srasearch_19,0,CPoP-Tp_static,0.0003178966405554,4162.40673478881,0
wfcommons,deterministic,srasearch,0.5,srasearch_19,0,FastestNode,6.402887877198986e-05,15617.952698517736,0
wfcommons,deterministic,srasearch,0.5,srasearch_19,0,MaxTP,0.0003178966405554,4087.94327450471,0
wfcommons,deterministic,srasearch,0.5,srasearch_20,0,HEFT_static,2.8385716766631765e-05,36265.49858737806,0
wfcommons,deterministic,srasearch,0.5,srasearch_20,0,CPoP_static,2.8307899921345947e-05,36362.473812537406,0
wfcommons,deterministic,srasearch,0.5,srasearch_20,0,HEFT-Tp_static,2.844955877907411e-05,35899.46226425072,0
wfcommons,deterministic,srasearch,0.5,srasearch_20,0,CPoP-Tp_static,2.8448050818756253e-05,36311.776908857064,0
wfcommons,deterministic,srasearch,0.5,srasearch_20,0,FastestNode,1.5270328100630338e-05,65486.477658507974,0
wfcommons,deterministic,srasearch,0.5,srasearch_20,0,MaxTP,2.8448263795645565e-05,36594.786544861214,0
wfcommons,deterministic,srasearch,0.5,srasearch_18,0,HEFT_static,0.0001439795891928,7352.168053949346,0
wfcommons,deterministic,srasearch,0.5,srasearch_18,0,CPoP_static,0.0001230113715453,7364.013516003661,0
wfcommons,deterministic,srasearch,0.5,srasearch_18,0,HEFT-Tp_static,0.0001451520565104,8053.738927957576,0
wfcommons,deterministic,srasearch,0.5,srasearch_18,0,CPoP-Tp_static,0.0001450035593724,8017.248253172161,0
wfcommons,deterministic,srasearch,0.5,srasearch_18,0,FastestNode,3.256470335055512e-05,30708.094873002607,0
wfcommons,deterministic,srasearch,0.5,srasearch_18,0,MaxTP,0.0001451520565104,8047.021354115043,0
wfcommons,deterministic,srasearch,0.5,srasearch_22,0,HEFT_static,4.872497914352654e-05,21062.783254810893,0
wfcommons,deterministic,srasearch,0.5,srasearch_22,0,CPoP_static,4.878094440427917e-05,21014.96435663012,0
wfcommons,deterministic,srasearch,0.5,srasearch_22,0,HEFT-Tp_static,4.919366862720824e-05,21359.141286450253,0
wfcommons,deterministic,srasearch,0.5,srasearch_22,0,CPoP-Tp_static,4.9169809614671016e-05,21286.338531004316,0
wfcommons,deterministic,srasearch,0.5,srasearch_22,0,FastestNode,2.937921800243091e-05,34037.6656695657,0
wfcommons,deterministic,srasearch,0.5,srasearch_22,0,MaxTP,4.919481904904715e-05,20867.86281033209,0
wfcommons,deterministic,srasearch,0.5,srasearch_23,0,HEFT_static,4.5504881214111653e-05,22602.838342230672,0
wfcommons,deterministic,srasearch,0.5,srasearch_23,0,CPoP_static,4.553263011604143e-05,22589.445736623056,0
wfcommons,deterministic,srasearch,0.5,srasearch_23,0,HEFT-Tp_static,4.5760519496449394e-05,22745.649882199246,0
wfcommons,deterministic,srasearch,0.5,srasearch_23,0,CPoP-Tp_static,4.576009330409417e-05,22679.518258393273,0
wfcommons,deterministic,srasearch,0.5,srasearch_23,0,FastestNode,2.8746281557536433e-05,34787.1079603288,0
wfcommons,deterministic,srasearch,0.5,srasearch_23,0,MaxTP,4.575598795254187e-05,22931.798446050565,0
wfcommons,deterministic,srasearch,0.5,srasearch_21,0,HEFT_static,2.939884423109587e-05,35494.57233675949,0
wfcommons,deterministic,srasearch,0.5,srasearch_21,0,CPoP_static,2.9292006426756524e-05,35585.783911341794,0
wfcommons,deterministic,srasearch,0.5,srasearch_21,0,HEFT-Tp_static,2.9584652756474304e-05,35501.047377033276,0
wfcommons,deterministic,srasearch,0.5,srasearch_21,0,CPoP-Tp_static,2.9585370080691185e-05,36150.46547642241,0
wfcommons,deterministic,srasearch,0.5,srasearch_21,0,FastestNode,1.138194694790848e-05,87858.43095005545,0
wfcommons,deterministic,srasearch,0.5,srasearch_21,0,MaxTP,2.9583432412779724e-05,35401.07924927458,0
wfcommons,deterministic,srasearch,0.5,srasearch_25,0,HEFT_static,0.000124096003226,7981.941870340463,0
wfcommons,deterministic,srasearch,0.5,srasearch_25,0,CPoP_static,0.0001094964734025,8086.551645880469,0
wfcommons,deterministic,srasearch,0.5,srasearch_25,0,HEFT-Tp_static,0.0001360583092185,8635.405170430977,0
wfcommons,deterministic,srasearch,0.5,srasearch_25,0,CPoP-Tp_static,0.0001356610486394,8686.880517017838,0
wfcommons,deterministic,srasearch,0.5,srasearch_25,0,FastestNode,4.5505270155175065e-05,21975.47661161003,0
wfcommons,deterministic,srasearch,0.5,srasearch_25,0,MaxTP,0.0001360610988129,8683.826587967586,0
wfcommons,deterministic,srasearch,0.5,srasearch_28,0,HEFT_static,0.0001520268936142,6577.783550178705,0
wfcommons,deterministic,srasearch,0.5,srasearch_28,0,CPoP_static,0.0001520268936142,6577.783550178705,0
wfcommons,deterministic,srasearch,0.5,srasearch_28,0,HEFT-Tp_static,0.0001523062614364,7418.438868684585,0
wfcommons,deterministic,srasearch,0.5,srasearch_28,0,CPoP-Tp_static,0.0001523062614364,7438.371241162199,0
wfcommons,deterministic,srasearch,0.5,srasearch_28,0,FastestNode,5.453794687208174e-05,18335.85709314554,0
wfcommons,deterministic,srasearch,0.5,srasearch_28,0,MaxTP,0.0001523062614364,7418.438868684585,0
wfcommons,deterministic,srasearch,0.5,srasearch_24,0,HEFT_static,7.843623005585722e-05,13230.515502352211,0
wfcommons,deterministic,srasearch,0.5,srasearch_24,0,CPoP_static,7.927890999894066e-05,13089.25610583558,0
wfcommons,deterministic,srasearch,0.5,srasearch_24,0,HEFT-Tp_static,8.04144034308008e-05,13356.306536100992,0
wfcommons,deterministic,srasearch,0.5,srasearch_24,0,CPoP-Tp_static,8.025235633778907e-05,13276.656347663986,0
wfcommons,deterministic,srasearch,0.5,srasearch_24,0,FastestNode,2.375054281008249e-05,42104.30085730535,0
wfcommons,deterministic,srasearch,0.5,srasearch_24,0,MaxTP,8.042000641308138e-05,13336.675133076536,0
wfcommons,deterministic,srasearch,0.5,srasearch_26,0,HEFT_static,3.209322320559611e-05,32118.32364096617,0
wfcommons,deterministic,srasearch,0.5,srasearch_26,0,CPoP_static,3.20680658050051e-05,31687.61312837192,0
wfcommons,deterministic,srasearch,0.5,srasearch_26,0,HEFT-Tp_static,3.2278358060913125e-05,31841.974387974187,0
wfcommons,deterministic,srasearch,0.5,srasearch_26,0,CPoP-Tp_static,3.227766015068949e-05,31988.30727306334,0
wfcommons,deterministic,srasearch,0.5,srasearch_26,0,FastestNode,1.6480881763510154e-05,60676.365157481305,0
wfcommons,deterministic,srasearch,0.5,srasearch_26,0,MaxTP,3.22789580421079e-05,31483.918756804414,0
wfcommons,deterministic,srasearch,0.5,srasearch_27,0,HEFT_static,2.3363262613584497e-05,43462.61340208614,0
wfcommons,deterministic,srasearch,0.5,srasearch_27,0,CPoP_static,2.3359114331318695e-05,43456.70434023492,0
wfcommons,deterministic,srasearch,0.5,srasearch_27,0,HEFT-Tp_static,2.3479871905913964e-05,43658.810670823856,0
wfcommons,deterministic,srasearch,0.5,srasearch_27,0,CPoP-Tp_static,2.3478549888861975e-05,43658.262744280924,0
wfcommons,deterministic,srasearch,0.5,srasearch_27,0,FastestNode,1.2345948537523916e-05,80998.23168391165,0
wfcommons,deterministic,srasearch,0.5,srasearch_27,0,MaxTP,2.347974520339906e-05,43559.34958502641,0
wfcommons,deterministic,srasearch,1.0,srasearch_0,0,HEFT_static,2.3377605707984047e-05,26596.464395532523,0
wfcommons,deterministic,srasearch,1.0,srasearch_0,0,CPoP_static,2.1185955173545437e-05,26553.409501707203,0
wfcommons,deterministic,srasearch,1.0,srasearch_0,0,HEFT-Tp_static,2.6075021750175507e-05,26920.310804521316,0
wfcommons,deterministic,srasearch,1.0,srasearch_0,0,CPoP-Tp_static,2.5109280204230393e-05,26776.090048765393,0
wfcommons,deterministic,srasearch,1.0,srasearch_0,0,FastestNode,2.263719856147264e-05,44175.077463073176,0
wfcommons,deterministic,srasearch,1.0,srasearch_0,0,MaxTP,2.6075021750175507e-05,26997.48543937765,0
wfcommons,deterministic,srasearch,1.0,srasearch_1,0,HEFT_static,7.961393576510478e-05,7263.335841484056,0
wfcommons,deterministic,srasearch,1.0,srasearch_1,0,CPoP_static,7.961393576510478e-05,7263.335841484056,0
wfcommons,deterministic,srasearch,1.0,srasearch_1,0,HEFT-Tp_static,0.0001364810327076,7606.591565274869,0
wfcommons,deterministic,srasearch,1.0,srasearch_1,0,CPoP-Tp_static,0.0001364810327076,7608.860054759005,0
wfcommons,deterministic,srasearch,1.0,srasearch_1,0,FastestNode,6.270101602968306e-05,15948.70487468108,0
wfcommons,deterministic,srasearch,1.0,srasearch_1,0,MaxTP,0.0001364810327076,7725.746163328958,0
wfcommons,deterministic,srasearch,1.0,srasearch_3,0,HEFT_static,0.0001740806517289,3600.759887546999,0
wfcommons,deterministic,srasearch,1.0,srasearch_3,0,CPoP_static,0.0001740806516656,3619.9475508091086,0
wfcommons,deterministic,srasearch,1.0,srasearch_3,0,HEFT-Tp_static,0.0002393608960375,4042.458686236637,0
wfcommons,deterministic,srasearch,1.0,srasearch_3,0,CPoP-Tp_static,0.0001914887168443,4039.227034707608,0
wfcommons,deterministic,srasearch,1.0,srasearch_3,0,FastestNode,0.000133940700269,7465.990531565644,0
wfcommons,deterministic,srasearch,1.0,srasearch_3,0,MaxTP,0.0002393608960375,4029.4521900724744,0
wfcommons,deterministic,srasearch,0.5,srasearch_29,0,HEFT_static,2.236750111821233e-05,45863.5673411646,0
wfcommons,deterministic,srasearch,0.5,srasearch_29,0,CPoP_static,2.2416061280843837e-05,45224.791640736315,0
wfcommons,deterministic,srasearch,0.5,srasearch_29,0,HEFT-Tp_static,2.2452752563002863e-05,45499.76636525424,0
wfcommons,deterministic,srasearch,0.5,srasearch_29,0,CPoP-Tp_static,2.195744838457573e-05,45783.363967817895,0
wfcommons,deterministic,srasearch,0.5,srasearch_29,0,FastestNode,1.14899063449837e-05,87032.91132016883,0
wfcommons,deterministic,srasearch,0.5,srasearch_29,0,MaxTP,2.2454497126714772e-05,45178.8716716321,0
wfcommons,deterministic,srasearch,1.0,srasearch_2,0,HEFT_static,1.7946935533406823e-05,25840.952034455175,0
wfcommons,deterministic,srasearch,1.0,srasearch_2,0,CPoP_static,1.653007219790706e-05,25830.529517063515,0
wfcommons,deterministic,srasearch,1.0,srasearch_2,0,HEFT-Tp_static,2.731055406188885e-05,26300.09569919669,0
wfcommons,deterministic,srasearch,1.0,srasearch_2,0,CPoP-Tp_static,3.306014438798406e-05,26516.011391438733,0
wfcommons,deterministic,srasearch,1.0,srasearch_2,0,FastestNode,1.8313333261349427e-05,54605.02387681295,0
wfcommons,deterministic,srasearch,1.0,srasearch_2,0,MaxTP,2.4159336294970716e-05,26493.418791673503,0
wfcommons,deterministic,srasearch,1.0,srasearch_6,0,HEFT_static,9.585248450719234e-05,6795.517477455858,0
wfcommons,deterministic,srasearch,1.0,srasearch_6,0,CPoP_static,9.585248450719234e-05,6795.517477455858,0
wfcommons,deterministic,srasearch,1.0,srasearch_6,0,HEFT-Tp_static,0.0001317971661794,7158.3028836376525,0
wfcommons,deterministic,srasearch,1.0,srasearch_6,0,CPoP-Tp_static,0.0001317971662453,7156.737273306807,0
wfcommons,deterministic,srasearch,1.0,srasearch_6,0,FastestNode,7.084472543732137e-05,14115.376886946982,0
wfcommons,deterministic,srasearch,1.0,srasearch_6,0,MaxTP,0.0001506253327657,7158.3028836376525,0
wfcommons,deterministic,srasearch,1.0,srasearch_5,0,HEFT_static,7.001223361995787e-05,6209.459860339034,0
wfcommons,deterministic,srasearch,1.0,srasearch_5,0,CPoP_static,7.934719811662136e-05,6214.928486272904,0
wfcommons,deterministic,srasearch,1.0,srasearch_5,0,HEFT-Tp_static,0.0001487759964686,6820.338468014007,0
wfcommons,deterministic,srasearch,1.0,srasearch_5,0,CPoP-Tp_static,0.0001322453301943,6795.990859860105,0
wfcommons,deterministic,srasearch,1.0,srasearch_5,0,FastestNode,4.739744990609727e-05,21098.181484050816,0
wfcommons,deterministic,srasearch,1.0,srasearch_5,0,MaxTP,0.0001322453301943,6793.816053206613,0
wfcommons,deterministic,srasearch,1.0,srasearch_9,0,HEFT_static,3.262919390136528e-05,15967.224974738729,0
wfcommons,deterministic,srasearch,1.0,srasearch_9,0,CPoP_static,3.262919390136528e-05,15967.224974738729,0
wfcommons,deterministic,srasearch,1.0,srasearch_9,0,HEFT-Tp_static,5.019875984149676e-05,16371.373615672432,0
wfcommons,deterministic,srasearch,1.0,srasearch_9,0,CPoP-Tp_static,4.661313413981329e-05,16336.421693305232,0
wfcommons,deterministic,srasearch,1.0,srasearch_9,0,FastestNode,2.9446697585717675e-05,33959.66549692324,0
wfcommons,deterministic,srasearch,1.0,srasearch_9,0,MaxTP,4.661313413981329e-05,16380.533412766912,0
wfcommons,deterministic,srasearch,1.0,srasearch_4,0,HEFT_static,3.369512774086861e-05,20434.348232619606,0
wfcommons,deterministic,srasearch,1.0,srasearch_4,0,CPoP_static,2.9202444044407353e-05,20278.75985423096,0
wfcommons,deterministic,srasearch,1.0,srasearch_4,0,HEFT-Tp_static,3.982151460214855e-05,21314.024874880703,0
wfcommons,deterministic,srasearch,1.0,srasearch_4,0,CPoP-Tp_static,4.610912216340784e-05,21446.79578034498,0
wfcommons,deterministic,srasearch,1.0,srasearch_4,0,FastestNode,1.8737969688851385e-05,53367.57485497447,0
wfcommons,deterministic,srasearch,1.0,srasearch_4,0,MaxTP,3.809014440100126e-05,21315.323457748473,0
wfcommons,deterministic,srasearch,1.0,srasearch_7,0,HEFT_static,2.283481828412931e-05,30323.673671646255,0
wfcommons,deterministic,srasearch,1.0,srasearch_7,0,CPoP_static,2.8754956357792475e-05,30296.429822932005,0
wfcommons,deterministic,srasearch,1.0,srasearch_7,0,HEFT-Tp_static,2.3526782466715215e-05,31050.614910656193,0
wfcommons,deterministic,srasearch,1.0,srasearch_7,0,CPoP-Tp_static,2.504463939951309e-05,29985.074154964303,0
wfcommons,deterministic,srasearch,1.0,srasearch_7,0,FastestNode,1.3580819341789037e-05,73633.25988167376,0
wfcommons,deterministic,srasearch,1.0,srasearch_7,0,MaxTP,2.772799361983532e-05,30970.018291888307,0
wfcommons,deterministic,srasearch,1.0,srasearch_8,0,HEFT_static,3.321117324366287e-05,21705.27037021633,0
wfcommons,deterministic,srasearch,1.0,srasearch_8,0,CPoP_static,2.785453240862407e-05,21661.805544125255,0
wfcommons,deterministic,srasearch,1.0,srasearch_8,0,HEFT-Tp_static,3.4539620172878e-05,22325.324530917223,0
wfcommons,deterministic,srasearch,1.0,srasearch_8,0,CPoP-Tp_static,3.92495683743455e-05,22386.883387243943,0
wfcommons,deterministic,srasearch,1.0,srasearch_8,0,FastestNode,1.5072907576070536e-05,66344.20034443762,0
wfcommons,deterministic,srasearch,1.0,srasearch_8,0,MaxTP,3.92495683743455e-05,22456.117657517367,0
wfcommons,deterministic,srasearch,1.0,srasearch_10,0,HEFT_static,2.621411225943365e-05,32638.680069300422,0
wfcommons,deterministic,srasearch,1.0,srasearch_10,0,CPoP_static,2.330143312122261e-05,32638.680069300422,0
wfcommons,deterministic,srasearch,1.0,srasearch_10,0,HEFT-Tp_static,2.8597213372194453e-05,36901.681486470974,0
wfcommons,deterministic,srasearch,1.0,srasearch_10,0,CPoP-Tp_static,2.5165547769727384e-05,36416.74703535669,0
wfcommons,deterministic,srasearch,1.0,srasearch_10,0,FastestNode,1.472736237890642e-05,67900.82122459933,0
wfcommons,deterministic,srasearch,1.0,srasearch_10,0,MaxTP,2.8597213372194453e-05,37179.61699095039,0
wfcommons,deterministic,srasearch,1.0,srasearch_11,0,HEFT_static,1.0790926305495553e-05,56205.53879379658,0
wfcommons,deterministic,srasearch,1.0,srasearch_11,0,CPoP_static,1.1754401868386433e-05,54499.342645066085,0
wfcommons,deterministic,srasearch,1.0,srasearch_11,0,HEFT-Tp_static,1.1548184291606978e-05,56697.30452593162,0
wfcommons,deterministic,srasearch,1.0,srasearch_11,0,CPoP-Tp_static,1.3433602134716194e-05,55296.41588212637,0
wfcommons,deterministic,srasearch,1.0,srasearch_11,0,FastestNode,1.1753261236133871e-05,85082.76808530741,0
wfcommons,deterministic,srasearch,1.0,srasearch_11,0,MaxTP,1.134907766595141e-05,53947.850364606355,0
wfcommons,deterministic,srasearch,1.0,srasearch_12,0,HEFT_static,1.6186901876733075e-05,43697.139612843224,0
wfcommons,deterministic,srasearch,1.0,srasearch_12,0,CPoP_static,1.337178850776402e-05,43333.66850870389,0
wfcommons,deterministic,srasearch,1.0,srasearch_12,0,HEFT-Tp_static,1.5907817361722845e-05,43202.74988150809,0
wfcommons,deterministic,srasearch,1.0,srasearch_12,0,CPoP-Tp_static,1.5907817361722845e-05,43141.648550524755,0
wfcommons,deterministic,srasearch,1.0,srasearch_12,0,FastestNode,1.3131715146670568e-05,76151.51477402817,0
wfcommons,deterministic,srasearch,1.0,srasearch_12,0,MaxTP,1.4881506564556512e-05,44219.23011177076,0
wfcommons,deterministic,srasearch,1.0,srasearch_16,0,HEFT_static,3.060495889189857e-05,14975.07361786247,0
wfcommons,deterministic,srasearch,1.0,srasearch_16,0,CPoP_static,3.166030230167291e-05,14993.047478841592,0
wfcommons,deterministic,srasearch,1.0,srasearch_16,0,HEFT-Tp_static,5.100826481076282e-05,15221.99166245282,0
wfcommons,deterministic,srasearch,1.0,srasearch_16,0,CPoP-Tp_static,4.832361929553726e-05,15145.6071499504,0
wfcommons,deterministic,srasearch,1.0,srasearch_16,0,FastestNode,2.863383419003228e-05,34923.71972832539,0
wfcommons,deterministic,srasearch,1.0,srasearch_16,0,MaxTP,4.832361929553726e-05,15156.708752735707,0
wfcommons,deterministic,srasearch,1.0,srasearch_14,0,HEFT_static,2.8348262446882545e-05,22118.46091099301,0
wfcommons,deterministic,srasearch,1.0,srasearch_14,0,CPoP_static,3.092537721376573e-05,21800.05220022126,0
wfcommons,deterministic,srasearch,1.0,srasearch_14,0,HEFT-Tp_static,3.40179149338022e-05,22448.146786406254,0
wfcommons,deterministic,srasearch,1.0,srasearch_14,0,CPoP-Tp_static,3.292056285342899e-05,22372.01741372287,0
wfcommons,deterministic,srasearch,1.0,srasearch_14,0,FastestNode,1.8150298981161945e-05,55095.51115592699,0
wfcommons,deterministic,srasearch,1.0,srasearch_14,0,MaxTP,3.6447765999374206e-05,22755.77048504437,0
wfcommons,deterministic,srasearch,1.0,srasearch_15,0,HEFT_static,3.983894200093551e-05,13449.197732528128,0
wfcommons,deterministic,srasearch,1.0,srasearch_15,0,CPoP_static,3.983894200093551e-05,13339.01079458656,0
wfcommons,deterministic,srasearch,1.0,srasearch_15,0,HEFT-Tp_static,5.378257170126293e-05,13743.031002050113,0
wfcommons,deterministic,srasearch,1.0,srasearch_15,0,CPoP-Tp_static,5.378257167974989e-05,13712.748277853749,0
wfcommons,deterministic,srasearch,1.0,srasearch_15,0,FastestNode,2.3623085761394443e-05,42331.472276761306,0
wfcommons,deterministic,srasearch,1.0,srasearch_15,0,MaxTP,5.378257170126293e-05,13716.68069656076,0
wfcommons,deterministic,srasearch,1.0,srasearch_13,0,HEFT_static,2.3961467040330817e-05,23856.453278989906,0
wfcommons,deterministic,srasearch,1.0,srasearch_13,0,CPoP_static,2.2630274434300665e-05,23617.97149692153,0
wfcommons,deterministic,srasearch,1.0,srasearch_13,0,HEFT-Tp_static,3.70313581652193e-05,24433.8315662724,0
wfcommons,deterministic,srasearch,1.0,srasearch_13,0,CPoP-Tp_static,3.394541165145102e-05,24113.27610218527,0
wfcommons,deterministic,srasearch,1.0,srasearch_13,0,FastestNode,1.3291025836516617e-05,75238.73719758705,0
wfcommons,deterministic,srasearch,1.0,srasearch_13,0,MaxTP,3.542129911455759e-05,24351.141352880233,0
wfcommons,deterministic,srasearch,1.0,srasearch_17,0,HEFT_static,3.337500116545428e-05,17591.322909254446,0
wfcommons,deterministic,srasearch,1.0,srasearch_17,0,CPoP_static,3.337500116545428e-05,17637.351705988192,0
wfcommons,deterministic,srasearch,1.0,srasearch_17,0,HEFT-Tp_static,3.594230894652362e-05,17984.213857768733,0
wfcommons,deterministic,srasearch,1.0,srasearch_17,0,CPoP-Tp_static,4.247727420685453e-05,17950.516037362806,0
wfcommons,deterministic,srasearch,1.0,srasearch_17,0,FastestNode,3.516707340480368e-05,28435.6900697753,0
wfcommons,deterministic,srasearch,1.0,srasearch_17,0,MaxTP,3.893750135761072e-05,18150.812272263895,0
wfcommons,deterministic,srasearch,1.0,srasearch_19,0,HEFT_static,0.000145249195072,4242.38798452005,0
wfcommons,deterministic,srasearch,1.0,srasearch_19,0,CPoP_static,0.000145249195072,4242.38798452005,0
wfcommons,deterministic,srasearch,1.0,srasearch_19,0,HEFT-Tp_static,0.0002323987121153,4936.930412342394,0
wfcommons,deterministic,srasearch,1.0,srasearch_19,0,CPoP-Tp_static,0.0001936655934294,5022.996702261335,0
wfcommons,deterministic,srasearch,1.0,srasearch_19,0,FastestNode,6.402887877198986e-05,15617.952698517736,0
wfcommons,deterministic,srasearch,1.0,srasearch_19,0,MaxTP,0.0002323987119759,4936.930153632982,0
wfcommons,deterministic,srasearch,1.0,srasearch_20,0,HEFT_static,1.6414901841693645e-05,37829.86420334898,0
wfcommons,deterministic,srasearch,1.0,srasearch_20,0,CPoP_static,1.610518671271027e-05,37861.97519222883,0
wfcommons,deterministic,srasearch,1.0,srasearch_20,0,HEFT-Tp_static,1.7782810327988483e-05,37044.55568690537,0
wfcommons,deterministic,srasearch,1.0,srasearch_20,0,CPoP-Tp_static,1.816116799439653e-05,37428.60129156728,0
wfcommons,deterministic,srasearch,1.0,srasearch_20,0,FastestNode,1.5270328100630338e-05,65486.477658507974,0
wfcommons,deterministic,srasearch,1.0,srasearch_20,0,MaxTP,1.5806942514426163e-05,38351.06780121261,0
wfcommons,deterministic,srasearch,1.0,srasearch_18,0,HEFT_static,6.833965083572583e-05,8103.938379861003,0
wfcommons,deterministic,srasearch,1.0,srasearch_18,0,CPoP_static,6.474282712911068e-05,8122.639013807129,0
wfcommons,deterministic,srasearch,1.0,srasearch_18,0,HEFT-Tp_static,0.0001230113714715,8866.686898910668,0
wfcommons,deterministic,srasearch,1.0,srasearch_18,0,CPoP-Tp_static,8.786526535812688e-05,8879.174033753628,0
wfcommons,deterministic,srasearch,1.0,srasearch_18,0,FastestNode,3.256470335055512e-05,30708.094873002607,0
wfcommons,deterministic,srasearch,1.0,srasearch_18,0,MaxTP,9.4624131957931e-05,8849.355799630348,0
wfcommons,deterministic,srasearch,1.0,srasearch_22,0,HEFT_static,2.6607174919182913e-05,21814.688103309472,0
wfcommons,deterministic,srasearch,1.0,srasearch_22,0,CPoP_static,4.825699496902589e-05,21758.87782904048,0
wfcommons,deterministic,srasearch,1.0,srasearch_22,0,HEFT-Tp_static,3.449078229972466e-05,22385.2455130947,0
wfcommons,deterministic,srasearch,1.0,srasearch_22,0,CPoP-Tp_static,4.048917921880789e-05,22360.162740077576,0
wfcommons,deterministic,srasearch,1.0,srasearch_22,0,FastestNode,2.937921800243091e-05,34037.6656695657,0
wfcommons,deterministic,srasearch,1.0,srasearch_22,0,MaxTP,3.449078229972466e-05,22350.021259701367,0
wfcommons,deterministic,srasearch,1.0,srasearch_23,0,HEFT_static,2.345668223946789e-05,23627.98008803591,0
wfcommons,deterministic,srasearch,1.0,srasearch_23,0,CPoP_static,2.2153533226489902e-05,23609.77194968503,0
wfcommons,deterministic,srasearch,1.0,srasearch_23,0,HEFT-Tp_static,2.953804429952504e-05,23904.858046252917,0
wfcommons,deterministic,srasearch,1.0,srasearch_23,0,CPoP-Tp_static,2.953804429952504e-05,23868.81858440564,0
wfcommons,deterministic,srasearch,1.0,srasearch_23,0,FastestNode,2.8746281557536433e-05,34787.1079603288,0
wfcommons,deterministic,srasearch,1.0,srasearch_23,0,MaxTP,3.323029983696567e-05,24185.67418166543,0
wfcommons,deterministic,srasearch,1.0,srasearch_21,0,HEFT_static,1.605805752075454e-05,37147.30124497814,0
wfcommons,deterministic,srasearch,1.0,srasearch_21,0,CPoP_static,2.248128052627295e-05,37342.929469252056,0
wfcommons,deterministic,srasearch,1.0,srasearch_21,0,HEFT-Tp_static,2.1076200492634443e-05,38063.44676956962,0
wfcommons,deterministic,srasearch,1.0,srasearch_21,0,CPoP-Tp_static,2.107620050251391e-05,36971.064588208406,0
wfcommons,deterministic,srasearch,1.0,srasearch_21,0,FastestNode,1.138194694790848e-05,87858.43095005545,0
wfcommons,deterministic,srasearch,1.0,srasearch_21,0,MaxTP,2.248128053601484e-05,38366.47876631124,0
wfcommons,deterministic,srasearch,1.0,srasearch_25,0,HEFT_static,4.653600119812673e-05,8958.552833051093,0
wfcommons,deterministic,srasearch,1.0,srasearch_25,0,CPoP_static,4.898526443132708e-05,9056.463836340405,0
wfcommons,deterministic,srasearch,1.0,srasearch_25,0,HEFT-Tp_static,8.461091129047402e-05,9709.83198315611,0
wfcommons,deterministic,srasearch,1.0,srasearch_25,0,CPoP-Tp_static,9.307200241952144e-05,9600.24822222005,0
wfcommons,deterministic,srasearch,1.0,srasearch_25,0,FastestNode,4.5505270155175065e-05,21975.47661161003,0
wfcommons,deterministic,srasearch,1.0,srasearch_25,0,MaxTP,8.461091129047402e-05,9758.2534001555,0
wfcommons,deterministic,srasearch,1.0,srasearch_28,0,HEFT_static,0.0001024698452599,6696.026521867575,0
wfcommons,deterministic,srasearch,1.0,srasearch_28,0,CPoP_static,0.0001024698452599,6696.026521867575,0
wfcommons,deterministic,srasearch,1.0,srasearch_28,0,HEFT-Tp_static,0.0001366264604149,8638.309940831547,0
wfcommons,deterministic,srasearch,1.0,srasearch_28,0,CPoP-Tp_static,0.0001523062614364,8674.99155679256,0
wfcommons,deterministic,srasearch,1.0,srasearch_28,0,FastestNode,5.453794687208174e-05,18335.85709314554,0
wfcommons,deterministic,srasearch,1.0,srasearch_28,0,MaxTP,0.0001366264604149,8638.309940831547,0
wfcommons,deterministic,srasearch,1.0,srasearch_24,0,HEFT_static,4.4297052407803486e-05,14086.07522515609,0
wfcommons,deterministic,srasearch,1.0,srasearch_24,0,CPoP_static,4.088958682696371e-05,13945.982867667855,0
wfcommons,deterministic,srasearch,1.0,srasearch_24,0,HEFT-Tp_static,5.595417146248861e-05,14275.39325378668,0
wfcommons,deterministic,srasearch,1.0,srasearch_24,0,CPoP-Tp_static,5.315646287075941e-05,14217.275743824071,0
wfcommons,deterministic,srasearch,1.0,srasearch_24,0,FastestNode,2.375054281008249e-05,42104.30085730535,0
wfcommons,deterministic,srasearch,1.0,srasearch_24,0,MaxTP,5.595417146248861e-05,14266.454241756786,0
wfcommons,deterministic,srasearch,1.0,srasearch_26,0,HEFT_static,2.157856137684456e-05,33372.40524027139,0
wfcommons,deterministic,srasearch,1.0,srasearch_26,0,CPoP_static,1.9088727372733785e-05,32439.475127727223,0
wfcommons,deterministic,srasearch,1.0,srasearch_26,0,HEFT-Tp_static,1.946301614460873e-05,32955.57133677882,0
wfcommons,deterministic,srasearch,1.0,srasearch_26,0,CPoP-Tp_static,2.025742496652962e-05,32808.158271705,0
wfcommons,deterministic,srasearch,1.0,srasearch_26,0,FastestNode,1.6480881763510154e-05,60676.365157481305,0
wfcommons,deterministic,srasearch,1.0,srasearch_26,0,MaxTP,2.025742496652962e-05,33000.05093378143,0
wfcommons,deterministic,srasearch,1.0,srasearch_27,0,HEFT_static,1.4287386344594783e-05,44469.560432217695,0
wfcommons,deterministic,srasearch,1.0,srasearch_27,0,CPoP_static,1.545370359673872e-05,44466.47930505423,0
wfcommons,deterministic,srasearch,1.0,srasearch_27,0,HEFT-Tp_static,1.4562143774192854e-05,46314.56900118843,0
wfcommons,deterministic,srasearch,1.0,srasearch_27,0,CPoP-Tp_static,1.3521990647836276e-05,45581.064140251976,0
wfcommons,deterministic,srasearch,1.0,srasearch_27,0,FastestNode,1.2345948537523916e-05,80998.23168391165,0
wfcommons,deterministic,srasearch,1.0,srasearch_27,0,MaxTP,1.4847676004947409e-05,44850.825808334776,0
wfcommons,deterministic,srasearch,2.0,srasearch_0,0,HEFT_static,1.0934686541074512e-05,29085.557319780437,0
wfcommons,deterministic,srasearch,2.0,srasearch_0,0,CPoP_static,1.0934686541074512e-05,29085.557319780437,0
wfcommons,deterministic,srasearch,2.0,srasearch_0,0,HEFT-Tp_static,1.784080435285519e-05,29704.367874106498,0
wfcommons,deterministic,srasearch,2.0,srasearch_0,0,CPoP-Tp_static,1.883196014968539e-05,29513.884117079066,0
wfcommons,deterministic,srasearch,2.0,srasearch_0,0,FastestNode,2.263719856147264e-05,44175.077463073176,0
wfcommons,deterministic,srasearch,2.0,srasearch_0,0,MaxTP,1.883196014968539e-05,29768.558403927196,0
wfcommons,deterministic,srasearch,2.0,srasearch_1,0,HEFT_static,3.980696788255239e-05,9356.771684000152,0
wfcommons,deterministic,srasearch,2.0,srasearch_1,0,CPoP_static,3.980696788255239e-05,9356.771684000152,0
wfcommons,deterministic,srasearch,2.0,srasearch_1,0,HEFT-Tp_static,6.824051639283664e-05,9702.2958972751,0
wfcommons,deterministic,srasearch,2.0,srasearch_1,0,CPoP-Tp_static,7.961393573856679e-05,9569.960955738048,0
wfcommons,deterministic,srasearch,2.0,srasearch_1,0,FastestNode,6.270101602968306e-05,15948.70487468108,0
wfcommons,deterministic,srasearch,2.0,srasearch_1,0,MaxTP,6.824051639283664e-05,9819.182004798336,0
wfcommons,deterministic,srasearch,2.0,srasearch_3,0,HEFT_static,8.704032586447223e-05,4645.207849473258,0
wfcommons,deterministic,srasearch,2.0,srasearch_3,0,CPoP_static,8.70403258328212e-05,4664.395512735367,0
wfcommons,deterministic,srasearch,2.0,srasearch_3,0,HEFT-Tp_static,0.0001595739306717,5098.454025680869,0
wfcommons,deterministic,srasearch,2.0,srasearch_3,0,CPoP-Tp_static,0.0001595739306717,5083.674996633866,0
wfcommons,deterministic,srasearch,2.0,srasearch_3,0,FastestNode,0.000133940700269,7465.990531565644,0
wfcommons,deterministic,srasearch,2.0,srasearch_3,0,MaxTP,0.0001595739306717,5021.876734583223,0
wfcommons,deterministic,srasearch,1.0,srasearch_29,0,HEFT_static,1.2721378825375797e-05,47435.74457401251,0
wfcommons,deterministic,srasearch,1.0,srasearch_29,0,CPoP_static,1.5121638980110732e-05,46755.14580101269,0
wfcommons,deterministic,srasearch,1.0,srasearch_29,0,HEFT-Tp_static,1.2926562354744534e-05,48009.84768268389,0
wfcommons,deterministic,srasearch,1.0,srasearch_29,0,CPoP-Tp_static,1.6028937318518164e-05,46464.119387958264,0
wfcommons,deterministic,srasearch,1.0,srasearch_29,0,FastestNode,1.14899063449837e-05,87032.91132016883,0
wfcommons,deterministic,srasearch,1.0,srasearch_29,0,MaxTP,1.4841608628741288e-05,46858.367784701986,0
wfcommons,deterministic,srasearch,2.0,srasearch_2,0,HEFT_static,8.973467766703412e-06,29024.94169469893,0
wfcommons,deterministic,srasearch,2.0,srasearch_2,0,CPoP_static,8.26503609895353e-06,29014.519177307266,0
wfcommons,deterministic,srasearch,2.0,srasearch_2,0,HEFT-Tp_static,1.4955779604762725e-05,29474.551961724523,0
wfcommons,deterministic,srasearch,2.0,srasearch_2,0,CPoP-Tp_static,1.9629460739663704e-05,29544.800718092058,0
wfcommons,deterministic,srasearch,2.0,srasearch_2,0,FastestNode,1.8313333261349427e-05,54605.02387681295,0
wfcommons,deterministic,srasearch,2.0,srasearch_2,0,MaxTP,1.4955779611172345e-05,29645.25517499725,0
wfcommons,deterministic,srasearch,2.0,srasearch_6,0,HEFT_static,4.792624225359617e-05,8692.371615121245,0
wfcommons,deterministic,srasearch,2.0,srasearch_6,0,CPoP_static,4.792624225359617e-05,8692.371615121245,0
wfcommons,deterministic,srasearch,2.0,srasearch_6,0,HEFT-Tp_static,8.786477749687715e-05,9055.15702130304,0
wfcommons,deterministic,srasearch,2.0,srasearch_6,0,CPoP-Tp_static,8.786477749687715e-05,9073.926780006135,0
wfcommons,deterministic,srasearch,2.0,srasearch_6,0,FastestNode,7.084472543732137e-05,14115.376886946982,0
wfcommons,deterministic,srasearch,2.0,srasearch_6,0,MaxTP,8.786477749687715e-05,9055.15702130304,0
wfcommons,deterministic,srasearch,2.0,srasearch_5,0,HEFT_static,3.5006116809978936e-05,7889.838456745575,0
wfcommons,deterministic,srasearch,2.0,srasearch_5,0,CPoP_static,3.719399911716627e-05,7858.583718330077,0
wfcommons,deterministic,srasearch,2.0,srasearch_5,0,HEFT-Tp_static,8.501485506422653e-05,8351.681810944674,0
wfcommons,deterministic,srasearch,2.0,srasearch_5,0,CPoP-Tp_static,8.501485512495144e-05,8297.84990953539,0
wfcommons,deterministic,srasearch,2.0,srasearch_5,0,FastestNode,4.739744990609727e-05,21098.181484050816,0
wfcommons,deterministic,srasearch,2.0,srasearch_5,0,MaxTP,7.43879982343325e-05,8363.212124102794,0
wfcommons,deterministic,srasearch,2.0,srasearch_4,0,HEFT_static,1.1527280544188805e-05,23596.060043856975,0
wfcommons,deterministic,srasearch,2.0,srasearch_4,0,CPoP_static,2.7377291285243863e-05,23517.209947352432,0
wfcommons,deterministic,srasearch,2.0,srasearch_4,0,HEFT-Tp_static,2.305456108413072e-05,24550.84836767048,0
wfcommons,deterministic,srasearch,2.0,srasearch_4,0,CPoP-Tp_static,2.576686238535402e-05,22238.4901489683,0
wfcommons,deterministic,srasearch,2.0,srasearch_4,0,FastestNode,1.8737969688851385e-05,53367.57485497447,0
wfcommons,deterministic,srasearch,2.0,srasearch_4,0,MaxTP,2.1901833031480364e-05,24605.72873275682,0
wfcommons,deterministic,srasearch,2.0,srasearch_9,0,HEFT_static,1.631459695068264e-05,19031.96510675945,0
wfcommons,deterministic,srasearch,2.0,srasearch_9,0,CPoP_static,1.631459695068264e-05,19031.96510675945,0
wfcommons,deterministic,srasearch,2.0,srasearch_9,0,HEFT-Tp_static,3.262919389320799e-05,19338.155688041556,0
wfcommons,deterministic,srasearch,2.0,srasearch_9,0,CPoP-Tp_static,2.9662903540628304e-05,19251.845301173933,0
wfcommons,deterministic,srasearch,2.0,srasearch_9,0,FastestNode,2.9446697585717675e-05,33959.66549692324,0
wfcommons,deterministic,srasearch,2.0,srasearch_9,0,MaxTP,3.625465987932806e-05,19328.995890947073,0
wfcommons,deterministic,srasearch,2.0,srasearch_7,0,HEFT_static,9.24266454357615e-06,31372.490226559887,0
wfcommons,deterministic,srasearch,2.0,srasearch_7,0,CPoP_static,9.24266454357615e-06,31345.81490010973,0
wfcommons,deterministic,srasearch,2.0,srasearch_7,0,HEFT-Tp_static,1.2939730356262044e-05,32334.596838287107,0
wfcommons,deterministic,srasearch,2.0,srasearch_7,0,CPoP-Tp_static,1.6174662943844882e-05,32167.10862466938,0
wfcommons,deterministic,srasearch,2.0,srasearch_7,0,FastestNode,1.3580819341789037e-05,73633.25988167376,0
wfcommons,deterministic,srasearch,2.0,srasearch_7,0,MaxTP,1.4377478171441248e-05,35009.59445756132,0
wfcommons,deterministic,srasearch,2.0,srasearch_8,0,HEFT_static,1.2698389774519792e-05,24926.07046242862,0
wfcommons,deterministic,srasearch,2.0,srasearch_8,0,CPoP_static,1.0040587263573784e-05,24747.450047130045,0
wfcommons,deterministic,srasearch,2.0,srasearch_8,0,HEFT-Tp_static,1.9624784188956823e-05,25806.597186303938,0
wfcommons,deterministic,srasearch,2.0,srasearch_8,0,CPoP-Tp_static,2.158726260696939e-05,23267.99750092127,0
wfcommons,deterministic,srasearch,2.0,srasearch_8,0,FastestNode,1.5072907576070536e-05,66344.20034443762,0
wfcommons,deterministic,srasearch,2.0,srasearch_8,0,MaxTP,1.9624784188956823e-05,25580.698291317553,0
wfcommons,deterministic,srasearch,2.0,srasearch_10,0,HEFT_static,1.0147398295501882e-05,32638.680069300422,0
wfcommons,deterministic,srasearch,2.0,srasearch_10,0,CPoP_static,1.0147398295501882e-05,32638.680069300422,0
wfcommons,deterministic,srasearch,2.0,srasearch_10,0,HEFT-Tp_static,1.3676928134960254e-05,39572.87449827583,0
wfcommons,deterministic,srasearch,2.0,srasearch_10,0,CPoP-Tp_static,1.0847218867219353e-05,39558.37717066927,0
wfcommons,deterministic,srasearch,2.0,srasearch_10,0,FastestNode,1.472736237890642e-05,67900.82122459933,0
wfcommons,deterministic,srasearch,2.0,srasearch_10,0,MaxTP,1.3676928134960254e-05,39843.18582098383,0
wfcommons,deterministic,srasearch,2.0,srasearch_11,0,HEFT_static,5.485387538599927e-06,60178.67931564317,0
wfcommons,deterministic,srasearch,2.0,srasearch_11,0,CPoP_static,6.453397104020091e-06,56516.087664046674,0
wfcommons,deterministic,srasearch,2.0,srasearch_11,0,HEFT-Tp_static,6.329293313477022e-06,61536.987068982904,0
wfcommons,deterministic,srasearch,2.0,srasearch_11,0,CPoP-Tp_static,9.68009565441678e-06,57793.3970610237,0
wfcommons,deterministic,srasearch,2.0,srasearch_11,0,FastestNode,1.1753261236133871e-05,85082.76808530741,0
wfcommons,deterministic,srasearch,2.0,srasearch_11,0,MaxTP,6.58246504592496e-06,55523.402704903594,0
wfcommons,deterministic,srasearch,2.0,srasearch_12,0,HEFT_static,9.81546177551082e-06,46364.3477350608,0
wfcommons,deterministic,srasearch,2.0,srasearch_12,0,CPoP_static,1.2814630649528531e-05,46236.07447839017,0
wfcommons,deterministic,srasearch,2.0,srasearch_12,0,HEFT-Tp_static,1.0251704520875806e-05,45322.752901095046,0
wfcommons,deterministic,srasearch,2.0,srasearch_12,0,CPoP-Tp_static,9.610972988614737e-06,45415.26058164064,0
wfcommons,deterministic,srasearch,2.0,srasearch_12,0,FastestNode,1.3131715146670568e-05,76151.51477402817,0
wfcommons,deterministic,srasearch,2.0,srasearch_12,0,MaxTP,9.414830682812702e-06,47472.05675896995,0
wfcommons,deterministic,srasearch,2.0,srasearch_14,0,HEFT_static,1.2149255338765465e-05,24748.34152804286,0
wfcommons,deterministic,srasearch,2.0,srasearch_14,0,CPoP_static,1.3083813437386153e-05,22807.658516556065,0
wfcommons,deterministic,srasearch,2.0,srasearch_14,0,HEFT-Tp_static,2.2185596705571705e-05,25349.46756525692,0
wfcommons,deterministic,srasearch,2.0,srasearch_14,0,CPoP-Tp_static,1.962572016262113e-05,23482.134972292104,0
wfcommons,deterministic,srasearch,2.0,srasearch_14,0,FastestNode,1.8150298981161945e-05,55095.51115592699,0
wfcommons,deterministic,srasearch,2.0,srasearch_14,0,MaxTP,1.962572015280827e-05,23610.36006722277,0
wfcommons,deterministic,srasearch,2.0,srasearch_16,0,HEFT_static,1.5302479445949285e-05,17153.369851414,0
wfcommons,deterministic,srasearch,2.0,srasearch_16,0,CPoP_static,1.5830151150836455e-05,17171.343711303976,0
wfcommons,deterministic,srasearch,2.0,srasearch_16,0,HEFT-Tp_static,3.060495888373725e-05,17387.919101958905,0
wfcommons,deterministic,srasearch,2.0,srasearch_16,0,CPoP-Tp_static,2.550413241671658e-05,17345.72837635544,0
wfcommons,deterministic,srasearch,2.0,srasearch_16,0,FastestNode,2.863383419003228e-05,34923.71972832539,0
wfcommons,deterministic,srasearch,2.0,srasearch_16,0,MaxTP,2.869214895446008e-05,17335.00498628724,0
wfcommons,deterministic,srasearch,2.0,srasearch_15,0,HEFT_static,1.7349216677826753e-05,15118.03234885576,0
wfcommons,deterministic,srasearch,2.0,srasearch_15,0,CPoP_static,1.4535830189530525e-05,15005.51836696593,0
wfcommons,deterministic,srasearch,2.0,srasearch_15,0,HEFT-Tp_static,2.9879206487421972e-05,15524.892388789818,0
wfcommons,deterministic,srasearch,2.0,srasearch_15,0,CPoP-Tp_static,3.163680686820792e-05,15460.97180133531,0
wfcommons,deterministic,srasearch,2.0,srasearch_15,0,FastestNode,2.3623085761394443e-05,42331.472276761306,0
wfcommons,deterministic,srasearch,2.0,srasearch_15,0,MaxTP,3.3614107313289325e-05,15480.402971214928,0
wfcommons,deterministic,srasearch,2.0,srasearch_13,0,HEFT_static,8.855324776521809e-06,24856.106171983683,0
wfcommons,deterministic,srasearch,2.0,srasearch_13,0,CPoP_static,9.052109771507524e-06,26548.167478059193,0
wfcommons,deterministic,srasearch,2.0,srasearch_13,0,HEFT-Tp_static,2.0367246990870613e-05,28119.090431210472,0
wfcommons,deterministic,srasearch,2.0,srasearch_13,0,CPoP-Tp_static,1.851567908260965e-05,27980.968654802196,0
wfcommons,deterministic,srasearch,2.0,srasearch_13,0,FastestNode,1.3291025836516617e-05,75238.73719758705,0
wfcommons,deterministic,srasearch,2.0,srasearch_13,0,MaxTP,1.939737807638291e-05,27942.00041217681,0
wfcommons,deterministic,srasearch,2.0,srasearch_17,0,HEFT_static,1.668750058272714e-05,19666.67345486912,0
wfcommons,deterministic,srasearch,2.0,srasearch_17,0,CPoP_static,1.668750058272714e-05,19666.67345486912,0
wfcommons,deterministic,srasearch,2.0,srasearch_17,0,HEFT-Tp_static,2.1238637103427264e-05,20083.414982263144,0
wfcommons,deterministic,srasearch,2.0,srasearch_17,0,CPoP-Tp_static,2.9203126012732473e-05,20040.329711378992,0
wfcommons,deterministic,srasearch,2.0,srasearch_17,0,FastestNode,3.516707340480368e-05,28435.6900697753,0
wfcommons,deterministic,srasearch,2.0,srasearch_17,0,MaxTP,3.5942308934082074e-05,20169.4999322567,0
wfcommons,deterministic,srasearch,2.0,srasearch_19,0,HEFT_static,7.262459753604491e-05,5963.5679194650975,0
wfcommons,deterministic,srasearch,2.0,srasearch_19,0,CPoP_static,7.262459753604491e-05,5963.5679194650975,0
wfcommons,deterministic,srasearch,2.0,srasearch_19,0,HEFT-Tp_static,0.0001452491949631,6605.675963104301,0
wfcommons,deterministic,srasearch,2.0,srasearch_19,0,CPoP-Tp_static,0.0001936655932357,6707.560250012756,0
wfcommons,deterministic,srasearch,2.0,srasearch_19,0,FastestNode,6.402887877198986e-05,15617.952698517736,0
wfcommons,deterministic,srasearch,2.0,srasearch_19,0,MaxTP,0.0001452491949631,6660.591696009958,0
wfcommons,deterministic,srasearch,2.0,srasearch_18,0,HEFT_static,2.3656032984023656e-05,9666.047196178628,0
wfcommons,deterministic,srasearch,2.0,srasearch_18,0,CPoP_static,2.3656032984023656e-05,9666.047196178628,0
wfcommons,deterministic,srasearch,2.0,srasearch_18,0,HEFT-Tp_static,5.5914259757741054e-05,10397.32270809083,0
wfcommons,deterministic,srasearch,2.0,srasearch_18,0,CPoP-Tp_static,4.731206596076854e-05,10420.144088203398,0
wfcommons,deterministic,srasearch,2.0,srasearch_18,0,FastestNode,3.256470335055512e-05,30708.094873002607,0
wfcommons,deterministic,srasearch,2.0,srasearch_18,0,MaxTP,5.1254738143879286e-05,10435.086246954,0
wfcommons,deterministic,srasearch,2.0,srasearch_20,0,HEFT_static,8.368381331002706e-06,40797.67212428387,0
wfcommons,deterministic,srasearch,2.0,srasearch_20,0,CPoP_static,7.903471257213081e-06,38611.79565696799,0
wfcommons,deterministic,srasearch,2.0,srasearch_20,0,HEFT-Tp_static,9.925289484956132e-06,39763.56017215108,0
wfcommons,deterministic,srasearch,2.0,srasearch_20,0,CPoP-Tp_static,9.925289484956132e-06,39872.03449509771,0
wfcommons,deterministic,srasearch,2.0,srasearch_20,0,FastestNode,1.5270328100630338e-05,65486.477658507974,0
wfcommons,deterministic,srasearch,2.0,srasearch_20,0,MaxTP,9.699714724026683e-06,39878.165289364406,0
wfcommons,deterministic,srasearch,2.0,srasearch_22,0,HEFT_static,1.4109865487201157e-05,23404.733365786265,0
wfcommons,deterministic,srasearch,2.0,srasearch_22,0,CPoP_static,1.4109865487201157e-05,23458.027056305375,0
wfcommons,deterministic,srasearch,2.0,srasearch_22,0,HEFT-Tp_static,2.4506608472298445e-05,24235.27509240192,0
wfcommons,deterministic,srasearch,2.0,srasearch_22,0,CPoP-Tp_static,2.586808672000309e-05,24143.078004704283,0
wfcommons,deterministic,srasearch,2.0,srasearch_22,0,FastestNode,2.937921800243091e-05,34037.6656695657,0
wfcommons,deterministic,srasearch,2.0,srasearch_22,0,MaxTP,2.738973887910818e-05,24375.98757399326,0
wfcommons,deterministic,srasearch,2.0,srasearch_21,0,HEFT_static,7.174876764828706e-06,41550.476342460104,0
wfcommons,deterministic,srasearch,2.0,srasearch_21,0,CPoP_static,8.874189685269016e-06,41655.73226395453,0
wfcommons,deterministic,srasearch,2.0,srasearch_21,0,HEFT-Tp_static,1.2043543144293664e-05,42524.3610688972,0
wfcommons,deterministic,srasearch,2.0,srasearch_21,0,CPoP-Tp_static,1.2043543144293664e-05,42325.54022945496,0
wfcommons,deterministic,srasearch,2.0,srasearch_21,0,FastestNode,1.138194694790848e-05,87858.43095005545,0
wfcommons,deterministic,srasearch,2.0,srasearch_21,0,MaxTP,1.0878038963775872e-05,42141.30353670122,0
wfcommons,deterministic,srasearch,2.0,srasearch_23,0,HEFT_static,1.1728341119733945e-05,25896.59936367751,0
wfcommons,deterministic,srasearch,2.0,srasearch_23,0,CPoP_static,1.1728341119733945e-05,25896.59936367751,0
wfcommons,deterministic,srasearch,2.0,srasearch_23,0,HEFT-Tp_static,2.0987557788822174e-05,26340.66911906322,0
wfcommons,deterministic,srasearch,2.0,srasearch_23,0,CPoP-Tp_static,2.0987557788822174e-05,26122.20822486703,0
wfcommons,deterministic,srasearch,2.0,srasearch_23,0,FastestNode,2.8746281557536433e-05,34787.1079603288,0
wfcommons,deterministic,srasearch,2.0,srasearch_23,0,MaxTP,1.9938179900850196e-05,26693.42565289515,0
wfcommons,deterministic,srasearch,2.0,srasearch_25,0,HEFT_static,2.326800059906337e-05,11107.426767217692,0
wfcommons,deterministic,srasearch,2.0,srasearch_25,0,CPoP_static,2.449263221566354e-05,11205.337771581437,0
wfcommons,deterministic,srasearch,2.0,srasearch_25,0,HEFT-Tp_static,4.6536001209760715e-05,11797.882898108946,0
wfcommons,deterministic,srasearch,2.0,srasearch_25,0,CPoP-Tp_static,5.170666798211931e-05,11679.23643139975,0
wfcommons,deterministic,srasearch,2.0,srasearch_25,0,FastestNode,4.5505270155175065e-05,21975.47661161003,0
wfcommons,deterministic,srasearch,2.0,srasearch_25,0,MaxTP,5.8170001512200894e-05,11665.701432913163,0
wfcommons,deterministic,srasearch,2.0,srasearch_28,0,HEFT_static,4.098793812447772e-05,9133.8598030857,0
wfcommons,deterministic,srasearch,2.0,srasearch_28,0,CPoP_static,4.098793812447772e-05,9133.8598030857,0
wfcommons,deterministic,srasearch,2.0,srasearch_28,0,HEFT-Tp_static,8.197587624895543e-05,11078.052085125471,0
wfcommons,deterministic,srasearch,2.0,srasearch_28,0,CPoP-Tp_static,8.197587624895543e-05,11047.316630538551,0
wfcommons,deterministic,srasearch,2.0,srasearch_28,0,FastestNode,5.453794687208174e-05,18335.85709314554,0
wfcommons,deterministic,srasearch,2.0,srasearch_28,0,MaxTP,8.197587624895543e-05,11457.374240751862,0
wfcommons,deterministic,srasearch,2.0,srasearch_24,0,HEFT_static,2.797708572093695e-05,15798.82377047544,0
wfcommons,deterministic,srasearch,2.0,srasearch_24,0,CPoP_static,1.7147246089471328e-05,15659.78817477877,0
wfcommons,deterministic,srasearch,2.0,srasearch_24,0,HEFT-Tp_static,2.953136827186899e-05,16221.842654006416,0
wfcommons,deterministic,srasearch,2.0,srasearch_24,0,CPoP-Tp_static,2.7977085731244305e-05,16026.314945612385,0
wfcommons,deterministic,srasearch,2.0,srasearch_24,0,FastestNode,2.375054281008249e-05,42104.30085730535,0
wfcommons,deterministic,srasearch,2.0,srasearch_24,0,MaxTP,2.797708572093695e-05,16167.393985825876,0
wfcommons,deterministic,srasearch,2.0,srasearch_26,0,HEFT_static,8.70713880187694e-06,33912.585515549654,0
wfcommons,deterministic,srasearch,2.0,srasearch_26,0,CPoP_static,2.0679454644979653e-05,33930.38252682519,0
wfcommons,deterministic,srasearch,2.0,srasearch_26,0,HEFT-Tp_static,1.1542021201235416e-05,36886.47456446626,0
wfcommons,deterministic,srasearch,2.0,srasearch_26,0,CPoP-Tp_static,1.181683122971194e-05,34955.22783384877,0
wfcommons,deterministic,srasearch,2.0,srasearch_26,0,FastestNode,1.6480881763510154e-05,60676.365157481305,0
wfcommons,deterministic,srasearch,2.0,srasearch_26,0,MaxTP,1.1279702537684248e-05,34986.526973926375,0
wfcommons,deterministic,srasearch,2.0,srasearch_27,0,HEFT_static,7.88782787743498e-06,47495.18990213682,0
wfcommons,deterministic,srasearch,2.0,srasearch_27,0,CPoP_static,1.113575700152708e-05,48809.42705027862,0
wfcommons,deterministic,srasearch,2.0,srasearch_27,0,HEFT-Tp_static,8.055654002415374e-06,50175.39471325256,0
wfcommons,deterministic,srasearch,2.0,srasearch_27,0,CPoP-Tp_static,8.604903138694038e-06,45277.25827982037,0
wfcommons,deterministic,srasearch,2.0,srasearch_27,0,FastestNode,1.2345948537523916e-05,80998.23168391165,0
wfcommons,deterministic,srasearch,2.0,srasearch_27,0,MaxTP,9.01466043081768e-06,47782.38989049944,0
wfcommons,deterministic,srasearch,5.0,srasearch_0,0,HEFT_static,4.373874616429802e-06,37935.7601265689,0
wfcommons,deterministic,srasearch,5.0,srasearch_0,0,CPoP_static,4.373874616429802e-06,37935.7601265689,0
wfcommons,deterministic,srasearch,5.0,srasearch_0,0,HEFT-Tp_static,1.1299176086672571e-05,31434.367812390716,0
wfcommons,deterministic,srasearch,5.0,srasearch_0,0,CPoP-Tp_static,1.1299176086672571e-05,31434.367812390716,0
wfcommons,deterministic,srasearch,5.0,srasearch_0,0,FastestNode,2.263719856147264e-05,44175.077463073176,0
wfcommons,deterministic,srasearch,5.0,srasearch_0,0,MaxTP,1.0430008696058656e-05,38376.03450805578,0
wfcommons,deterministic,srasearch,5.0,srasearch_1,0,HEFT_static,1.592278715302095e-05,15637.079211548442,0
wfcommons,deterministic,srasearch,5.0,srasearch_1,0,CPoP_static,1.592278715302095e-05,15637.079211548442,0
wfcommons,deterministic,srasearch,5.0,srasearch_1,0,HEFT-Tp_static,3.18455743166571e-05,15980.33493115238,0
wfcommons,deterministic,srasearch,5.0,srasearch_1,0,CPoP-Tp_static,2.7296206557134665e-05,15982.603424823388,0
wfcommons,deterministic,srasearch,5.0,srasearch_1,0,FastestNode,6.270101602968306e-05,15948.70487468108,0
wfcommons,deterministic,srasearch,5.0,srasearch_1,0,MaxTP,3.18455743166571e-05,16099.48952920647,0
wfcommons,deterministic,srasearch,5.0,srasearch_3,0,HEFT_static,3.48161303457889e-05,7778.551735252033,0
wfcommons,deterministic,srasearch,5.0,srasearch_3,0,CPoP_static,3.4816130333128486e-05,7797.7393985141425,0
wfcommons,deterministic,srasearch,5.0,srasearch_3,0,HEFT-Tp_static,7.659548669945918e-05,8231.797911459644,0
wfcommons,deterministic,srasearch,5.0,srasearch_3,0,CPoP-Tp_static,6.382957226869821e-05,8217.018882412642,0
wfcommons,deterministic,srasearch,5.0,srasearch_3,0,FastestNode,0.000133940700269,7465.990531565644,0
wfcommons,deterministic,srasearch,5.0,srasearch_3,0,MaxTP,6.382957226869821e-05,8204.27079654131,0
wfcommons,deterministic,srasearch,2.0,srasearch_29,0,HEFT_static,6.463281177372267e-06,50577.87450855706,0
wfcommons,deterministic,srasearch,2.0,srasearch_29,0,CPoP_static,6.6787238832056795e-06,48011.07754262971,0
wfcommons,deterministic,srasearch,2.0,srasearch_29,0,HEFT-Tp_static,7.560819490055366e-06,51657.58736521307,0
wfcommons,deterministic,srasearch,2.0,srasearch_29,0,CPoP-Tp_static,1.1131206469288498e-05,48359.658588769526,0
wfcommons,deterministic,srasearch,2.0,srasearch_29,0,FastestNode,1.14899063449837e-05,87032.91132016883,0
wfcommons,deterministic,srasearch,2.0,srasearch_29,0,MaxTP,8.348404853241823e-06,51388.627063006905,0
wfcommons,deterministic,srasearch,5.0,srasearch_2,0,HEFT_static,3.5893871066813655e-06,38576.9106754302,0
wfcommons,deterministic,srasearch,5.0,srasearch_2,0,CPoP_static,3.3060144395814125e-06,38566.48815803855,0
wfcommons,deterministic,srasearch,5.0,srasearch_2,0,HEFT-Tp_static,8.37523657723137e-06,39015.84738620466,0
wfcommons,deterministic,srasearch,5.0,srasearch_2,0,CPoP-Tp_static,8.375236582256512e-06,38802.063771296984,0
wfcommons,deterministic,srasearch,5.0,srasearch_2,0,FastestNode,1.8313333261349427e-05,54605.02387681295,0
wfcommons,deterministic,srasearch,5.0,srasearch_2,0,MaxTP,7.389914631402805e-06,38968.7402632358,0
wfcommons,deterministic,srasearch,5.0,srasearch_6,0,HEFT_static,1.917049690143847e-05,14382.934028117405,0
wfcommons,deterministic,srasearch,5.0,srasearch_6,0,CPoP_static,1.917049690143847e-05,14382.934028117405,0
wfcommons,deterministic,srasearch,5.0,srasearch_6,0,HEFT-Tp_static,4.217509319850104e-05,14629.494313950794,0
wfcommons,deterministic,srasearch,5.0,srasearch_6,0,CPoP-Tp_static,3.514591099875086e-05,14764.489190157015,0
wfcommons,deterministic,srasearch,5.0,srasearch_6,0,FastestNode,7.084472543732137e-05,14115.376886946982,0
wfcommons,deterministic,srasearch,5.0,srasearch_6,0,MaxTP,4.217509319850104e-05,14629.494313950794,0
wfcommons,deterministic,srasearch,5.0,srasearch_5,0,HEFT_static,1.4002446723991568e-05,12930.9742459652,0
wfcommons,deterministic,srasearch,5.0,srasearch_5,0,CPoP_static,1.48775996468665e-05,12899.719507549704,0
wfcommons,deterministic,srasearch,5.0,srasearch_5,0,HEFT-Tp_static,3.967359905831068e-05,13277.464857589726,0
wfcommons,deterministic,srasearch,5.0,srasearch_5,0,CPoP-Tp_static,3.400594204998058e-05,13246.415696552916,0
wfcommons,deterministic,srasearch,5.0,srasearch_5,0,FastestNode,4.739744990609727e-05,21098.181484050816,0
wfcommons,deterministic,srasearch,5.0,srasearch_5,0,MaxTP,3.967359905831068e-05,13289.81334050111,0
wfcommons,deterministic,srasearch,5.0,srasearch_9,0,HEFT_static,6.525838780273056e-06,28226.18550282161,0
wfcommons,deterministic,srasearch,5.0,srasearch_9,0,CPoP_static,6.525838780273056e-06,28226.18550282161,0
wfcommons,deterministic,srasearch,5.0,srasearch_9,0,HEFT-Tp_static,1.86452536492663e-05,28424.05494882893,0
wfcommons,deterministic,srasearch,5.0,srasearch_9,0,CPoP-Tp_static,1.86452536492663e-05,28525.814329024342,0
wfcommons,deterministic,srasearch,5.0,srasearch_9,0,FastestNode,2.9446697585717675e-05,33959.66549692324,0
wfcommons,deterministic,srasearch,5.0,srasearch_9,0,MaxTP,2.17527959215544e-05,28395.836222554415,0
wfcommons,deterministic,srasearch,5.0,srasearch_4,0,HEFT_static,5.0061332660905194e-06,28143.332526250877,0
wfcommons,deterministic,srasearch,5.0,srasearch_4,0,CPoP_static,5.0061332660905194e-06,28109.62976510477,0
wfcommons,deterministic,srasearch,5.0,srasearch_4,0,HEFT-Tp_static,1.0306744953535336e-05,34647.09300718888,0
wfcommons,deterministic,srasearch,5.0,srasearch_4,0,CPoP-Tp_static,1.2515333157180726e-05,28967.4990226176,0
wfcommons,deterministic,srasearch,5.0,srasearch_4,0,FastestNode,1.8737969688851385e-05,53367.57485497447,0
wfcommons,deterministic,srasearch,5.0,srasearch_4,0,MaxTP,1.095091651341312e-05,34562.8999252249,0
wfcommons,deterministic,srasearch,5.0,srasearch_7,0,HEFT_static,3.6970658174304657e-06,39100.62653698458,0
wfcommons,deterministic,srasearch,5.0,srasearch_7,0,CPoP_static,3.6970658174304657e-06,39073.951206670354,0
wfcommons,deterministic,srasearch,5.0,srasearch_7,0,HEFT-Tp_static,6.469865177537958e-06,39926.07194119739,0
wfcommons,deterministic,srasearch,5.0,srasearch_7,0,CPoP-Tp_static,7.763838212333864e-06,39895.90990354817,0
wfcommons,deterministic,srasearch,5.0,srasearch_7,0,FastestNode,1.3580819341789037e-05,73633.25988167376,0
wfcommons,deterministic,srasearch,5.0,srasearch_7,0,MaxTP,7.058034738838233e-06,39894.472610091456,0
wfcommons,deterministic,srasearch,5.0,srasearch_8,0,HEFT_static,4.317452522257366e-06,29533.766946273496,0
wfcommons,deterministic,srasearch,5.0,srasearch_8,0,CPoP_static,4.317452522257366e-06,34090.994293876756,0
wfcommons,deterministic,srasearch,5.0,srasearch_8,0,HEFT-Tp_static,8.22371908854551e-06,30418.331128828755,0
wfcommons,deterministic,srasearch,5.0,srasearch_8,0,CPoP-Tp_static,1.0158711814237692e-05,30111.75497567379,0
wfcommons,deterministic,srasearch,5.0,srasearch_8,0,FastestNode,1.5072907576070536e-05,66344.20034443762,0
wfcommons,deterministic,srasearch,5.0,srasearch_8,0,MaxTP,1.015871181304255e-05,30291.44079381852,0
wfcommons,deterministic,srasearch,5.0,srasearch_10,0,HEFT_static,4.058959318200753e-06,37200.18843843687,0
wfcommons,deterministic,srasearch,5.0,srasearch_10,0,CPoP_static,4.058959318200753e-06,37259.01444239061,0
wfcommons,deterministic,srasearch,5.0,srasearch_10,0,HEFT-Tp_static,6.99042993429554e-06,48781.40520026066,0
wfcommons,deterministic,srasearch,5.0,srasearch_10,0,CPoP-Tp_static,6.291386941425222e-06,48847.03363555569,0
wfcommons,deterministic,srasearch,5.0,srasearch_10,0,FastestNode,1.472736237890642e-05,67900.82122459933,0
wfcommons,deterministic,srasearch,5.0,srasearch_10,0,MaxTP,6.622512569642443e-06,48923.40174889041,0
wfcommons,deterministic,srasearch,5.0,srasearch_11,0,HEFT_static,2.1941550154399664e-06,65489.98327289818,0
wfcommons,deterministic,srasearch,5.0,srasearch_11,0,CPoP_static,2.5813588416080333e-06,65159.19209585708,0
wfcommons,deterministic,srasearch,5.0,srasearch_11,0,HEFT-Tp_static,2.8619413242256064e-06,74959.39191120735,0
wfcommons,deterministic,srasearch,5.0,srasearch_11,0,CPoP-Tp_static,5.723882646460302e-06,66415.45057577989,0
wfcommons,deterministic,srasearch,5.0,srasearch_11,0,FastestNode,1.1753261236133871e-05,85082.76808530741,0
wfcommons,deterministic,srasearch,5.0,srasearch_11,0,MaxTP,2.9255400202940696e-06,60302.230785430664,0
wfcommons,deterministic,srasearch,5.0,srasearch_12,0,HEFT_static,3.2951907391693843e-06,50293.11499216592,0
wfcommons,deterministic,srasearch,5.0,srasearch_12,0,CPoP_static,3.2951907391693843e-06,50271.08808568667,0
wfcommons,deterministic,srasearch,5.0,srasearch_12,0,HEFT-Tp_static,4.291411194687646e-06,51841.644372704905,0
wfcommons,deterministic,srasearch,5.0,srasearch_12,0,CPoP-Tp_static,3.844389195445902e-06,57349.70161731804,0
wfcommons,deterministic,srasearch,5.0,srasearch_12,0,FastestNode,1.3131715146670568e-05,76151.51477402817,0
wfcommons,deterministic,srasearch,5.0,srasearch_12,0,MaxTP,4.011536551689696e-06,57319.13740232634,0
wfcommons,deterministic,srasearch,5.0,srasearch_14,0,HEFT_static,5.233525376698966e-06,28604.63033640647,0
wfcommons,deterministic,srasearch,5.0,srasearch_14,0,CPoP_static,5.233525376698966e-06,28607.081984390763,0
wfcommons,deterministic,srasearch,5.0,srasearch_14,0,HEFT-Tp_static,9.277613162302304e-06,34068.28663842508,0
wfcommons,deterministic,srasearch,5.0,srasearch_14,0,CPoP-Tp_static,9.277613162302304e-06,33674.18127237523,0
wfcommons,deterministic,srasearch,5.0,srasearch_14,0,FastestNode,1.8150298981161945e-05,55095.51115592699,0
wfcommons,deterministic,srasearch,5.0,srasearch_14,0,MaxTP,8.874238677212805e-06,34288.59843291228,0
wfcommons,deterministic,srasearch,5.0,srasearch_16,0,HEFT_static,6.120991778379715e-06,23688.258552068604,0
wfcommons,deterministic,srasearch,5.0,srasearch_16,0,CPoP_static,6.332060460334582e-06,23706.232408691136,0
wfcommons,deterministic,srasearch,5.0,srasearch_16,0,HEFT-Tp_static,1.53024794398283e-05,23827.201588116168,0
wfcommons,deterministic,srasearch,5.0,srasearch_16,0,CPoP-Tp_static,1.22419835534949e-05,23880.62720732088,0
wfcommons,deterministic,srasearch,5.0,srasearch_16,0,FastestNode,2.863383419003228e-05,34923.71972832539,0
wfcommons,deterministic,srasearch,5.0,srasearch_16,0,MaxTP,1.22419835534949e-05,23869.893686941847,0
wfcommons,deterministic,srasearch,5.0,srasearch_13,0,HEFT_static,4.073449398174124e-06,37244.49250459891,0
wfcommons,deterministic,srasearch,5.0,srasearch_13,0,CPoP_static,3.542129910608729e-06,37218.95919822344,0
wfcommons,deterministic,srasearch,5.0,srasearch_13,0,HEFT-Tp_static,9.052109773720273e-06,39054.07045870465,0
wfcommons,deterministic,srasearch,5.0,srasearch_13,0,CPoP-Tp_static,8.57568294352447e-06,39038.85638219539,0
wfcommons,deterministic,srasearch,5.0,srasearch_13,0,FastestNode,1.3291025836516617e-05,75238.73719758705,0
wfcommons,deterministic,srasearch,5.0,srasearch_13,0,MaxTP,7.758951234617378e-06,33048.33035322195,0
wfcommons,deterministic,srasearch,5.0,srasearch_15,0,HEFT_static,2.1513028663294735e-05,20661.583612064907,0
wfcommons,deterministic,srasearch,5.0,srasearch_15,0,CPoP_static,5.814332075812201e-06,20583.53352429906,0
wfcommons,deterministic,srasearch,5.0,srasearch_15,0,HEFT-Tp_static,1.6548483590204903e-05,20908.05060083818,0
wfcommons,deterministic,srasearch,5.0,srasearch_15,0,CPoP-Tp_static,1.5366449057503688e-05,20994.72009467176,0
wfcommons,deterministic,srasearch,5.0,srasearch_15,0,FastestNode,2.3623085761394443e-05,42331.472276761306,0
wfcommons,deterministic,srasearch,5.0,srasearch_15,0,MaxTP,1.4342019112687694e-05,20933.274021360005,0
wfcommons,deterministic,srasearch,5.0,srasearch_17,0,HEFT_static,6.675000233090859e-06,26087.218974988504,0
wfcommons,deterministic,srasearch,5.0,srasearch_17,0,CPoP_static,6.675000233090859e-06,26087.218974988504,0
wfcommons,deterministic,srasearch,5.0,srasearch_17,0,HEFT-Tp_static,9.3450003251257e-06,26497.57510547932,0
wfcommons,deterministic,srasearch,5.0,srasearch_17,0,CPoP-Tp_static,9.3450003251257e-06,26573.385844352575,0
wfcommons,deterministic,srasearch,5.0,srasearch_17,0,FastestNode,3.516707340480368e-05,28435.6900697753,0
wfcommons,deterministic,srasearch,5.0,srasearch_17,0,MaxTP,2.076666737774656e-05,21264.550795733983,0
wfcommons,deterministic,srasearch,5.0,srasearch_19,0,HEFT_static,2.9049839014417972e-05,11127.107724300238,0
wfcommons,deterministic,srasearch,5.0,srasearch_19,0,CPoP_static,2.9049839014417972e-05,11127.107724300238,0
wfcommons,deterministic,srasearch,5.0,srasearch_19,0,HEFT-Tp_static,5.809967798526117e-05,11888.71098362116,0
wfcommons,deterministic,srasearch,5.0,srasearch_19,0,CPoP-Tp_static,5.809967798526117e-05,11764.330925968712,0
wfcommons,deterministic,srasearch,5.0,srasearch_19,0,FastestNode,6.402887877198986e-05,15617.952698517736,0
wfcommons,deterministic,srasearch,5.0,srasearch_19,0,MaxTP,5.809967798526117e-05,11696.84637446309,0
wfcommons,deterministic,srasearch,5.0,srasearch_20,0,HEFT_static,3.5565620655976973e-06,45335.42687869638,0
wfcommons,deterministic,srasearch,5.0,srasearch_20,0,CPoP_static,3.5565620655976973e-06,45360.41006175903,0
wfcommons,deterministic,srasearch,5.0,srasearch_20,0,HEFT-Tp_static,4.742082753537503e-06,46926.644816104505,0
wfcommons,deterministic,srasearch,5.0,srasearch_20,0,CPoP-Tp_static,4.377307157279899e-06,46975.525816594425,0
wfcommons,deterministic,srasearch,5.0,srasearch_20,0,FastestNode,1.5270328100630338e-05,65486.477658507974,0
wfcommons,deterministic,srasearch,5.0,srasearch_20,0,MaxTP,4.613918354855596e-06,47028.04660872833,0
wfcommons,deterministic,srasearch,5.0,srasearch_18,0,HEFT_static,9.462413193609463e-06,14543.645037439954,0
wfcommons,deterministic,srasearch,5.0,srasearch_18,0,CPoP_static,9.462413193609463e-06,14543.645037439954,0
wfcommons,deterministic,srasearch,5.0,srasearch_18,0,HEFT-Tp_static,2.2365703905129663e-05,15185.24652225501,0
wfcommons,deterministic,srasearch,5.0,srasearch_18,0,CPoP-Tp_static,2.0501895247300763e-05,15201.368363137834,0
wfcommons,deterministic,srasearch,5.0,srasearch_18,0,FastestNode,3.256470335055512e-05,30708.094873002607,0
wfcommons,deterministic,srasearch,5.0,srasearch_18,0,MaxTP,2.4602274291840464e-05,15072.647666656703,0
wfcommons,deterministic,srasearch,5.0,srasearch_22,0,HEFT_static,5.643946194880455e-06,29847.678623447264,0
wfcommons,deterministic,srasearch,5.0,srasearch_22,0,CPoP_static,5.643946194880455e-06,29900.97231396638,0
wfcommons,deterministic,srasearch,5.0,srasearch_22,0,HEFT-Tp_static,1.432694033417117e-05,30408.42964096414,0
wfcommons,deterministic,srasearch,5.0,srasearch_22,0,CPoP-Tp_static,1.693183857437966e-05,30296.24347327793,0
wfcommons,deterministic,srasearch,5.0,srasearch_22,0,FastestNode,2.937921800243091e-05,34037.6656695657,0
wfcommons,deterministic,srasearch,5.0,srasearch_22,0,MaxTP,1.5520852027690508e-05,30490.06637282805,0
wfcommons,deterministic,srasearch,5.0,srasearch_23,0,HEFT_static,4.691336447893581e-06,33419.85377736668,0
wfcommons,deterministic,srasearch,5.0,srasearch_23,0,CPoP_static,4.691336447893581e-06,33419.85377736668,0
wfcommons,deterministic,srasearch,5.0,srasearch_23,0,HEFT-Tp_static,1.0633695944993367e-05,33662.31691415746,0
wfcommons,deterministic,srasearch,5.0,srasearch_23,0,CPoP-Tp_static,1.1393245654861755e-05,27761.315498279353,0
wfcommons,deterministic,srasearch,5.0,srasearch_23,0,FastestNode,2.8746281557536433e-05,34787.1079603288,0
wfcommons,deterministic,srasearch,5.0,srasearch_23,0,MaxTP,8.861413288872914e-06,34221.58611332374,0
wfcommons,deterministic,srasearch,5.0,srasearch_21,0,HEFT_static,3.289943493075341e-06,52655.334492596354,0
wfcommons,deterministic,srasearch,5.0,srasearch_21,0,CPoP_static,3.211611505144976e-06,54637.31234017205,0
wfcommons,deterministic,srasearch,5.0,srasearch_21,0,HEFT-Tp_static,5.620320130491007e-06,55965.74384846675,0
wfcommons,deterministic,srasearch,5.0,srasearch_21,0,CPoP-Tp_static,6.423223010289952e-06,48232.78572904601,0
wfcommons,deterministic,srasearch,5.0,srasearch_21,0,FastestNode,1.138194694790848e-05,87858.43095005545,0
wfcommons,deterministic,srasearch,5.0,srasearch_21,0,MaxTP,4.99584011633894e-06,56025.471838320256,0
wfcommons,deterministic,srasearch,5.0,srasearch_25,0,HEFT_static,9.30720023962534e-06,17554.048569717477,0
wfcommons,deterministic,srasearch,5.0,srasearch_25,0,CPoP_static,9.79705288626541e-06,17651.959577304537,0
wfcommons,deterministic,srasearch,5.0,srasearch_25,0,HEFT-Tp_static,1.8614400483904287e-05,18281.94648223542,0
wfcommons,deterministic,srasearch,5.0,srasearch_25,0,CPoP-Tp_static,3.1024000780653814e-05,18125.858233899537,0
wfcommons,deterministic,srasearch,5.0,srasearch_25,0,FastestNode,4.5505270155175065e-05,21975.47661161003,0
wfcommons,deterministic,srasearch,5.0,srasearch_25,0,MaxTP,2.659200069129184e-05,18112.32323541295,0
wfcommons,deterministic,srasearch,5.0,srasearch_28,0,HEFT_static,1.639517524979109e-05,16453.086235967476,0
wfcommons,deterministic,srasearch,5.0,srasearch_28,0,CPoP_static,1.639517524979109e-05,16453.086235967476,0
wfcommons,deterministic,srasearch,5.0,srasearch_28,0,HEFT-Tp_static,3.279035049958218e-05,18778.2795619567,0
wfcommons,deterministic,srasearch,5.0,srasearch_28,0,CPoP-Tp_static,3.279035049958218e-05,18425.077371214506,0
wfcommons,deterministic,srasearch,5.0,srasearch_28,0,FastestNode,5.453794687208174e-05,18335.85709314554,0
wfcommons,deterministic,srasearch,5.0,srasearch_28,0,MaxTP,4.098793809373677e-05,18778.2795619567,0
wfcommons,deterministic,srasearch,5.0,srasearch_26,0,HEFT_static,4.223888609972653e-06,39591.33868208642,0
wfcommons,deterministic,srasearch,5.0,srasearch_26,0,CPoP_static,4.223888609972653e-06,39548.74674005817,0
wfcommons,deterministic,srasearch,5.0,srasearch_26,0,HEFT-Tp_static,4.963069116366755e-06,45813.629393922936,0
wfcommons,deterministic,srasearch,5.0,srasearch_26,0,CPoP-Tp_static,5.365480125595254e-06,40922.819536254625,0
wfcommons,deterministic,srasearch,5.0,srasearch_26,0,FastestNode,1.6480881763510154e-05,60676.365157481305,0
wfcommons,deterministic,srasearch,5.0,srasearch_26,0,MaxTP,5.0903272987757e-06,46038.18850211255,0
wfcommons,deterministic,srasearch,5.0,srasearch_24,0,HEFT_static,5.315646288006173e-06,21264.063682716987,0
wfcommons,deterministic,srasearch,5.0,srasearch_24,0,CPoP_static,5.595417146248853e-06,21151.5586790566,0
wfcommons,deterministic,srasearch,5.0,srasearch_24,0,HEFT-Tp_static,1.3289115722341036e-05,21706.442120575,0
wfcommons,deterministic,srasearch,5.0,srasearch_24,0,CPoP-Tp_static,1.2507403032791562e-05,21635.467970149417,0
wfcommons,deterministic,srasearch,5.0,srasearch_24,0,FastestNode,2.375054281008249e-05,42104.30085730535,0
wfcommons,deterministic,srasearch,5.0,srasearch_24,0,MaxTP,1.4175056770497106e-05,21575.339455791487,0
wfcommons,deterministic,srasearch,5.0,srasearch_27,0,HEFT_static,2.9695352009894843e-06,53919.24241504587,0
wfcommons,deterministic,srasearch,5.0,srasearch_27,0,CPoP_static,2.9695352009894843e-06,53920.63941047355,0
wfcommons,deterministic,srasearch,5.0,srasearch_27,0,HEFT-Tp_static,3.7861573808532818e-06,55651.85223553643,0
wfcommons,deterministic,srasearch,5.0,srasearch_27,0,CPoP-Tp_static,3.985428821845943e-06,55796.02599820629,0
wfcommons,deterministic,srasearch,5.0,srasearch_27,0,FastestNode,1.2345948537523916e-05,80998.23168391165,0
wfcommons,deterministic,srasearch,5.0,srasearch_27,0,MaxTP,3.985428821845943e-06,59587.056683378665,0
wfcommons,deterministic,srasearch,5.0,srasearch_29,0,HEFT_static,2.9683217257482587e-06,55222.26890596348,0
wfcommons,deterministic,srasearch,5.0,srasearch_29,0,CPoP_static,3.024327796022148e-06,55301.98583932833,0
wfcommons,deterministic,srasearch,5.0,srasearch_29,0,HEFT-Tp_static,3.5619860706076725e-06,62691.1006780059,0
wfcommons,deterministic,srasearch,5.0,srasearch_29,0,CPoP-Tp_static,6.411574924586176e-06,55631.83000164388,0
wfcommons,deterministic,srasearch,5.0,srasearch_29,0,FastestNode,1.14899063449837e-05,87032.91132016883,0
wfcommons,deterministic,srasearch,5.0,srasearch_29,0,MaxTP,3.727659841248847e-06,62600.89907147841,0
wfcommons,deterministic,genome,0.2,genome_3,0,HEFT_static,0.0004590345220987,2178.485390224765,0
wfcommons,deterministic,genome,0.2,genome_3,0,CPoP_static,0.0004587065769388,2180.042864600537,0
wfcommons,deterministic,genome,0.2,genome_3,0,HEFT-Tp_static,0.0004590345220989,2178.485390243267,0
wfcommons,deterministic,genome,0.2,genome_3,0,CPoP-Tp_static,0.0004583058503001,2224.2405879902394,0
wfcommons,deterministic,genome,0.2,genome_3,0,FastestNode,0.0002346832924217,4261.061747006717,0
wfcommons,deterministic,genome,0.2,genome_3,0,MaxTP,0.0004585519393999,2191.055442711325,0
wfcommons,deterministic,genome,0.2,genome_1,0,HEFT_static,0.0003264421095201,3064.5046808603647,0
wfcommons,deterministic,genome,0.2,genome_1,0,CPoP_static,0.0003259063478024,3070.7789403086504,0
wfcommons,deterministic,genome,0.2,genome_1,0,HEFT-Tp_static,0.0003262430541086,3137.8729881982185,0
wfcommons,deterministic,genome,0.2,genome_1,0,CPoP-Tp_static,0.0003263094761772,3169.4644139385036,0
wfcommons,deterministic,genome,0.2,genome_1,0,FastestNode,9.062121103655508e-05,11034.944121378128,0
wfcommons,deterministic,genome,0.2,genome_1,0,MaxTP,0.0003263356718108,3242.4457710600377,0
wfcommons,deterministic,genome,0.2,genome_0,0,HEFT_static,0.0001293656449356,7730.027554825577,0
wfcommons,deterministic,genome,0.2,genome_0,0,CPoP_static,0.0001293176331412,7749.582767851694,0
wfcommons,deterministic,genome,0.2,genome_0,0,HEFT-Tp_static,0.0001293903185504,7730.169920104004,0
wfcommons,deterministic,genome,0.2,genome_0,0,CPoP-Tp_static,0.0001293509627273,7743.792189641756,0
wfcommons,deterministic,genome,0.2,genome_0,0,FastestNode,7.057087020249799e-05,14170.152601641055,0
wfcommons,deterministic,genome,0.2,genome_0,0,MaxTP,0.0001293711182478,7744.866540539804,0
wfcommons,deterministic,genome,0.2,genome_4,0,HEFT_static,0.000146584623348,6822.703950376394,0
wfcommons,deterministic,genome,0.2,genome_4,0,CPoP_static,0.0001466235672117,6821.619297743276,0
wfcommons,deterministic,genome,0.2,genome_4,0,HEFT-Tp_static,0.0001465615379785,6831.881318067009,0
wfcommons,deterministic,genome,0.2,genome_4,0,CPoP-Tp_static,0.0001466040266871,6849.507125010038,0
wfcommons,deterministic,genome,0.2,genome_4,0,FastestNode,7.738826926502548e-05,12921.855075675348,0
wfcommons,deterministic,genome,0.2,genome_4,0,MaxTP,0.0001466115178035,6843.621828787006,0
wfcommons,deterministic,genome,0.2,genome_2,0,HEFT_static,0.0004352947634083,2299.3895128134495,0
wfcommons,deterministic,genome,0.2,genome_2,0,CPoP_static,0.0004344638920725,2305.0998633259273,0
wfcommons,deterministic,genome,0.2,genome_2,0,HEFT-Tp_static,0.0004349890849582,2417.8036365711614,0
wfcommons,deterministic,genome,0.2,genome_2,0,CPoP-Tp_static,0.0004353340850072,2350.688233630333,0
wfcommons,deterministic,genome,0.2,genome_2,0,FastestNode,0.0001045434590691,9565.39996766776,0
wfcommons,deterministic,genome,0.2,genome_2,0,MaxTP,0.0004349553154508,2361.0291419294012,0
wfcommons,deterministic,genome,0.2,genome_7,0,HEFT_static,0.0002021904640963,4946.658368917688,0
wfcommons,deterministic,genome,0.2,genome_7,0,CPoP_static,0.0002019643957863,4952.754045788431,0
wfcommons,deterministic,genome,0.2,genome_7,0,HEFT-Tp_static,0.000202058584852,4972.241819344437,0
wfcommons,deterministic,genome,0.2,genome_7,0,CPoP-Tp_static,0.0002021787937073,4958.4089791826855,0
wfcommons,deterministic,genome,0.2,genome_7,0,FastestNode,0.000107789627328,9277.330526034148,0
wfcommons,deterministic,genome,0.2,genome_7,0,MaxTP,0.0002020765895169,4967.359409964364,0
wfcommons,deterministic,genome,0.2,genome_8,0,HEFT_static,0.0003090425825882,3235.80003643819,0
wfcommons,deterministic,genome,0.2,genome_8,0,CPoP_static,0.0003089182846908,3240.1484249109344,0
wfcommons,deterministic,genome,0.2,genome_8,0,HEFT-Tp_static,0.0003087771830477,3239.96178388967,0
wfcommons,deterministic,genome,0.2,genome_8,0,CPoP-Tp_static,0.0003089427534064,3319.2181190043407,0
wfcommons,deterministic,genome,0.2,genome_8,0,FastestNode,0.0001370655510165,7295.779228139473,0
wfcommons,deterministic,genome,0.2,genome_8,0,MaxTP,0.0003090880345157,3292.0647574656036,0
wfcommons,deterministic,genome,0.2,genome_6,0,HEFT_static,0.00017729921141,5640.183010668611,0
wfcommons,deterministic,genome,0.2,genome_6,0,CPoP_static,0.0001771083865553,5659.236091370063,0
wfcommons,deterministic,genome,0.2,genome_6,0,HEFT-Tp_static,0.000177331915197,5644.0261928911295,0
wfcommons,deterministic,genome,0.2,genome_6,0,CPoP-Tp_static,0.0001773237039074,5675.318214889143,0
wfcommons,deterministic,genome,0.2,genome_6,0,FastestNode,7.915436197895218e-05,12633.542548999492,0
wfcommons,deterministic,genome,0.2,genome_6,0,MaxTP,0.0001773404794461,5659.567611158336,0
wfcommons,deterministic,genome,0.2,genome_9,0,HEFT_static,0.000605348458576,1657.400408837441,0
wfcommons,deterministic,genome,0.2,genome_9,0,CPoP_static,0.0006106824183563,1638.378898520599,0
wfcommons,deterministic,genome,0.2,genome_9,0,HEFT-Tp_static,0.0006181778997801,1800.4333324427184,0
wfcommons,deterministic,genome,0.2,genome_9,0,CPoP-Tp_static,0.0006183756620841,1779.8797656911693,0
wfcommons,deterministic,genome,0.2,genome_9,0,FastestNode,0.0002532028525756,3949.4025830579903,0
wfcommons,deterministic,genome,0.2,genome_9,0,MaxTP,0.0006195604678157,1778.485935967827,0
wfcommons,deterministic,genome,0.2,genome_10,0,HEFT_static,0.000166883876143,5992.498843608559,0
wfcommons,deterministic,genome,0.2,genome_10,0,CPoP_static,0.0001668772716631,5997.016440901068,0
wfcommons,deterministic,genome,0.2,genome_10,0,HEFT-Tp_static,0.000166906827959,5993.838801526818,0
wfcommons,deterministic,genome,0.2,genome_10,0,CPoP-Tp_static,0.0001668695514922,6006.077089318299,0
wfcommons,deterministic,genome,0.2,genome_10,0,FastestNode,8.562330018374549e-05,11679.063968032357,0
wfcommons,deterministic,genome,0.2,genome_10,0,MaxTP,0.0001669141611197,6003.35744573813,0
wfcommons,deterministic,genome,0.2,genome_5,0,HEFT_static,0.0003695026521466,2707.968872150889,0
wfcommons,deterministic,genome,0.2,genome_5,0,CPoP_static,0.0003679048273961,2724.4931816614703,0
wfcommons,deterministic,genome,0.2,genome_5,0,HEFT-Tp_static,0.0003696251100566,2727.937181583438,0
wfcommons,deterministic,genome,0.2,genome_5,0,CPoP-Tp_static,0.0003698306854431,2736.8371747747665,0
wfcommons,deterministic,genome,0.2,genome_5,0,FastestNode,9.319073163957196e-05,10730.680856414328,0
wfcommons,deterministic,genome,0.2,genome_5,0,MaxTP,0.0003694054365495,2835.5641604723783,0
wfcommons,deterministic,genome,0.2,genome_11,0,HEFT_static,0.0001563220179478,6397.051503884602,0
wfcommons,deterministic,genome,0.2,genome_11,0,CPoP_static,0.0001562194030334,6403.248614031049,0
wfcommons,deterministic,genome,0.2,genome_11,0,HEFT-Tp_static,0.0001563911981611,6399.72412513067,0
wfcommons,deterministic,genome,0.2,genome_11,0,CPoP-Tp_static,0.0001563645588351,6412.682334748986,0
wfcommons,deterministic,genome,0.2,genome_11,0,FastestNode,6.473840716219148e-05,15446.78103516918,0
wfcommons,deterministic,genome,0.2,genome_11,0,MaxTP,0.0001563391516132,6505.063913552503,0
wfcommons,deterministic,genome,0.2,genome_12,0,HEFT_static,0.0001889407508386,5293.205738507183,0
wfcommons,deterministic,genome,0.2,genome_12,0,CPoP_static,0.0001884886551327,5309.411926412671,0
wfcommons,deterministic,genome,0.2,genome_12,0,HEFT-Tp_static,0.0001889468541732,5309.328986365272,0
wfcommons,deterministic,genome,0.2,genome_12,0,CPoP-Tp_static,0.0001887647111836,5323.640414966978,0
wfcommons,deterministic,genome,0.2,genome_12,0,FastestNode,7.467247802795888e-05,13391.814848110169,0
wfcommons,deterministic,genome,0.2,genome_12,0,MaxTP,0.0001889471228332,5308.379324602253,0
wfcommons,deterministic,genome,0.2,genome_14,0,HEFT_static,0.0002599891574148,3846.3142461148327,0
wfcommons,deterministic,genome,0.2,genome_14,0,CPoP_static,0.0002601722300357,3849.322536701072,0
wfcommons,deterministic,genome,0.2,genome_14,0,HEFT-Tp_static,0.0002603473519852,3888.376482339139,0
wfcommons,deterministic,genome,0.2,genome_14,0,CPoP-Tp_static,0.0002602603696195,3885.0730845977146,0
wfcommons,deterministic,genome,0.2,genome_14,0,FastestNode,0.00010909824815,9166.05002331695,0
wfcommons,deterministic,genome,0.2,genome_14,0,MaxTP,0.00026019186163,3876.240655812635,0
wfcommons,deterministic,genome,0.2,genome_16,0,HEFT_static,0.0003400331928233,2940.8893634675555,0
wfcommons,deterministic,genome,0.2,genome_16,0,CPoP_static,0.0003404051386506,2943.773053277924,0
wfcommons,deterministic,genome,0.2,genome_16,0,HEFT-Tp_static,0.0003403644774282,2945.273249558242,0
wfcommons,deterministic,genome,0.2,genome_16,0,CPoP-Tp_static,0.0003402575119758,2963.874068261573,0
wfcommons,deterministic,genome,0.2,genome_16,0,FastestNode,0.0001460473807245,6847.0930121352285,0
wfcommons,deterministic,genome,0.2,genome_16,0,MaxTP,0.0003403124141405,2999.2695147741315,0
wfcommons,deterministic,genome,0.2,genome_15,0,HEFT_static,0.0002548235475343,3924.284116127728,0
wfcommons,deterministic,genome,0.2,genome_15,0,CPoP_static,0.0002545255735623,3928.8782891602327,0
wfcommons,deterministic,genome,0.2,genome_15,0,HEFT-Tp_static,0.0002549313266165,3931.5023437112536,0
wfcommons,deterministic,genome,0.2,genome_15,0,CPoP-Tp_static,0.0002548091063568,3953.894586499849,0
wfcommons,deterministic,genome,0.2,genome_15,0,FastestNode,9.507781768859112e-05,10517.70038806849,0
wfcommons,deterministic,genome,0.2,genome_15,0,MaxTP,0.0002548212744159,3939.746439816844,0
wfcommons,deterministic,genome,0.2,genome_17,0,HEFT_static,0.0003221191916092,3105.316984194625,0
wfcommons,deterministic,genome,0.2,genome_17,0,CPoP_static,0.0003215932245738,3113.2615976291986,0
wfcommons,deterministic,genome,0.2,genome_17,0,HEFT-Tp_static,0.0003220727407053,3104.8886590740644,0
wfcommons,deterministic,genome,0.2,genome_17,0,CPoP-Tp_static,0.0003222594392445,3123.099872094295,0
wfcommons,deterministic,genome,0.2,genome_17,0,FastestNode,0.0001395368632533,7166.564997126975,0
wfcommons,deterministic,genome,0.2,genome_17,0,MaxTP,0.0003222594437013,3218.3077662493165,0
wfcommons,deterministic,genome,0.2,genome_13,0,HEFT_static,0.0003851197257875,2598.9343622062465,0
wfcommons,deterministic,genome,0.2,genome_13,0,CPoP_static,0.0003831922020193,2616.0035033748277,0
wfcommons,deterministic,genome,0.2,genome_13,0,HEFT-Tp_static,0.000384684168518,2656.2257405518035,0
wfcommons,deterministic,genome,0.2,genome_13,0,CPoP-Tp_static,0.0003848605448532,2634.51680562961,0
wfcommons,deterministic,genome,0.2,genome_13,0,FastestNode,8.931062520613172e-05,11196.87604573329,0
wfcommons,deterministic,genome,0.2,genome_13,0,MaxTP,0.0003848825856016,2818.704987369496,0
wfcommons,deterministic,genome,0.2,genome_18,0,HEFT_static,0.0002487579614279,4022.116611943759,0
wfcommons,deterministic,genome,0.2,genome_18,0,CPoP_static,0.0002487508192767,4020.0872620750706,0
wfcommons,deterministic,genome,0.2,genome_18,0,HEFT-Tp_static,0.0002490569209774,4035.7775203327687,0
wfcommons,deterministic,genome,0.2,genome_18,0,CPoP-Tp_static,0.0002490393347354,4033.2131766684065,0
wfcommons,deterministic,genome,0.2,genome_18,0,FastestNode,9.42600785293e-05,10608.945118682008,0
wfcommons,deterministic,genome,0.2,genome_18,0,MaxTP,0.0002488758592367,4062.2986200204223,0
wfcommons,deterministic,genome,0.2,genome_20,0,HEFT_static,0.000187941541824,5328.5517988649135,0
wfcommons,deterministic,genome,0.2,genome_20,0,CPoP_static,0.0001876778747514,5330.647951835274,0
wfcommons,deterministic,genome,0.2,genome_20,0,HEFT-Tp_static,0.0001878765261808,5325.15533622362,0
wfcommons,deterministic,genome,0.2,genome_20,0,CPoP-Tp_static,0.000187899389678,5336.405956152084,0
wfcommons,deterministic,genome,0.2,genome_20,0,FastestNode,9.970928968588877e-05,10029.155790300689,0
wfcommons,deterministic,genome,0.2,genome_20,0,MaxTP,0.0001877963716913,5405.7870230477,0
wfcommons,deterministic,genome,0.2,genome_19,0,HEFT_static,0.000405787484353,2464.8018085487456,0
wfcommons,deterministic,genome,0.2,genome_19,0,CPoP_static,0.000405508838785,2467.698894889288,0
wfcommons,deterministic,genome,0.2,genome_19,0,HEFT-Tp_static,0.0004057021782417,2477.677097203069,0
wfcommons,deterministic,genome,0.2,genome_19,0,CPoP-Tp_static,0.0004056714353396,2492.571604943373,0
wfcommons,deterministic,genome,0.2,genome_19,0,FastestNode,0.000124169498872,8053.507577014298,0
wfcommons,deterministic,genome,0.2,genome_19,0,MaxTP,0.0004057755518175,2520.660188866489,0
wfcommons,deterministic,genome,0.2,genome_22,0,HEFT_static,0.0002019509617925,4951.697140379483,0
wfcommons,deterministic,genome,0.2,genome_22,0,CPoP_static,0.0002019292822178,4963.958105881448,0
wfcommons,deterministic,genome,0.2,genome_22,0,HEFT-Tp_static,0.0002019509617926,4951.697140402503,0
wfcommons,deterministic,genome,0.2,genome_22,0,CPoP-Tp_static,0.0002018910050722,4995.490832386159,0
wfcommons,deterministic,genome,0.2,genome_22,0,FastestNode,0.0001152871961638,8673.990115765966,0
wfcommons,deterministic,genome,0.2,genome_22,0,MaxTP,0.0002020480817647,4985.675051865583,0
wfcommons,deterministic,genome,0.2,genome_24,0,HEFT_static,0.0005586212152791,1790.1217724301912,0
wfcommons,deterministic,genome,0.2,genome_24,0,CPoP_static,0.0005558158503196,1805.361414784216,0
wfcommons,deterministic,genome,0.2,genome_24,0,HEFT-Tp_static,0.0005586212152794,1790.1217724505614,0
wfcommons,deterministic,genome,0.2,genome_24,0,CPoP-Tp_static,0.0005598258142176,1845.511787576368,0
wfcommons,deterministic,genome,0.2,genome_24,0,FastestNode,0.0003011882059905,3320.183128390015,0
wfcommons,deterministic,genome,0.2,genome_24,0,MaxTP,0.0005586780322004,1807.1767845854545,0
wfcommons,deterministic,genome,0.2,genome_23,0,HEFT_static,0.0003045879527963,3283.1239411120814,0
wfcommons,deterministic,genome,0.2,genome_23,0,CPoP_static,0.000303740495115,3302.19766484105,0
wfcommons,deterministic,genome,0.2,genome_23,0,HEFT-Tp_static,0.0003045985483231,3287.781453189349,0
wfcommons,deterministic,genome,0.2,genome_23,0,CPoP-Tp_static,0.0003047417201132,3297.949866200132,0
wfcommons,deterministic,genome,0.2,genome_23,0,FastestNode,0.0001255989028374,7961.852989225564,0
wfcommons,deterministic,genome,0.2,genome_23,0,MaxTP,0.0003047364539184,3315.4044534903737,0
wfcommons,deterministic,genome,0.2,genome_21,0,HEFT_static,0.0002026203667699,4935.33802127135,0
wfcommons,deterministic,genome,0.2,genome_21,0,CPoP_static,0.0002025813949141,4941.933457828428,0
wfcommons,deterministic,genome,0.2,genome_21,0,HEFT-Tp_static,0.0002026096623681,4935.598768170546,0
wfcommons,deterministic,genome,0.2,genome_21,0,CPoP-Tp_static,0.000202635188587,4953.735035994014,0
wfcommons,deterministic,genome,0.2,genome_21,0,FastestNode,8.239990231994513e-05,12135.936716492286,0
wfcommons,deterministic,genome,0.2,genome_21,0,MaxTP,0.0002025433798941,4957.754941685222,0
wfcommons,deterministic,genome,0.2,genome_26,0,HEFT_static,0.0003393753035049,2946.5903667129,0
wfcommons,deterministic,genome,0.2,genome_26,0,CPoP_static,0.0003391164490067,2949.8957857227524,0
wfcommons,deterministic,genome,0.2,genome_26,0,HEFT-Tp_static,0.0003395259820534,2961.5757037915523,0
wfcommons,deterministic,genome,0.2,genome_26,0,CPoP-Tp_static,0.0003396129976457,3016.3209154876004,0
wfcommons,deterministic,genome,0.2,genome_26,0,FastestNode,9.086866447344336e-05,11004.893774930002,0
wfcommons,deterministic,genome,0.2,genome_26,0,MaxTP,0.0003395711439282,3065.7213180457097,0
wfcommons,deterministic,genome,0.2,genome_29,0,HEFT_static,0.0003806970893787,2627.709742635035,0
wfcommons,deterministic,genome,0.2,genome_29,0,CPoP_static,0.0003809372245845,2625.3572056319003,0
wfcommons,deterministic,genome,0.2,genome_29,0,HEFT-Tp_static,0.0003808216942645,2626.280306543537,0
wfcommons,deterministic,genome,0.2,genome_29,0,CPoP-Tp_static,0.0003809980058947,2680.320935752125,0
wfcommons,deterministic,genome,0.2,genome_29,0,FastestNode,0.000133465439106,7492.576405532273,0
wfcommons,deterministic,genome,0.2,genome_29,0,MaxTP,0.0003810329350959,2754.5839995210677,0
wfcommons,deterministic,genome,0.2,genome_25,0,HEFT_static,0.0003486676647376,2869.105695275964,0
wfcommons,deterministic,genome,0.2,genome_25,0,CPoP_static,0.0003481980584355,2878.604934716365,0
wfcommons,deterministic,genome,0.2,genome_25,0,HEFT-Tp_static,0.0003486134148913,2891.625278338046,0
wfcommons,deterministic,genome,0.2,genome_25,0,CPoP-Tp_static,0.0003485718004411,2995.4568129832346,0
wfcommons,deterministic,genome,0.2,genome_25,0,FastestNode,7.810225913437462e-05,12803.726948275646,0
wfcommons,deterministic,genome,0.2,genome_25,0,MaxTP,0.0003482857999152,2950.537165202128,0
wfcommons,deterministic,genome,0.2,genome_28,0,HEFT_static,0.0002918386118091,3428.226278439157,0
wfcommons,deterministic,genome,0.2,genome_28,0,CPoP_static,0.000291454601484,3434.405760611508,0
wfcommons,deterministic,genome,0.2,genome_28,0,HEFT-Tp_static,0.0002917096431159,3437.1764338085745,0
wfcommons,deterministic,genome,0.2,genome_28,0,CPoP-Tp_static,0.0002919393462666,3452.725286923743,0
wfcommons,deterministic,genome,0.2,genome_28,0,FastestNode,0.0001058567361885,9446.729948476846,0
wfcommons,deterministic,genome,0.2,genome_28,0,MaxTP,0.0002918527351256,3453.5351779595276,0
wfcommons,deterministic,genome,0.2,genome_27,0,HEFT_static,0.000315737036454,3168.3758575098145,0
wfcommons,deterministic,genome,0.2,genome_27,0,CPoP_static,0.0003157082882843,3168.373066609934,0
wfcommons,deterministic,genome,0.2,genome_27,0,HEFT-Tp_static,0.0003159927517411,3199.9404649359553,0
wfcommons,deterministic,genome,0.2,genome_27,0,CPoP-Tp_static,0.0003159195785089,3361.911783503579,0
wfcommons,deterministic,genome,0.2,genome_27,0,FastestNode,7.5587203329529e-05,13229.75260296922,0
wfcommons,deterministic,genome,0.2,genome_27,0,MaxTP,0.0003154917793876,3483.126074452367,0
wfcommons,deterministic,genome,0.5,genome_3,0,HEFT_static,0.0004088484874626,2190.329750550377,0
wfcommons,deterministic,genome,0.5,genome_3,0,CPoP_static,0.0004167109583858,2187.18208387273,0
wfcommons,deterministic,genome,0.5,genome_3,0,HEFT-Tp_static,0.0004572466775802,2209.2304744605904,0
wfcommons,deterministic,genome,0.5,genome_3,0,CPoP-Tp_static,0.0004231496509909,2398.193267785701,0
wfcommons,deterministic,genome,0.5,genome_3,0,FastestNode,0.0002346832924217,4261.061747006717,0
wfcommons,deterministic,genome,0.5,genome_3,0,MaxTP,0.0004455921525679,2250.0078046835006,0
wfcommons,deterministic,genome,0.5,genome_1,0,HEFT_static,0.0003251082123359,3075.8989224385086,0
wfcommons,deterministic,genome,0.5,genome_1,0,CPoP_static,0.0003260928224983,3070.239161123592,0
wfcommons,deterministic,genome,0.5,genome_1,0,HEFT-Tp_static,0.0003249126466099,3207.9037937814364,0
wfcommons,deterministic,genome,0.5,genome_1,0,CPoP-Tp_static,0.0003263094761772,3200.068957994624,0
wfcommons,deterministic,genome,0.5,genome_1,0,FastestNode,9.062121103655508e-05,11034.944121378128,0
wfcommons,deterministic,genome,0.5,genome_1,0,MaxTP,0.0003263356718108,3273.0503151161583,0
wfcommons,deterministic,genome,0.5,genome_0,0,HEFT_static,0.0001068478651598,7729.572896728469,0
wfcommons,deterministic,genome,0.5,genome_0,0,CPoP_static,0.0001148614550437,7740.247087600884,0
wfcommons,deterministic,genome,0.5,genome_0,0,HEFT-Tp_static,0.0001190274145502,7982.276993524009,0
wfcommons,deterministic,genome,0.5,genome_0,0,CPoP-Tp_static,0.0001269187348427,7890.841539838538,0
wfcommons,deterministic,genome,0.5,genome_0,0,FastestNode,7.057087020249799e-05,14170.152601641055,0
wfcommons,deterministic,genome,0.5,genome_0,0,MaxTP,0.0001228464759731,7930.760278710742,0
wfcommons,deterministic,genome,0.5,genome_4,0,HEFT_static,0.0001253497629694,6824.128870359783,0
wfcommons,deterministic,genome,0.5,genome_4,0,CPoP_static,0.0001236208007183,6826.10483665433,0
wfcommons,deterministic,genome,0.5,genome_4,0,HEFT-Tp_static,0.000128956950398,6893.310390621706,0
wfcommons,deterministic,genome,0.5,genome_4,0,CPoP-Tp_static,0.0001354020200447,7412.203798592315,0
wfcommons,deterministic,genome,0.5,genome_4,0,FastestNode,7.738826926502548e-05,12921.855075675348,0
wfcommons,deterministic,genome,0.5,genome_4,0,MaxTP,0.0001389536132076,6931.668105806969,0
wfcommons,deterministic,genome,0.5,genome_2,0,HEFT_static,0.0004349737060669,2300.105783781967,0
wfcommons,deterministic,genome,0.5,genome_2,0,CPoP_static,0.0004342847812807,2303.2630449354656,0
wfcommons,deterministic,genome,0.5,genome_2,0,HEFT-Tp_static,0.0004349881456159,2359.9659121768996,0
wfcommons,deterministic,genome,0.5,genome_2,0,CPoP-Tp_static,0.0004353340850072,2405.523444394056,0
wfcommons,deterministic,genome,0.5,genome_2,0,FastestNode,0.0001045434590691,9565.39996766776,0
wfcommons,deterministic,genome,0.5,genome_2,0,MaxTP,0.0004349553154508,2388.5261443208974,0
wfcommons,deterministic,genome,0.5,genome_7,0,HEFT_static,0.0001615218861987,4950.811710068507,0
wfcommons,deterministic,genome,0.5,genome_7,0,CPoP_static,0.0001792892936615,4952.901082871653,0
wfcommons,deterministic,genome,0.5,genome_7,0,HEFT-Tp_static,0.0001887255722761,4974.46706114505,0
wfcommons,deterministic,genome,0.5,genome_7,0,CPoP-Tp_static,0.0001907332911165,5197.055919630017,0
wfcommons,deterministic,genome,0.5,genome_7,0,FastestNode,0.000107789627328,9277.330526034148,0
wfcommons,deterministic,genome,0.5,genome_7,0,MaxTP,0.0001986418581915,5034.185690404778,0
wfcommons,deterministic,genome,0.5,genome_8,0,HEFT_static,0.0003087250630141,3239.128013244668,0
wfcommons,deterministic,genome,0.5,genome_8,0,CPoP_static,0.0002821668396586,3243.591095090298,0
wfcommons,deterministic,genome,0.5,genome_8,0,HEFT-Tp_static,0.00030899189834,3281.591399040217,0
wfcommons,deterministic,genome,0.5,genome_8,0,CPoP-Tp_static,0.0003089427534064,3350.4887298170083,0
wfcommons,deterministic,genome,0.5,genome_8,0,FastestNode,0.0001370655510165,7295.779228139473,0
wfcommons,deterministic,genome,0.5,genome_8,0,MaxTP,0.0003090880345157,3321.9515291604675,0
wfcommons,deterministic,genome,0.5,genome_6,0,HEFT_static,0.0001771928775487,5644.2606350857695,0
wfcommons,deterministic,genome,0.5,genome_6,0,CPoP_static,0.0001330007228605,5648.1613835731905,0
wfcommons,deterministic,genome,0.5,genome_6,0,HEFT-Tp_static,0.0001769551857123,5666.442021397928,0
wfcommons,deterministic,genome,0.5,genome_6,0,CPoP-Tp_static,0.0001712345008011,5839.944610128508,0
wfcommons,deterministic,genome,0.5,genome_6,0,FastestNode,7.915436197895218e-05,12633.542548999492,0
wfcommons,deterministic,genome,0.5,genome_6,0,MaxTP,0.0001736860362693,5757.515235545176,0
wfcommons,deterministic,genome,0.5,genome_9,0,HEFT_static,0.0005236324025673,1686.2511395404847,0
wfcommons,deterministic,genome,0.5,genome_9,0,CPoP_static,0.0004679268278391,1675.951613849401,0
wfcommons,deterministic,genome,0.5,genome_9,0,HEFT-Tp_static,0.0005898434512332,1877.683713273918,0
wfcommons,deterministic,genome,0.5,genome_9,0,CPoP-Tp_static,0.0006183756620841,1815.4848423163132,0
wfcommons,deterministic,genome,0.5,genome_9,0,FastestNode,0.0002532028525756,3949.4025830579903,0
wfcommons,deterministic,genome,0.5,genome_9,0,MaxTP,0.0006054723989155,1866.5683131288215,0
wfcommons,deterministic,genome,0.5,genome_5,0,HEFT_static,0.0003695343581061,2708.9974152801387,0
wfcommons,deterministic,genome,0.5,genome_5,0,CPoP_static,0.0003662019126417,2748.3178556947196,0
wfcommons,deterministic,genome,0.5,genome_5,0,HEFT-Tp_static,0.000369575593369,2766.6480660710167,0
wfcommons,deterministic,genome,0.5,genome_5,0,CPoP-Tp_static,0.0003671340710182,2738.8605760381,0
wfcommons,deterministic,genome,0.5,genome_5,0,FastestNode,9.319073163957196e-05,10730.680856414328,0
wfcommons,deterministic,genome,0.5,genome_5,0,MaxTP,0.0003694054365495,2861.301960949544,0
wfcommons,deterministic,genome,0.5,genome_10,0,HEFT_static,0.0001506847459752,5992.8209953189435,0
wfcommons,deterministic,genome,0.5,genome_10,0,CPoP_static,0.0001476508249072,5999.706046765997,0
wfcommons,deterministic,genome,0.5,genome_10,0,HEFT-Tp_static,0.0001641789023244,6008.145185216573,0
wfcommons,deterministic,genome,0.5,genome_10,0,CPoP-Tp_static,0.0001632229803459,6147.3667539582675,0
wfcommons,deterministic,genome,0.5,genome_10,0,FastestNode,8.562330018374549e-05,11679.063968032357,0
wfcommons,deterministic,genome,0.5,genome_10,0,MaxTP,0.0001565687430118,6391.378959718144,0
wfcommons,deterministic,genome,0.5,genome_11,0,HEFT_static,0.0001563605610053,6395.474623392176,0
wfcommons,deterministic,genome,0.5,genome_11,0,CPoP_static,0.0001330161245394,6403.940704957473,0
wfcommons,deterministic,genome,0.5,genome_11,0,HEFT-Tp_static,0.0001559918766858,6429.117392975072,0
wfcommons,deterministic,genome,0.5,genome_11,0,CPoP-Tp_static,0.0001530856780336,6549.215952656954,0
wfcommons,deterministic,genome,0.5,genome_11,0,FastestNode,6.473840716219148e-05,15446.78103516918,0
wfcommons,deterministic,genome,0.5,genome_11,0,MaxTP,0.0001563391516132,6539.496977165382,0
wfcommons,deterministic,genome,0.5,genome_12,0,HEFT_static,0.0001888922806156,5294.022586575872,0
wfcommons,deterministic,genome,0.5,genome_12,0,CPoP_static,0.0001880316669747,5337.875401584421,0
wfcommons,deterministic,genome,0.5,genome_12,0,HEFT-Tp_static,0.0001875961762349,5342.992817395141,0
wfcommons,deterministic,genome,0.5,genome_12,0,CPoP-Tp_static,0.0001871026658182,5371.744252804842,0
wfcommons,deterministic,genome,0.5,genome_12,0,FastestNode,7.467247802795888e-05,13391.814848110169,0
wfcommons,deterministic,genome,0.5,genome_12,0,MaxTP,0.0001852250894861,5448.027366926216,0
wfcommons,deterministic,genome,0.5,genome_14,0,HEFT_static,0.0002599367883268,3851.176558338618,0
wfcommons,deterministic,genome,0.5,genome_14,0,CPoP_static,0.0002475024133983,3848.2100975588087,0
wfcommons,deterministic,genome,0.5,genome_14,0,HEFT-Tp_static,0.00025578039536,4059.037721235688,0
wfcommons,deterministic,genome,0.5,genome_14,0,CPoP-Tp_static,0.0002568251794524,3950.300539671689,0
wfcommons,deterministic,genome,0.5,genome_14,0,FastestNode,0.00010909824815,9166.05002331695,0
wfcommons,deterministic,genome,0.5,genome_14,0,MaxTP,0.00026019186163,3916.9356464741886,0
wfcommons,deterministic,genome,0.5,genome_16,0,HEFT_static,0.0003023701613026,2942.739125080424,0
wfcommons,deterministic,genome,0.5,genome_16,0,CPoP_static,0.0003110093087671,2941.7047491815338,0
wfcommons,deterministic,genome,0.5,genome_16,0,HEFT-Tp_static,0.0003372209881681,2973.3984525623337,0
wfcommons,deterministic,genome,0.5,genome_16,0,CPoP-Tp_static,0.0003298583578704,3086.5587230943916,0
wfcommons,deterministic,genome,0.5,genome_16,0,FastestNode,0.0001460473807245,6847.0930121352285,0
wfcommons,deterministic,genome,0.5,genome_16,0,MaxTP,0.0003403124141405,3026.8295534656986,0
wfcommons,deterministic,genome,0.5,genome_15,0,HEFT_static,0.0002545431241899,3928.6073948459425,0
wfcommons,deterministic,genome,0.5,genome_15,0,CPoP_static,0.0002288366614633,3927.39330735292,0
wfcommons,deterministic,genome,0.5,genome_15,0,HEFT-Tp_static,0.0002546809670267,3926.481086107918,0
wfcommons,deterministic,genome,0.5,genome_15,0,CPoP-Tp_static,0.0002548353032657,3943.765941994029,0
wfcommons,deterministic,genome,0.5,genome_15,0,FastestNode,9.507781768859112e-05,10517.70038806849,0
wfcommons,deterministic,genome,0.5,genome_15,0,MaxTP,0.0002548212744159,3931.639937061501,0
wfcommons,deterministic,genome,0.5,genome_17,0,HEFT_static,0.0002958503925119,3103.809588313566,0
wfcommons,deterministic,genome,0.5,genome_17,0,CPoP_static,0.0002689549021906,3110.116875657861,0
wfcommons,deterministic,genome,0.5,genome_17,0,HEFT-Tp_static,0.0003213964542151,3114.418924554164,0
wfcommons,deterministic,genome,0.5,genome_17,0,CPoP-Tp_static,0.0003214050469086,3116.2471946621677,0
wfcommons,deterministic,genome,0.5,genome_17,0,FastestNode,0.0001395368632533,7166.564997126975,0
wfcommons,deterministic,genome,0.5,genome_17,0,MaxTP,0.0003222594437013,3247.2799386803094,0
wfcommons,deterministic,genome,0.5,genome_13,0,HEFT_static,0.0003848173586466,2604.565429619012,0
wfcommons,deterministic,genome,0.5,genome_13,0,CPoP_static,0.0003314098190354,2632.4792761627,0
wfcommons,deterministic,genome,0.5,genome_13,0,HEFT-Tp_static,0.000384859009666,2637.941872317007,0
wfcommons,deterministic,genome,0.5,genome_13,0,CPoP-Tp_static,0.0003844302493803,2666.677429579818,0
wfcommons,deterministic,genome,0.5,genome_13,0,FastestNode,8.931062520613172e-05,11196.87604573329,0
wfcommons,deterministic,genome,0.5,genome_13,0,MaxTP,0.0003848825856016,2732.56769414901,0
wfcommons,deterministic,genome,0.5,genome_18,0,HEFT_static,0.0002286556653197,4018.9281424334454,0
wfcommons,deterministic,genome,0.5,genome_18,0,CPoP_static,0.0002138353906642,4023.501157836143,0
wfcommons,deterministic,genome,0.5,genome_18,0,HEFT-Tp_static,0.0002488863629157,4017.897920543838,0
wfcommons,deterministic,genome,0.5,genome_18,0,CPoP-Tp_static,0.0002356553284741,4234.256424042032,0
wfcommons,deterministic,genome,0.5,genome_18,0,FastestNode,9.42600785293e-05,10608.945118682008,0
wfcommons,deterministic,genome,0.5,genome_18,0,MaxTP,0.0002483249697886,4055.022354640711,0
wfcommons,deterministic,genome,0.5,genome_20,0,HEFT_static,0.0001568724138741,5325.418630343216,0
wfcommons,deterministic,genome,0.5,genome_20,0,CPoP_static,0.0001594231848246,5326.1982718253375,0
wfcommons,deterministic,genome,0.5,genome_20,0,HEFT-Tp_static,0.0001675987327772,5434.375810477487,0
wfcommons,deterministic,genome,0.5,genome_20,0,CPoP-Tp_static,0.00016759873277,5641.461516417304,0
wfcommons,deterministic,genome,0.5,genome_20,0,FastestNode,9.970928968588877e-05,10029.155790300689,0
wfcommons,deterministic,genome,0.5,genome_20,0,MaxTP,0.0001731536726554,5829.924177458236,0
wfcommons,deterministic,genome,0.5,genome_19,0,HEFT_static,0.0003806787011407,2470.4346913510376,0
wfcommons,deterministic,genome,0.5,genome_19,0,CPoP_static,0.0004051994139544,2471.8011884600696,0
wfcommons,deterministic,genome,0.5,genome_19,0,HEFT-Tp_static,0.0004056105521617,2500.1758703367896,0
wfcommons,deterministic,genome,0.5,genome_19,0,CPoP-Tp_static,0.0004056714353396,2530.318344915797,0
wfcommons,deterministic,genome,0.5,genome_19,0,FastestNode,0.000124169498872,8053.507577014298,0
wfcommons,deterministic,genome,0.5,genome_19,0,MaxTP,0.0004057755518175,2532.8505527426264,0
wfcommons,deterministic,genome,0.5,genome_22,0,HEFT_static,0.0001861761433286,4952.728702954938,0
wfcommons,deterministic,genome,0.5,genome_22,0,CPoP_static,0.0001747776039429,4959.7272455849625,0
wfcommons,deterministic,genome,0.5,genome_22,0,HEFT-Tp_static,0.0001946386952834,4991.104868012644,0
wfcommons,deterministic,genome,0.5,genome_22,0,CPoP-Tp_static,0.000178418804017,5168.022707429951,0
wfcommons,deterministic,genome,0.5,genome_22,0,FastestNode,0.0001152871961638,8673.990115765966,0
wfcommons,deterministic,genome,0.5,genome_22,0,MaxTP,0.0001861761433084,5061.018607058277,0
wfcommons,deterministic,genome,0.5,genome_24,0,HEFT_static,0.0004996365713365,1807.9808700938129,0
wfcommons,deterministic,genome,0.5,genome_24,0,CPoP_static,0.0005574596711732,1793.8517380560131,0
wfcommons,deterministic,genome,0.5,genome_24,0,HEFT-Tp_static,0.0005567378937469,1823.4261956006344,0
wfcommons,deterministic,genome,0.5,genome_24,0,CPoP-Tp_static,0.0005176939573492,1991.4091065430916,0
wfcommons,deterministic,genome,0.5,genome_24,0,FastestNode,0.0003011882059905,3320.183128390015,0
wfcommons,deterministic,genome,0.5,genome_24,0,MaxTP,0.0005500002608519,1818.180955968332,0
wfcommons,deterministic,genome,0.5,genome_23,0,HEFT_static,0.0002907570267257,3285.824696867116,0
wfcommons,deterministic,genome,0.5,genome_23,0,CPoP_static,0.0002442359023694,3322.6616580263117,0
wfcommons,deterministic,genome,0.5,genome_23,0,HEFT-Tp_static,0.0003039976937529,3298.5172201691257,0
wfcommons,deterministic,genome,0.5,genome_23,0,CPoP-Tp_static,0.0003047417201132,3330.705083319489,0
wfcommons,deterministic,genome,0.5,genome_23,0,FastestNode,0.0001255989028374,7961.852989225564,0
wfcommons,deterministic,genome,0.5,genome_23,0,MaxTP,0.0003047364539184,3344.842440279991,0
wfcommons,deterministic,genome,0.5,genome_21,0,HEFT_static,0.000202640332565,4934.851751132259,0
wfcommons,deterministic,genome,0.5,genome_21,0,CPoP_static,0.0001673071184606,4937.992503060315,0
wfcommons,deterministic,genome,0.5,genome_21,0,HEFT-Tp_static,0.0002024486423151,4939.524358284,0
wfcommons,deterministic,genome,0.5,genome_21,0,CPoP-Tp_static,0.0001990440999899,5029.853782512491,0
wfcommons,deterministic,genome,0.5,genome_21,0,FastestNode,8.239990231994513e-05,12135.936716492286,0
wfcommons,deterministic,genome,0.5,genome_21,0,MaxTP,0.0002025433798941,4974.903234929408,0
wfcommons,deterministic,genome,0.5,genome_26,0,HEFT_static,0.0003376011322318,2962.075374001573,0
wfcommons,deterministic,genome,0.5,genome_26,0,CPoP_static,0.0003123859688205,2952.014798717787,0
wfcommons,deterministic,genome,0.5,genome_26,0,HEFT-Tp_static,0.0003396747015139,3008.0585917137223,0
wfcommons,deterministic,genome,0.5,genome_26,0,CPoP-Tp_static,0.0003396129976457,3048.8751674473065,0
wfcommons,deterministic,genome,0.5,genome_26,0,FastestNode,9.086866447344336e-05,11004.893774930002,0
wfcommons,deterministic,genome,0.5,genome_26,0,MaxTP,0.0003395711439282,3098.3204995532424,0
wfcommons,deterministic,genome,0.5,genome_25,0,HEFT_static,0.0003484799019938,2869.6059494312817,0
wfcommons,deterministic,genome,0.5,genome_25,0,CPoP_static,0.0003446912239822,2903.200097972605,0
wfcommons,deterministic,genome,0.5,genome_25,0,HEFT-Tp_static,0.0003488568901547,2913.8289215185564,0
wfcommons,deterministic,genome,0.5,genome_25,0,CPoP-Tp_static,0.0003483202190565,3047.7421308904086,0
wfcommons,deterministic,genome,0.5,genome_25,0,FastestNode,7.810225913437462e-05,12803.726948275646,0
wfcommons,deterministic,genome,0.5,genome_25,0,MaxTP,0.0003482857999152,2982.2194814760715,0
wfcommons,deterministic,genome,0.5,genome_28,0,HEFT_static,0.0002511128699593,3436.066035809117,0
wfcommons,deterministic,genome,0.5,genome_28,0,CPoP_static,0.000290291942185,3448.6773864165616,0
wfcommons,deterministic,genome,0.5,genome_28,0,HEFT-Tp_static,0.0002893849470322,3474.4450482660964,0
wfcommons,deterministic,genome,0.5,genome_28,0,CPoP-Tp_static,0.0002919393462666,3472.33978617137,0
wfcommons,deterministic,genome,0.5,genome_28,0,FastestNode,0.0001058567361885,9446.729948476846,0
wfcommons,deterministic,genome,0.5,genome_28,0,MaxTP,0.0002918527351256,3483.4155248737748,0
wfcommons,deterministic,genome,0.5,genome_29,0,HEFT_static,0.0003721766522932,2633.6482761842676,0
wfcommons,deterministic,genome,0.5,genome_29,0,CPoP_static,0.0003790982925733,2640.09223000427,0
wfcommons,deterministic,genome,0.5,genome_29,0,HEFT-Tp_static,0.0003796201854697,2677.0923305158776,0
wfcommons,deterministic,genome,0.5,genome_29,0,CPoP-Tp_static,0.0003804914069921,2721.751473494484,0
wfcommons,deterministic,genome,0.5,genome_29,0,FastestNode,0.000133465439106,7492.576405532273,0
wfcommons,deterministic,genome,0.5,genome_29,0,MaxTP,0.0003810329350959,2786.1945420528614,0
wfcommons,deterministic,genome,0.5,genome_27,0,HEFT_static,0.0003056833819483,3178.3823980861584,0
wfcommons,deterministic,genome,0.5,genome_27,0,CPoP_static,0.0003156927880795,3168.4626230465756,0
wfcommons,deterministic,genome,0.5,genome_27,0,HEFT-Tp_static,0.0003159752367642,3272.269503986693,0
wfcommons,deterministic,genome,0.5,genome_27,0,CPoP-Tp_static,0.0003159195785089,3377.755248290437,0
wfcommons,deterministic,genome,0.5,genome_27,0,FastestNode,7.5587203329529e-05,13229.75260296922,0
wfcommons,deterministic,genome,0.5,genome_27,0,MaxTP,0.0003154917793876,3471.96820819518,0
wfcommons,deterministic,genome,1.0,genome_3,0,HEFT_static,0.0001776145068677,2216.3365146819774,0
wfcommons,deterministic,genome,1.0,genome_3,0,CPoP_static,0.0002006386096056,2180.5849459408714,0
wfcommons,deterministic,genome,1.0,genome_3,0,HEFT-Tp_static,0.0004544229877121,2241.1673989519572,0
wfcommons,deterministic,genome,1.0,genome_3,0,CPoP-Tp_static,0.0002928239167898,3231.4691065710044,0
wfcommons,deterministic,genome,1.0,genome_3,0,FastestNode,0.0002346832924217,4261.061747006717,0
wfcommons,deterministic,genome,1.0,genome_3,0,MaxTP,0.0001934729450398,3215.315640280786,0
wfcommons,deterministic,genome,1.0,genome_0,0,HEFT_static,4.7660354793424885e-05,7733.633232823044,0
wfcommons,deterministic,genome,1.0,genome_0,0,CPoP_static,5.686210645259702e-05,7737.72021519788,0
wfcommons,deterministic,genome,1.0,genome_0,0,HEFT-Tp_static,8.571750374485916e-05,8492.958934119488,0
wfcommons,deterministic,genome,1.0,genome_0,0,CPoP-Tp_static,0.0001083598632129,8866.175722119948,0
wfcommons,deterministic,genome,1.0,genome_0,0,FastestNode,7.057087020249799e-05,14170.152601641055,0
wfcommons,deterministic,genome,1.0,genome_0,0,MaxTP,0.0001104437067203,7843.108106805538,0
wfcommons,deterministic,genome,1.0,genome_1,0,HEFT_static,0.0002178325762561,3095.1355362669883,0
wfcommons,deterministic,genome,1.0,genome_1,0,CPoP_static,0.0001782266533123,3117.2571259013093,0
wfcommons,deterministic,genome,1.0,genome_1,0,HEFT-Tp_static,0.0002130970855673,3389.292236661942,0
wfcommons,deterministic,genome,1.0,genome_1,0,CPoP-Tp_static,0.0002722907204472,3750.732792994719,0
wfcommons,deterministic,genome,1.0,genome_1,0,FastestNode,9.062121103655508e-05,11034.944121378128,0
wfcommons,deterministic,genome,1.0,genome_1,0,MaxTP,0.0002513452802259,3497.70351441565,0
wfcommons,deterministic,genome,1.0,genome_4,0,HEFT_static,5.81981042377164e-05,6829.860493903852,0
wfcommons,deterministic,genome,1.0,genome_4,0,CPoP_static,6.356388689300182e-05,6827.828191691026,0
wfcommons,deterministic,genome,1.0,genome_4,0,HEFT-Tp_static,0.0001211149736187,7189.656190675107,0
wfcommons,deterministic,genome,1.0,genome_4,0,CPoP-Tp_static,9.434219003439496e-05,8916.618441530822,0
wfcommons,deterministic,genome,1.0,genome_4,0,FastestNode,7.738826926502548e-05,12921.855075675348,0
wfcommons,deterministic,genome,1.0,genome_4,0,MaxTP,0.0001163962084663,8559.579733390103,0
wfcommons,deterministic,genome,1.0,genome_2,0,HEFT_static,0.000330614551128,2320.092263610247,0
wfcommons,deterministic,genome,1.0,genome_2,0,CPoP_static,0.0003306145509777,2308.995166250954,0
wfcommons,deterministic,genome,1.0,genome_2,0,HEFT-Tp_static,0.000340946256078,2481.5667405184936,0
wfcommons,deterministic,genome,1.0,genome_2,0,CPoP-Tp_static,0.0003896528637273,2562.5040816418855,0
wfcommons,deterministic,genome,1.0,genome_2,0,FastestNode,0.0001045434590691,9565.39996766776,0
wfcommons,deterministic,genome,1.0,genome_2,0,MaxTP,0.000404084451648,2617.4802003241507,0
wfcommons,deterministic,genome,1.0,genome_7,0,HEFT_static,7.863565512018452e-05,4952.416624432344,0
wfcommons,deterministic,genome,1.0,genome_7,0,CPoP_static,8.619677580448322e-05,4949.835425318666,0
wfcommons,deterministic,genome,1.0,genome_7,0,HEFT-Tp_static,0.0001379148412444,5212.41213759149,0
wfcommons,deterministic,genome,1.0,genome_7,0,CPoP-Tp_static,0.0001379148412274,5235.17520587775,0
wfcommons,deterministic,genome,1.0,genome_7,0,FastestNode,0.000107789627328,9277.330526034148,0
wfcommons,deterministic,genome,1.0,genome_7,0,MaxTP,0.0001829482587292,5268.701939732848,0
wfcommons,deterministic,genome,1.0,genome_8,0,HEFT_static,0.0001262325334833,3240.1442261334773,0
wfcommons,deterministic,genome,1.0,genome_8,0,CPoP_static,0.0001410834198251,3253.2871217039906,0
wfcommons,deterministic,genome,1.0,genome_8,0,HEFT-Tp_static,0.0001957892357304,3692.33298779314,0
wfcommons,deterministic,genome,1.0,genome_8,0,CPoP-Tp_static,0.0002085580988305,3796.818230686617,0
wfcommons,deterministic,genome,1.0,genome_8,0,FastestNode,0.0001370655510165,7295.779228139473,0
wfcommons,deterministic,genome,1.0,genome_8,0,MaxTP,0.0002524650670463,3713.4671411498657,0
wfcommons,deterministic,genome,1.0,genome_6,0,HEFT_static,7.653815183789724e-05,5664.745166404811,0
wfcommons,deterministic,genome,1.0,genome_6,0,CPoP_static,9.325338042376796e-05,5651.104687115549,0
wfcommons,deterministic,genome,1.0,genome_6,0,HEFT-Tp_static,0.0001267663140616,6383.381180574696,0
wfcommons,deterministic,genome,1.0,genome_6,0,CPoP-Tp_static,0.0001126811679906,7353.245897830766,0
wfcommons,deterministic,genome,1.0,genome_6,0,FastestNode,7.915436197895218e-05,12633.542548999492,0
wfcommons,deterministic,genome,1.0,genome_6,0,MaxTP,0.0001081739212561,8075.288631919437,0
wfcommons,deterministic,genome,1.0,genome_9,0,HEFT_static,0.0002618162012836,1710.8985211175034,0
wfcommons,deterministic,genome,1.0,genome_9,0,CPoP_static,0.0002819559090762,1734.291067780955,0
wfcommons,deterministic,genome,1.0,genome_9,0,HEFT-Tp_static,0.000478099149838,2145.3160928260168,0
wfcommons,deterministic,genome,1.0,genome_9,0,CPoP-Tp_static,0.0003791820845993,2254.725078474389,0
wfcommons,deterministic,genome,1.0,genome_9,0,FastestNode,0.0002532028525756,3949.4025830579903,0
wfcommons,deterministic,genome,1.0,genome_9,0,MaxTP,0.0005787516027758,1944.0907955930224,0
wfcommons,deterministic,genome,1.0,genome_5,0,HEFT_static,0.0002590223933826,2715.3052205656413,0
wfcommons,deterministic,genome,1.0,genome_5,0,CPoP_static,0.0001689276477211,2774.818069986235,0
wfcommons,deterministic,genome,1.0,genome_5,0,HEFT-Tp_static,0.0003330287913111,2779.5419411229386,0
wfcommons,deterministic,genome,1.0,genome_5,0,CPoP-Tp_static,0.0002775239927976,3240.562202613383,0
wfcommons,deterministic,genome,1.0,genome_5,0,FastestNode,9.319073163957196e-05,10730.680856414328,0
wfcommons,deterministic,genome,1.0,genome_5,0,MaxTP,0.0003150272350162,3180.0538285703274,0
wfcommons,deterministic,genome,1.0,genome_10,0,HEFT_static,7.333324303420161e-05,5989.480550234838,0
wfcommons,deterministic,genome,1.0,genome_10,0,CPoP_static,7.33332430381127e-05,5995.676696846663,0
wfcommons,deterministic,genome,1.0,genome_10,0,HEFT-Tp_static,0.0001208789720172,6943.920093877783,0
wfcommons,deterministic,genome,1.0,genome_10,0,CPoP-Tp_static,0.0001309522196728,6975.848785606816,0
wfcommons,deterministic,genome,1.0,genome_10,0,FastestNode,8.562330018374549e-05,11679.063968032357,0
wfcommons,deterministic,genome,1.0,genome_10,0,MaxTP,0.0001264366259169,7324.302887945217,0
wfcommons,deterministic,genome,1.0,genome_11,0,HEFT_static,8.142575847037068e-05,6398.639791874469,0
wfcommons,deterministic,genome,1.0,genome_11,0,CPoP_static,6.223254400543945e-05,6401.225098965954,0
wfcommons,deterministic,genome,1.0,genome_11,0,HEFT-Tp_static,8.800561781061454e-05,7575.018878140875,0
wfcommons,deterministic,genome,1.0,genome_11,0,CPoP-Tp_static,0.0001102855210091,7529.576525454109,0
wfcommons,deterministic,genome,1.0,genome_11,0,FastestNode,6.473840716219148e-05,15446.78103516918,0
wfcommons,deterministic,genome,1.0,genome_11,0,MaxTP,0.0001089069519984,7462.623096872089,0
wfcommons,deterministic,genome,1.0,genome_12,0,HEFT_static,9.043295511437048e-05,5302.862228482153,0
wfcommons,deterministic,genome,1.0,genome_12,0,CPoP_static,9.27517488373724e-05,5305.1306658957965,0
wfcommons,deterministic,genome,1.0,genome_12,0,HEFT-Tp_static,0.0001130411939805,6425.1211659772425,0
wfcommons,deterministic,genome,1.0,genome_12,0,CPoP-Tp_static,0.0001307464412305,6470.29493716286,0
wfcommons,deterministic,genome,1.0,genome_12,0,FastestNode,7.467247802795888e-05,13391.814848110169,0
wfcommons,deterministic,genome,1.0,genome_12,0,MaxTP,0.0001595875677449,6279.262183388116,0
wfcommons,deterministic,genome,1.0,genome_14,0,HEFT_static,0.0001394656456405,3875.04780191844,0
wfcommons,deterministic,genome,1.0,genome_14,0,CPoP_static,0.000123751206666,3878.101736100722,0
wfcommons,deterministic,genome,1.0,genome_14,0,HEFT-Tp_static,0.000214300870126,4248.665625920442,0
wfcommons,deterministic,genome,1.0,genome_14,0,CPoP-Tp_static,0.0001952519039067,4276.254737362654,0
wfcommons,deterministic,genome,1.0,genome_14,0,FastestNode,0.00010909824815,9166.05002331695,0
wfcommons,deterministic,genome,1.0,genome_14,0,MaxTP,0.0002091984684641,4115.493438501783,0
wfcommons,deterministic,genome,1.0,genome_16,0,HEFT_static,0.0001577583449887,2958.42545312625,0
wfcommons,deterministic,genome,1.0,genome_16,0,CPoP_static,0.0001649291788827,2960.0783100601107,0
wfcommons,deterministic,genome,1.0,genome_16,0,HEFT-Tp_static,0.000205383505848,3413.6279483028943,0
wfcommons,deterministic,genome,1.0,genome_16,0,CPoP-Tp_static,0.0003110093087449,3078.926373502732,0
wfcommons,deterministic,genome,1.0,genome_16,0,FastestNode,0.0001460473807245,6847.0930121352285,0
wfcommons,deterministic,genome,1.0,genome_16,0,MaxTP,0.0001979150147972,3801.4007973990065,0
wfcommons,deterministic,genome,1.0,genome_15,0,HEFT_static,0.0001122179782169,3930.325803186512,0
wfcommons,deterministic,genome,1.0,genome_15,0,CPoP_static,0.0001406104787033,3930.77617433875,0
wfcommons,deterministic,genome,1.0,genome_15,0,HEFT-Tp_static,0.0002047485919761,4057.148728889694,0
wfcommons,deterministic,genome,1.0,genome_15,0,CPoP-Tp_static,0.000140610478727,4836.750826110822,0
wfcommons,deterministic,genome,1.0,genome_15,0,FastestNode,9.507781768859112e-05,10517.70038806849,0
wfcommons,deterministic,genome,1.0,genome_15,0,MaxTP,0.0001577117532789,4774.781531940046,0
wfcommons,deterministic,genome,1.0,genome_17,0,HEFT_static,0.0001479251961925,3105.1331364425214,0
wfcommons,deterministic,genome,1.0,genome_17,0,CPoP_static,0.0001617931833138,3105.4960786979946,0
wfcommons,deterministic,genome,1.0,genome_17,0,HEFT-Tp_static,0.0001991300717828,3824.059545483876,0
wfcommons,deterministic,genome,1.0,genome_17,0,CPoP-Tp_static,0.0002070952747009,3969.477361898347,0
wfcommons,deterministic,genome,1.0,genome_17,0,FastestNode,0.0001395368632533,7166.564997126975,0
wfcommons,deterministic,genome,1.0,genome_17,0,MaxTP,0.0002113217087852,3386.0668237910804,0
wfcommons,deterministic,genome,1.0,genome_13,0,HEFT_static,0.000280423692778,2624.8324399052003,0
wfcommons,deterministic,genome,1.0,genome_13,0,CPoP_static,0.0002103177697776,2684.400150648328,0
wfcommons,deterministic,genome,1.0,genome_13,0,HEFT-Tp_static,0.0002878032640169,2992.7612603645666,0
wfcommons,deterministic,genome,1.0,genome_13,0,CPoP-Tp_static,0.0003417663756249,2982.044388609371,0
wfcommons,deterministic,genome,1.0,genome_13,0,FastestNode,8.931062520613172e-05,11196.87604573329,0
wfcommons,deterministic,genome,1.0,genome_13,0,MaxTP,0.0003124721152184,3120.5205850207776,0
wfcommons,deterministic,genome,1.0,genome_20,0,HEFT_static,7.781369735614314e-05,5363.20079930563,0
wfcommons,deterministic,genome,1.0,genome_20,0,CPoP_static,7.659785833634023e-05,5324.7131768526115,0
wfcommons,deterministic,genome,1.0,genome_20,0,HEFT-Tp_static,0.0001307270115625,6714.2942746214585,0
wfcommons,deterministic,genome,1.0,genome_20,0,CPoP-Tp_static,0.0001531957165745,5562.434058504874,0
wfcommons,deterministic,genome,1.0,genome_20,0,FastestNode,9.970928968588877e-05,10029.155790300689,0
wfcommons,deterministic,genome,1.0,genome_20,0,MaxTP,0.0001210435292316,7192.790645897779,0
wfcommons,deterministic,genome,1.0,genome_18,0,HEFT_static,0.0001154711109483,4019.10599500714,0
wfcommons,deterministic,genome,1.0,genome_18,0,CPoP_static,0.0001099724866171,4018.1893483322665,0
wfcommons,deterministic,genome,1.0,genome_18,0,HEFT-Tp_static,0.0001776478629358,4376.683573463223,0
wfcommons,deterministic,genome,1.0,genome_18,0,CPoP-Tp_static,0.0001776478628921,4716.73862560165,0
wfcommons,deterministic,genome,1.0,genome_18,0,FastestNode,9.42600785293e-05,10608.945118682008,0
wfcommons,deterministic,genome,1.0,genome_18,0,MaxTP,0.0002025808964675,4642.589951924738,0
wfcommons,deterministic,genome,1.0,genome_19,0,HEFT_static,0.00026323527214,2470.638392778953,0
wfcommons,deterministic,genome,1.0,genome_19,0,CPoP_static,0.0001903393505762,2467.8850004612136,0
wfcommons,deterministic,genome,1.0,genome_19,0,HEFT-Tp_static,0.0003534873656332,2521.901188149361,0
wfcommons,deterministic,genome,1.0,genome_19,0,CPoP-Tp_static,0.0003093014446739,2734.6337942008004,0
wfcommons,deterministic,genome,1.0,genome_19,0,FastestNode,0.000124169498872,8053.507577014298,0
wfcommons,deterministic,genome,1.0,genome_19,0,MaxTP,0.0003258026544511,3080.9062496576935,0
wfcommons,deterministic,genome,1.0,genome_22,0,HEFT_static,9.11074743845384e-05,4953.785120174258,0
wfcommons,deterministic,genome,1.0,genome_22,0,CPoP_static,0.000104440275511,5003.58668484253,0
wfcommons,deterministic,genome,1.0,genome_22,0,HEFT-Tp_static,0.0001784188039037,5253.592030159911,0
wfcommons,deterministic,genome,1.0,genome_22,0,CPoP-Tp_static,0.0001297591301688,5750.407284393539,0
wfcommons,deterministic,genome,1.0,genome_22,0,FastestNode,0.0001152871961638,8673.990115765966,0
wfcommons,deterministic,genome,1.0,genome_22,0,MaxTP,0.0001476569412083,5367.755398140184,0
wfcommons,deterministic,genome,1.0,genome_24,0,HEFT_static,0.0002952397921073,1789.3218297205265,0
wfcommons,deterministic,genome,1.0,genome_24,0,CPoP_static,0.0002952397921341,1788.3121520242037,0
wfcommons,deterministic,genome,1.0,genome_24,0,HEFT-Tp_static,0.0005257031436909,1902.2142289058104,0
wfcommons,deterministic,genome,1.0,genome_24,0,CPoP-Tp_static,0.0005127849016795,1949.0051803637505,0
wfcommons,deterministic,genome,1.0,genome_24,0,FastestNode,0.0003011882059905,3320.183128390015,0
wfcommons,deterministic,genome,1.0,genome_24,0,MaxTP,0.0005254121386135,1921.593560114674,0
wfcommons,deterministic,genome,1.0,genome_23,0,HEFT_static,0.0001431069741013,3315.757649003629,0
wfcommons,deterministic,genome,1.0,genome_23,0,CPoP_static,0.0001453785132982,3302.741652306146,0
wfcommons,deterministic,genome,1.0,genome_23,0,HEFT-Tp_static,0.0002035299186149,4062.761535630859,0
wfcommons,deterministic,genome,1.0,genome_23,0,CPoP-Tp_static,0.0002233864961155,3799.2039839942695,0
wfcommons,deterministic,genome,1.0,genome_23,0,FastestNode,0.0001255989028374,7961.852989225564,0
wfcommons,deterministic,genome,1.0,genome_23,0,MaxTP,0.0002233864961318,3997.419035766616,0
wfcommons,deterministic,genome,1.0,genome_21,0,HEFT_static,0.0001079891401239,4937.943072516523,0
wfcommons,deterministic,genome,1.0,genome_21,0,CPoP_static,9.137542619759696e-05,4940.8900396739955,0
wfcommons,deterministic,genome,1.0,genome_21,0,HEFT-Tp_static,0.00013975065181,5879.637929442843,0
wfcommons,deterministic,genome,1.0,genome_21,0,CPoP-Tp_static,0.0001746883148088,5662.578597387632,0
wfcommons,deterministic,genome,1.0,genome_21,0,FastestNode,8.239990231994513e-05,12135.936716492286,0
wfcommons,deterministic,genome,1.0,genome_21,0,MaxTP,0.0001542702001029,5840.182212209113,0
wfcommons,deterministic,genome,1.0,genome_26,0,HEFT_static,0.0002362919508718,2996.843658722109,0
wfcommons,deterministic,genome,1.0,genome_26,0,CPoP_static,0.0002143113041372,2997.98645917164,0
wfcommons,deterministic,genome,1.0,genome_26,0,HEFT-Tp_static,0.0003291209311926,3140.663391164701,0
wfcommons,deterministic,genome,1.0,genome_26,0,CPoP-Tp_static,0.0002632967451854,3414.981191614767,0
wfcommons,deterministic,genome,1.0,genome_26,0,FastestNode,9.086866447344336e-05,11004.893774930002,0
wfcommons,deterministic,genome,1.0,genome_26,0,MaxTP,0.0002710407672808,3265.7231289830374,0
wfcommons,deterministic,genome,1.0,genome_25,0,HEFT_static,0.0002559190446368,2885.2037567588027,0
wfcommons,deterministic,genome,1.0,genome_25,0,CPoP_static,0.0001434697675838,2868.3718063949045,0
wfcommons,deterministic,genome,1.0,genome_25,0,HEFT-Tp_static,0.0003156334888375,3059.9959679340163,0
wfcommons,deterministic,genome,1.0,genome_25,0,CPoP-Tp_static,0.000315633488564,3162.074945706467,0
wfcommons,deterministic,genome,1.0,genome_25,0,FastestNode,7.810225913437462e-05,12803.726948275646,0
wfcommons,deterministic,genome,1.0,genome_25,0,MaxTP,0.0003265174018066,3140.1988510398805,0
wfcommons,deterministic,genome,1.0,genome_29,0,HEFT_static,0.0001694732970987,2668.6678232985396,0
wfcommons,deterministic,genome,1.0,genome_29,0,CPoP_static,0.0002063153181014,2641.440354320942,0
wfcommons,deterministic,genome,1.0,genome_29,0,HEFT-Tp_static,0.0002965782696394,2963.50340803836,0
wfcommons,deterministic,genome,1.0,genome_29,0,CPoP-Tp_static,0.0002497501219257,3080.721558615138,0
wfcommons,deterministic,genome,1.0,genome_29,0,FastestNode,0.000133465439106,7492.576405532273,0
wfcommons,deterministic,genome,1.0,genome_29,0,MaxTP,0.0002497501221294,2962.343184810206,0
wfcommons,deterministic,genome,1.0,genome_28,0,HEFT_static,0.0001255564349195,3455.811968131252,0
wfcommons,deterministic,genome,1.0,genome_28,0,CPoP_static,0.0001639209011211,3457.364316926178,0
wfcommons,deterministic,genome,1.0,genome_28,0,HEFT-Tp_static,0.0001967050813284,3498.251035675092,0
wfcommons,deterministic,genome,1.0,genome_28,0,CPoP-Tp_static,0.0001967050814334,4055.105376704791,0
wfcommons,deterministic,genome,1.0,genome_28,0,FastestNode,0.0001058567361885,9446.729948476846,0
wfcommons,deterministic,genome,1.0,genome_28,0,MaxTP,0.0002670140694493,3748.92451085712,0
wfcommons,deterministic,genome,1.0,genome_27,0,HEFT_static,0.000231222045241,3200.028374038858,0
wfcommons,deterministic,genome,1.0,genome_27,0,CPoP_static,0.0001554768925697,3169.6703398666255,0
wfcommons,deterministic,genome,1.0,genome_27,0,HEFT-Tp_static,0.0003005886589705,3254.90064524629,0
wfcommons,deterministic,genome,1.0,genome_27,0,CPoP-Tp_static,0.0002994214717965,3450.951549714405,0
wfcommons,deterministic,genome,1.0,genome_27,0,FastestNode,7.5587203329529e-05,13229.75260296922,0
wfcommons,deterministic,genome,1.0,genome_27,0,MaxTP,0.0002732624174463,3548.800585874269,0
wfcommons,deterministic,genome,2.0,genome_3,0,HEFT_static,0.000100319304799,2280.3086193753843,0
wfcommons,deterministic,genome,2.0,genome_3,0,CPoP_static,9.849531744206704e-05,2292.474742215202,0
wfcommons,deterministic,genome,2.0,genome_3,0,HEFT-Tp_static,0.0001547783560274,3413.3588377058536,0
wfcommons,deterministic,genome,2.0,genome_3,0,CPoP-Tp_static,0.0001022121219177,3216.5085626708883,0
wfcommons,deterministic,genome,2.0,genome_3,0,FastestNode,0.0002346832924217,4261.061747006717,0
wfcommons,deterministic,genome,2.0,genome_3,0,MaxTP,0.0004253737124402,2448.1426726710706,0
wfcommons,deterministic,genome,2.0,genome_1,0,HEFT_static,9.07635734824089e-05,3095.321182046007,0
wfcommons,deterministic,genome,2.0,genome_1,0,CPoP_static,8.307174517894788e-05,3104.7831374592806,0
wfcommons,deterministic,genome,2.0,genome_1,0,HEFT-Tp_static,0.0001400352276105,4199.0953855017515,0
wfcommons,deterministic,genome,2.0,genome_1,0,CPoP-Tp_static,0.000204218039995,4098.8005230375675,0
wfcommons,deterministic,genome,2.0,genome_1,0,FastestNode,9.062121103655508e-05,11034.944121378128,0
wfcommons,deterministic,genome,2.0,genome_1,0,MaxTP,0.000148522211153,5289.85878592843,0
wfcommons,deterministic,genome,2.0,genome_0,0,HEFT_static,2.8152317409728625e-05,7731.143139072251,0
wfcommons,deterministic,genome,2.0,genome_0,0,CPoP_static,2.8152317412350633e-05,7737.9310705269345,0
wfcommons,deterministic,genome,2.0,genome_0,0,HEFT-Tp_static,6.242470379745075e-05,8848.082064835236,0
wfcommons,deterministic,genome,2.0,genome_0,0,CPoP-Tp_static,8.204389640414254e-05,9069.568416323487,0
wfcommons,deterministic,genome,2.0,genome_0,0,FastestNode,7.057087020249799e-05,14170.152601641055,0
wfcommons,deterministic,genome,2.0,genome_0,0,MaxTP,6.452890730318431e-05,10608.653103887367,0
wfcommons,deterministic,genome,2.0,genome_2,0,HEFT_static,0.000165307275574,2361.361550243632,0
wfcommons,deterministic,genome,2.0,genome_2,0,CPoP_static,0.0001435563183486,2404.3025009483467,0
wfcommons,deterministic,genome,2.0,genome_2,0,HEFT-Tp_static,0.0001759722609574,3128.04409646547,0
wfcommons,deterministic,genome,2.0,genome_2,0,CPoP-Tp_static,0.0001818380032416,3134.751129049996,0
wfcommons,deterministic,genome,2.0,genome_2,0,FastestNode,0.0001045434590691,9565.39996766776,0
wfcommons,deterministic,genome,2.0,genome_2,0,MaxTP,0.0002479609132746,3594.09494748276,0
wfcommons,deterministic,genome,2.0,genome_4,0,HEFT_static,3.0075530375245776e-05,6849.149373383203,0
wfcommons,deterministic,genome,2.0,genome_4,0,CPoP_static,3.2008957326961155e-05,6825.731734407751,0
wfcommons,deterministic,genome,2.0,genome_4,0,HEFT-Tp_static,6.223963926023085e-05,9500.737922908913,0
wfcommons,deterministic,genome,2.0,genome_4,0,CPoP-Tp_static,9.534583030366366e-05,8715.650549244952,0
wfcommons,deterministic,genome,2.0,genome_4,0,FastestNode,7.738826926502548e-05,12921.855075675348,0
wfcommons,deterministic,genome,2.0,genome_4,0,MaxTP,6.789778828894622e-05,9683.301047310277,0
wfcommons,deterministic,genome,2.0,genome_7,0,HEFT_static,3.931782756078205e-05,5008.073559015245,0
wfcommons,deterministic,genome,2.0,genome_7,0,CPoP_static,4.573706470891212e-05,5074.231210244972,0
wfcommons,deterministic,genome,2.0,genome_7,0,HEFT-Tp_static,6.403189058215346e-05,5517.655016302877,0
wfcommons,deterministic,genome,2.0,genome_7,0,CPoP-Tp_static,0.0001211414145912,6183.2947005268015,0
wfcommons,deterministic,genome,2.0,genome_7,0,FastestNode,0.000107789627328,9277.330526034148,0
wfcommons,deterministic,genome,2.0,genome_7,0,MaxTP,6.403189058581242e-05,5693.82345545573,0
wfcommons,deterministic,genome,2.0,genome_8,0,HEFT_static,8.270407363815346e-05,3302.8702908810337,0
wfcommons,deterministic,genome,2.0,genome_8,0,CPoP_static,7.994727118198617e-05,3284.5442222236666,0
wfcommons,deterministic,genome,2.0,genome_8,0,HEFT-Tp_static,0.0001296442236067,4128.8243807663075,0
wfcommons,deterministic,genome,2.0,genome_8,0,CPoP-Tp_static,0.0001262325335298,4300.0817115554055,0
wfcommons,deterministic,genome,2.0,genome_8,0,FastestNode,0.0001370655510165,7295.779228139473,0
wfcommons,deterministic,genome,2.0,genome_8,0,MaxTP,0.0001499011335499,4496.0119977999975,0
wfcommons,deterministic,genome,2.0,genome_6,0,HEFT_static,4.6096841431388175e-05,5693.405968040299,0
wfcommons,deterministic,genome,2.0,genome_6,0,CPoP_static,3.721579859321445e-05,5648.576992112718,0
wfcommons,deterministic,genome,2.0,genome_6,0,HEFT-Tp_static,5.713411333483211e-05,9218.318238201442,0
wfcommons,deterministic,genome,2.0,genome_6,0,CPoP-Tp_static,5.8790174613427055e-05,9000.091947586603,0
wfcommons,deterministic,genome,2.0,genome_6,0,FastestNode,7.915436197895218e-05,12633.542548999492,0
wfcommons,deterministic,genome,2.0,genome_6,0,MaxTP,5.1348380337801154e-05,9640.807681614562,0
wfcommons,deterministic,genome,2.0,genome_9,0,HEFT_static,0.0001221808939019,1812.5970273298976,0
wfcommons,deterministic,genome,2.0,genome_9,0,CPoP_static,0.0001409779545381,1858.14559292008,0
wfcommons,deterministic,genome,2.0,genome_9,0,HEFT-Tp_static,0.0002290891758872,2393.847812370167,0
wfcommons,deterministic,genome,2.0,genome_9,0,CPoP-Tp_static,0.0002749070111586,2504.5357701291573,0
wfcommons,deterministic,genome,2.0,genome_9,0,FastestNode,0.0002532028525756,3949.4025830579903,0
wfcommons,deterministic,genome,2.0,genome_9,0,MaxTP,0.0003436337641244,2395.6465478406553,0
wfcommons,deterministic,genome,2.0,genome_10,0,HEFT_static,3.873234667140813e-05,5993.808472909767,0
wfcommons,deterministic,genome,2.0,genome_10,0,CPoP_static,3.4810083722030225e-05,5996.919703581814,0
wfcommons,deterministic,genome,2.0,genome_10,0,HEFT-Tp_static,6.179767672787495e-05,8715.823718596384,0
wfcommons,deterministic,genome,2.0,genome_10,0,CPoP-Tp_static,9.01638234209266e-05,9180.43740093278,0
wfcommons,deterministic,genome,2.0,genome_10,0,FastestNode,8.562330018374549e-05,11679.063968032357,0
wfcommons,deterministic,genome,2.0,genome_10,0,MaxTP,0.0001106037061911,9042.846063503031,0
wfcommons,deterministic,genome,2.0,genome_5,0,HEFT_static,0.0001295111965589,2788.678444440982,0
wfcommons,deterministic,genome,2.0,genome_5,0,CPoP_static,0.0001040714973003,2847.108981389605,0
wfcommons,deterministic,genome,2.0,genome_5,0,HEFT-Tp_static,0.0001880001241019,3251.1997802212404,0
wfcommons,deterministic,genome,2.0,genome_5,0,CPoP-Tp_static,0.0001766061770119,3662.2024704664177,0
wfcommons,deterministic,genome,2.0,genome_5,0,FastestNode,9.319073163957196e-05,10730.680856414328,0
wfcommons,deterministic,genome,2.0,genome_5,0,MaxTP,0.0001665143956508,4368.3743171603355,0
wfcommons,deterministic,genome,2.0,genome_11,0,HEFT_static,3.6302317317534166e-05,6471.968830654407,0
wfcommons,deterministic,genome,2.0,genome_11,0,CPoP_static,3.996585392576698e-05,6405.067902567534,0
wfcommons,deterministic,genome,2.0,genome_11,0,HEFT-Tp_static,6.1356029318668e-05,11177.47750477917,0
wfcommons,deterministic,genome,2.0,genome_11,0,CPoP-Tp_static,7.26046346635052e-05,7366.803896019034,0
wfcommons,deterministic,genome,2.0,genome_11,0,FastestNode,6.473840716219148e-05,15446.78103516918,0
wfcommons,deterministic,genome,2.0,genome_11,0,MaxTP,7.260463457516925e-05,8638.152487388496,0
wfcommons,deterministic,genome,2.0,genome_12,0,HEFT_static,4.977960831411685e-05,5322.130839800239,0
wfcommons,deterministic,genome,2.0,genome_12,0,CPoP_static,4.272423076418337e-05,5307.877652205996,0
wfcommons,deterministic,genome,2.0,genome_12,0,HEFT-Tp_static,6.537322055856028e-05,7718.504065976184,0
wfcommons,deterministic,genome,2.0,genome_12,0,CPoP-Tp_static,7.863735223059975e-05,6726.286611748348,0
wfcommons,deterministic,genome,2.0,genome_12,0,FastestNode,7.467247802795888e-05,13391.814848110169,0
wfcommons,deterministic,genome,2.0,genome_12,0,MaxTP,8.612662394828504e-05,7465.506510992092,0
wfcommons,deterministic,genome,2.0,genome_14,0,HEFT_static,6.101621997186136e-05,3941.409015206871,0
wfcommons,deterministic,genome,2.0,genome_14,0,CPoP_static,5.936713292549395e-05,3861.7138938392454,0
wfcommons,deterministic,genome,2.0,genome_14,0,HEFT-Tp_static,0.0001255190809864,4439.601996339861,0
wfcommons,deterministic,genome,2.0,genome_14,0,CPoP-Tp_static,0.0001887826314204,5297.627673917313,0
wfcommons,deterministic,genome,2.0,genome_14,0,FastestNode,0.00010909824815,9166.05002331695,0
wfcommons,deterministic,genome,2.0,genome_14,0,MaxTP,0.00015148854601,5226.679318787668,0
wfcommons,deterministic,genome,2.0,genome_16,0,HEFT_static,8.639147465138289e-05,3026.869561205206,0
wfcommons,deterministic,genome,2.0,genome_16,0,CPoP_static,8.639147465138289e-05,3023.262970257509,0
wfcommons,deterministic,genome,2.0,genome_16,0,HEFT-Tp_static,0.0001360665725642,4862.094784172498,0
wfcommons,deterministic,genome,2.0,genome_16,0,CPoP-Tp_static,0.0001432279712348,5098.212638106397,0
wfcommons,deterministic,genome,2.0,genome_16,0,FastestNode,0.0001460473807245,6847.0930121352285,0
wfcommons,deterministic,genome,2.0,genome_16,0,MaxTP,0.0001470989974844,3975.161128413043,0
wfcommons,deterministic,genome,2.0,genome_15,0,HEFT_static,6.27455362204006e-05,3948.480723380251,0
wfcommons,deterministic,genome,2.0,genome_15,0,CPoP_static,6.412455897688145e-05,3935.8274776945336,0
wfcommons,deterministic,genome,2.0,genome_15,0,HEFT-Tp_static,9.725558108980364e-05,5501.613964132808,0
wfcommons,deterministic,genome,2.0,genome_15,0,CPoP-Tp_static,9.566122731401785e-05,4700.817525886322,0
wfcommons,deterministic,genome,2.0,genome_15,0,FastestNode,9.507781768859112e-05,10517.70038806849,0
wfcommons,deterministic,genome,2.0,genome_15,0,MaxTP,8.841416471698213e-05,5390.612368021687,0
wfcommons,deterministic,genome,2.0,genome_17,0,HEFT_static,6.163549842149571e-05,3143.317865114654,0
wfcommons,deterministic,genome,2.0,genome_17,0,CPoP_static,8.628969781105002e-05,3148.6542164863586,0
wfcommons,deterministic,genome,2.0,genome_17,0,HEFT-Tp_static,0.0001035476373732,4036.070123463636,0
wfcommons,deterministic,genome,2.0,genome_17,0,CPoP-Tp_static,0.0001438161630759,3740.849531500708,0
wfcommons,deterministic,genome,2.0,genome_17,0,FastestNode,0.0001395368632533,7166.564997126975,0
wfcommons,deterministic,genome,2.0,genome_17,0,MaxTP,0.000143816163016,3881.210511801557,0
wfcommons,deterministic,genome,2.0,genome_13,0,HEFT_static,0.0001301967145503,2699.585273097426,0
wfcommons,deterministic,genome,2.0,genome_13,0,CPoP_static,9.764753596913966e-05,2607.877454033928,0
wfcommons,deterministic,genome,2.0,genome_13,0,HEFT-Tp_static,0.0002187304806528,3553.763031097965,0
wfcommons,deterministic,genome,2.0,genome_13,0,CPoP-Tp_static,0.0002025282228267,4262.734765810417,0
wfcommons,deterministic,genome,2.0,genome_13,0,FastestNode,8.931062520613172e-05,11196.87604573329,0
wfcommons,deterministic,genome,2.0,genome_13,0,MaxTP,0.0002187304806528,3726.967613455395,0
wfcommons,deterministic,genome,2.0,genome_20,0,HEFT_static,3.829892916876854e-05,5331.5943944540095,0
wfcommons,deterministic,genome,2.0,genome_20,0,CPoP_static,3.953437849631509e-05,5330.720954503231,0
wfcommons,deterministic,genome,2.0,genome_20,0,HEFT-Tp_static,0.0001315332117987,7602.642605256638,0
wfcommons,deterministic,genome,2.0,genome_20,0,CPoP-Tp_static,8.60046128802134e-05,7549.622845554277,0
wfcommons,deterministic,genome,2.0,genome_20,0,FastestNode,9.970928968588877e-05,10029.155790300689,0
wfcommons,deterministic,genome,2.0,genome_20,0,MaxTP,6.624679640562736e-05,7303.894340608338,0
wfcommons,deterministic,genome,2.0,genome_18,0,HEFT_static,7.040921394660107e-05,4024.029916126375,0
wfcommons,deterministic,genome,2.0,genome_18,0,CPoP_static,6.415061719048138e-05,4025.8764167810978,0
wfcommons,deterministic,genome,2.0,genome_18,0,HEFT-Tp_static,0.0001110299143588,5896.012103910008,0
wfcommons,deterministic,genome,2.0,genome_18,0,CPoP-Tp_static,0.0001603765429298,5127.454451337444,0
wfcommons,deterministic,genome,2.0,genome_18,0,FastestNode,9.42600785293e-05,10608.945118682008,0
wfcommons,deterministic,genome,2.0,genome_18,0,MaxTP,0.0001089350103091,5798.541615367985,0
wfcommons,deterministic,genome,2.0,genome_22,0,HEFT_static,3.756185347878586e-05,4953.57345774002,0
wfcommons,deterministic,genome,2.0,genome_22,0,CPoP_static,4.282051296829497e-05,4959.342981870739,0
wfcommons,deterministic,genome,2.0,genome_22,0,HEFT-Tp_static,0.0001044402754498,5475.1671199374905,0
wfcommons,deterministic,genome,2.0,genome_22,0,CPoP-Tp_static,0.0001070512823779,6213.36006561592,0
wfcommons,deterministic,genome,2.0,genome_22,0,FastestNode,0.0001152871961638,8673.990115765966,0
wfcommons,deterministic,genome,2.0,genome_22,0,MaxTP,8.738880192510577e-05,4999.545308584439,0
wfcommons,deterministic,genome,2.0,genome_19,0,HEFT_static,0.000123720577833,2525.970616176906,0
wfcommons,deterministic,genome,2.0,genome_19,0,CPoP_static,0.0001031004816017,2518.006686594674,0
wfcommons,deterministic,genome,2.0,genome_19,0,HEFT-Tp_static,0.0001819420264288,3337.8194743377776,0
wfcommons,deterministic,genome,2.0,genome_19,0,CPoP-Tp_static,0.0001874554211691,3461.0059389228845,0
wfcommons,deterministic,genome,2.0,genome_19,0,FastestNode,0.000124169498872,8053.507577014298,0
wfcommons,deterministic,genome,2.0,genome_19,0,MaxTP,0.000199549319309,3422.741609779009,0
wfcommons,deterministic,genome,2.0,genome_24,0,HEFT_static,0.0001739805917635,1845.116224298301,0
wfcommons,deterministic,genome,2.0,genome_24,0,CPoP_static,0.0001679812610185,1793.5660673539194,0
wfcommons,deterministic,genome,2.0,genome_24,0,HEFT-Tp_static,0.0002118024595231,1940.4123507825705,0
wfcommons,deterministic,genome,2.0,genome_24,0,CPoP-Tp_static,0.0002563924509207,1953.7598575200104,0
wfcommons,deterministic,genome,2.0,genome_24,0,FastestNode,0.0003011882059905,3320.183128390015,0
wfcommons,deterministic,genome,2.0,genome_24,0,MaxTP,0.0003857479335329,2754.74271470871,0
wfcommons,deterministic,genome,2.0,genome_23,0,HEFT_static,6.542033098857507e-05,3390.5974691772417,0
wfcommons,deterministic,genome,2.0,genome_23,0,CPoP_static,6.025556804311168e-05,3375.407907936656,0
wfcommons,deterministic,genome,2.0,genome_23,0,HEFT-Tp_static,0.0001090338850619,5735.041360993712,0
wfcommons,deterministic,genome,2.0,genome_23,0,CPoP-Tp_static,0.0001040777993371,5496.926202586505,0
wfcommons,deterministic,genome,2.0,genome_23,0,FastestNode,0.0001255989028374,7961.852989225564,0
wfcommons,deterministic,genome,2.0,genome_23,0,MaxTP,0.0001174211069386,5545.523981191667,0
wfcommons,deterministic,genome,2.0,genome_21,0,HEFT_static,6.123095571136073e-05,4939.682085923921,0
wfcommons,deterministic,genome,2.0,genome_21,0,CPoP_static,4.568771309458119e-05,4941.9370247443,0
wfcommons,deterministic,genome,2.0,genome_21,0,HEFT-Tp_static,8.484861001619646e-05,6828.432323534635,0
wfcommons,deterministic,genome,2.0,genome_21,0,CPoP-Tp_static,0.0001212123000723,7564.656875544433,0
wfcommons,deterministic,genome,2.0,genome_21,0,FastestNode,8.239990231994513e-05,12135.936716492286,0
wfcommons,deterministic,genome,2.0,genome_21,0,MaxTP,7.332595931266089e-05,6314.752606957369,0
wfcommons,deterministic,genome,2.0,genome_26,0,HEFT_static,0.0001279914732532,3026.015074428306,0
wfcommons,deterministic,genome,2.0,genome_26,0,CPoP_static,9.03469223826512e-05,3094.173773004168,0
wfcommons,deterministic,genome,2.0,genome_26,0,HEFT-Tp_static,0.0001439904076179,4451.387035702618,0
wfcommons,deterministic,genome,2.0,genome_26,0,CPoP-Tp_static,0.0001535897679261,5257.618023634352,0
wfcommons,deterministic,genome,2.0,genome_26,0,FastestNode,9.086866447344336e-05,11004.893774930002,0
wfcommons,deterministic,genome,2.0,genome_26,0,MaxTP,0.0001486352594765,4110.121642054514,0
wfcommons,deterministic,genome,2.0,genome_25,0,HEFT_static,0.0001527258815477,2934.820306158175,0
wfcommons,deterministic,genome,2.0,genome_25,0,CPoP_static,8.162935051781089e-05,2884.444046801929,0
wfcommons,deterministic,genome,2.0,genome_25,0,HEFT-Tp_static,0.0001578167442031,4036.872881537844,0
wfcommons,deterministic,genome,2.0,genome_25,0,CPoP-Tp_static,0.0001578167441557,4842.5034554185895,0
wfcommons,deterministic,genome,2.0,genome_25,0,FastestNode,7.810225913437462e-05,12803.726948275646,0
wfcommons,deterministic,genome,2.0,genome_25,0,MaxTP,0.000175351938243,3471.6639202726733,0
wfcommons,deterministic,genome,2.0,genome_28,0,HEFT_static,9.0786960608498e-05,3429.785036197926,0
wfcommons,deterministic,genome,2.0,genome_28,0,CPoP_static,8.678165356233229e-05,3495.8415954443967,0
wfcommons,deterministic,genome,2.0,genome_28,0,HEFT-Tp_static,8.807690210780781e-05,4338.061061719667,0
wfcommons,deterministic,genome,2.0,genome_28,0,CPoP-Tp_static,0.000131136720874,4995.567297879992,0
wfcommons,deterministic,genome,2.0,genome_28,0,FastestNode,0.0001058567361885,9446.729948476846,0
wfcommons,deterministic,genome,2.0,genome_28,0,MaxTP,0.0001282859226639,4976.440368969432,0
wfcommons,deterministic,genome,2.0,genome_29,0,HEFT_static,8.042800540290044e-05,2782.7299231985376,0
wfcommons,deterministic,genome,2.0,genome_29,0,CPoP_static,9.8859423256417e-05,2744.871785167629,0
wfcommons,deterministic,genome,2.0,genome_29,0,HEFT-Tp_static,0.0002156932870485,4465.627565059091,0
wfcommons,deterministic,genome,2.0,genome_29,0,CPoP-Tp_static,0.0003162401595475,3162.1537301463686,0
wfcommons,deterministic,genome,2.0,genome_29,0,FastestNode,0.000133465439106,7492.576405532273,0
wfcommons,deterministic,genome,2.0,genome_29,0,MaxTP,0.0001355786377274,3097.2082042992306,0
wfcommons,deterministic,genome,2.0,genome_27,0,HEFT_static,9.801804098515172e-05,3255.856723181698,0
wfcommons,deterministic,genome,2.0,genome_27,0,CPoP_static,7.773844630363852e-05,3216.789411379977,0
wfcommons,deterministic,genome,2.0,genome_27,0,HEFT-Tp_static,0.0001366312087231,4163.247003970197,0
wfcommons,deterministic,genome,2.0,genome_27,0,CPoP-Tp_static,0.0001610296386107,4369.662774132593,0
wfcommons,deterministic,genome,2.0,genome_27,0,FastestNode,7.5587203329529e-05,13229.75260296922,0
wfcommons,deterministic,genome,2.0,genome_27,0,MaxTP,0.0001734165341486,5161.008724770863,0
wfcommons,deterministic,genome,5.0,genome_3,0,HEFT_static,5.159278531815369e-05,2561.9160152069085,0
wfcommons,deterministic,genome,5.0,genome_3,0,CPoP_static,4.0884848747040765e-05,2567.7906726788365,0
wfcommons,deterministic,genome,5.0,genome_3,0,HEFT-Tp_static,6.191134241097118e-05,3691.932967295818,0
wfcommons,deterministic,genome,5.0,genome_3,0,CPoP-Tp_static,0.0004269014994552,2413.566628469928,0
wfcommons,deterministic,genome,5.0,genome_3,0,FastestNode,0.0002346832924217,4261.061747006717,0
wfcommons,deterministic,genome,5.0,genome_3,0,MaxTP,0.0002407663314331,3870.1187796061154,0
wfcommons,deterministic,genome,5.0,genome_1,0,HEFT_static,3.213923256842078e-05,3409.2318497563615,0
wfcommons,deterministic,genome,5.0,genome_1,0,CPoP_static,3.380160667620749e-05,3414.4580619248836,0
wfcommons,deterministic,genome,5.0,genome_1,0,HEFT-Tp_static,5.6014091063429546e-05,6321.944886856231,0
wfcommons,deterministic,genome,5.0,genome_1,0,CPoP-Tp_static,5.159192597947458e-05,4914.910290363825,0
wfcommons,deterministic,genome,5.0,genome_1,0,FastestNode,9.062121103655508e-05,11034.944121378128,0
wfcommons,deterministic,genome,5.0,genome_1,0,MaxTP,5.298630228999108e-05,5282.7609531377475,0
wfcommons,deterministic,genome,5.0,genome_0,0,HEFT_static,1.0394701814414173e-05,7731.693039218736,0
wfcommons,deterministic,genome,5.0,genome_0,0,CPoP_static,1.1720556636721784e-05,7737.966775758168,0
wfcommons,deterministic,genome,5.0,genome_0,0,HEFT-Tp_static,2.4181358946331786e-05,8828.529373765301,0
wfcommons,deterministic,genome,5.0,genome_0,0,CPoP-Tp_static,3.765949344254872e-05,10063.026856597971,0
wfcommons,deterministic,genome,5.0,genome_0,0,FastestNode,7.057087020249799e-05,14170.152601641055,0
wfcommons,deterministic,genome,5.0,genome_0,0,MaxTP,2.274484257405753e-05,10059.91727561975,0
wfcommons,deterministic,genome,5.0,genome_4,0,HEFT_static,1.2623250777670491e-05,6978.403006720665,0
wfcommons,deterministic,genome,5.0,genome_4,0,CPoP_static,1.2803582931241774e-05,6858.899765774694,0
wfcommons,deterministic,genome,5.0,genome_4,0,HEFT-Tp_static,2.0843041985110948e-05,9273.979715633242,0
wfcommons,deterministic,genome,5.0,genome_4,0,CPoP-Tp_static,5.272063560629706e-05,10829.576796052192,0
wfcommons,deterministic,genome,5.0,genome_4,0,FastestNode,7.738826926502548e-05,12921.855075675348,0
wfcommons,deterministic,genome,5.0,genome_4,0,MaxTP,3.8967426313213085e-05,9878.641229934152,0
wfcommons,deterministic,genome,5.0,genome_2,0,HEFT_static,5.455140091111875e-05,2711.2091452165473,0
wfcommons,deterministic,genome,5.0,genome_2,0,CPoP_static,6.0612667747210094e-05,2682.8439933266372,0
wfcommons,deterministic,genome,5.0,genome_2,0,HEFT-Tp_static,7.27352012966521e-05,4438.485966637416,0
wfcommons,deterministic,genome,5.0,genome_2,0,CPoP-Tp_static,7.273520120209633e-05,3630.7691955511127,0
wfcommons,deterministic,genome,5.0,genome_2,0,FastestNode,0.0001045434590691,9565.39996766776,0
wfcommons,deterministic,genome,5.0,genome_2,0,MaxTP,9.091900162081514e-05,4149.646993375356,0
wfcommons,deterministic,genome,5.0,genome_7,0,HEFT_static,1.8675968089774133e-05,5155.119222400529,0
wfcommons,deterministic,genome,5.0,genome_7,0,CPoP_static,1.7928929366332578e-05,5107.428188905041,0
wfcommons,deterministic,genome,5.0,genome_7,0,HEFT-Tp_static,8.964464680476967e-05,7144.177519574547,0
wfcommons,deterministic,genome,5.0,genome_7,0,CPoP-Tp_static,0.0001054642903585,7512.155463281972,0
wfcommons,deterministic,genome,5.0,genome_7,0,FastestNode,0.000107789627328,9277.330526034148,0
wfcommons,deterministic,genome,5.0,genome_7,0,MaxTP,5.433008897094136e-05,6996.968231510281,0
wfcommons,deterministic,genome,5.0,genome_8,0,HEFT_static,3.3081629452979916e-05,3592.8912041393223,0
wfcommons,deterministic,genome,5.0,genome_8,0,CPoP_static,3.252092387839204e-05,3643.647107649951,0
wfcommons,deterministic,genome,5.0,genome_8,0,HEFT-Tp_static,8.342323952495578e-05,4813.763521448743,0
wfcommons,deterministic,genome,5.0,genome_8,0,CPoP-Tp_static,0.0001199209067949,5068.752696324049,0
wfcommons,deterministic,genome,5.0,genome_8,0,FastestNode,0.0001370655510165,7295.779228139473,0
wfcommons,deterministic,genome,5.0,genome_8,0,MaxTP,9.593672544076854e-05,4990.401312528558,0
wfcommons,deterministic,genome,5.0,genome_6,0,HEFT_static,1.763705237450674e-05,5948.5844111488,0
wfcommons,deterministic,genome,5.0,genome_6,0,CPoP_static,1.8438736575069745e-05,5696.401035301435,0
wfcommons,deterministic,genome,5.0,genome_6,0,HEFT-Tp_static,2.2536233610958868e-05,11093.877487157366,0
wfcommons,deterministic,genome,5.0,genome_6,0,CPoP-Tp_static,4.1605354294685e-05,12074.735458547711,0
wfcommons,deterministic,genome,5.0,genome_6,0,FastestNode,7.915436197895218e-05,12633.542548999492,0
wfcommons,deterministic,genome,5.0,genome_6,0,MaxTP,2.8975157478072997e-05,9385.834309631831,0
wfcommons,deterministic,genome,5.0,genome_9,0,HEFT_static,5.236324025673006e-05,2186.1849699799527,0
wfcommons,deterministic,genome,5.0,genome_9,0,CPoP_static,6.109044696521541e-05,2254.932393530144,0
wfcommons,deterministic,genome,5.0,genome_9,0,HEFT-Tp_static,0.000115750320549,2686.094924182261,0
wfcommons,deterministic,genome,5.0,genome_9,0,CPoP-Tp_static,0.0002199256089819,2796.426067013303,0
wfcommons,deterministic,genome,5.0,genome_9,0,FastestNode,0.0002532028525756,3949.4025830579903,0
wfcommons,deterministic,genome,5.0,genome_9,0,MaxTP,0.0001374535056497,2621.3497547374077,0
wfcommons,deterministic,genome,5.0,genome_5,0,HEFT_static,4.483079881330317e-05,2950.0704599676474,0
wfcommons,deterministic,genome,5.0,genome_5,0,CPoP_static,3.885335898991007e-05,2892.6908514403,0
wfcommons,deterministic,genome,5.0,genome_5,0,HEFT-Tp_static,8.634079774624212e-05,4931.727646853683,0
wfcommons,deterministic,genome,5.0,genome_5,0,CPoP-Tp_static,0.0001371295020644,6177.358929848154,0
wfcommons,deterministic,genome,5.0,genome_5,0,FastestNode,9.319073163957196e-05,10730.680856414328,0
wfcommons,deterministic,genome,5.0,genome_5,0,MaxTP,0.0001059637063163,5934.105633723628,0
wfcommons,deterministic,genome,5.0,genome_10,0,HEFT_static,1.44736663877059e-05,5996.598820014864,0
wfcommons,deterministic,genome,5.0,genome_10,0,CPoP_static,1.43790672625649e-05,5996.652214236849,0
wfcommons,deterministic,genome,5.0,genome_10,0,HEFT-Tp_static,2.6829235263478007e-05,8724.748136305017,0
wfcommons,deterministic,genome,5.0,genome_10,0,CPoP-Tp_static,6.874991534940505e-05,9560.78703286749,0
wfcommons,deterministic,genome,5.0,genome_10,0,FastestNode,8.562330018374549e-05,11679.063968032357,0
wfcommons,deterministic,genome,5.0,genome_10,0,MaxTP,3.6065529368370646e-05,9079.86857214323,0
wfcommons,deterministic,genome,5.0,genome_11,0,HEFT_static,1.5698299381506373e-05,6591.857085039483,0
wfcommons,deterministic,genome,5.0,genome_11,0,CPoP_static,1.4642951523185602e-05,6433.553525281713,0
wfcommons,deterministic,genome,5.0,genome_11,0,HEFT-Tp_static,2.765890844071558e-05,7513.921069625044,0
wfcommons,deterministic,genome,5.0,genome_11,0,CPoP-Tp_static,2.3870016880059945e-05,8867.690570837298,0
wfcommons,deterministic,genome,5.0,genome_11,0,FastestNode,6.473840716219148e-05,15446.78103516918,0
wfcommons,deterministic,genome,5.0,genome_11,0,MaxTP,2.7226737996120063e-05,7337.517901179254,0
wfcommons,deterministic,genome,5.0,genome_12,0,HEFT_static,1.9911843325098732e-05,5481.510009930246,0
wfcommons,deterministic,genome,5.0,genome_12,0,CPoP_static,1.855034976604755e-05,5380.759173167687,0
wfcommons,deterministic,genome,5.0,genome_12,0,HEFT-Tp_static,2.5837987185408343e-05,7447.656554678258,0
wfcommons,deterministic,genome,5.0,genome_12,0,CPoP-Tp_static,4.521647757715601e-05,6768.811358123162,0
wfcommons,deterministic,genome,5.0,genome_12,0,FastestNode,7.467247802795888e-05,13391.814848110169,0
wfcommons,deterministic,genome,5.0,genome_12,0,MaxTP,3.2393894382828364e-05,8605.609265416208,0
wfcommons,deterministic,genome,5.0,genome_14,0,HEFT_static,2.7893129114386865e-05,4349.717259303236,0
wfcommons,deterministic,genome,5.0,genome_14,0,CPoP_static,2.745729896984309e-05,4366.800889239017,0
wfcommons,deterministic,genome,5.0,genome_14,0,HEFT-Tp_static,5.668603656167315e-05,4791.637816288544,0
wfcommons,deterministic,genome,5.0,genome_14,0,CPoP-Tp_static,9.76259519034534e-05,6540.101439268372,0
wfcommons,deterministic,genome,5.0,genome_14,0,FastestNode,0.00010909824815,9166.05002331695,0
wfcommons,deterministic,genome,5.0,genome_14,0,MaxTP,7.029068535361668e-05,5317.300748405057,0
wfcommons,deterministic,genome,5.0,genome_16,0,HEFT_static,3.511395420707474e-05,3332.579499329109,0
wfcommons,deterministic,genome,5.0,genome_16,0,CPoP_static,3.249350986880916e-05,3368.615520903897,0
wfcommons,deterministic,genome,5.0,genome_16,0,HEFT-Tp_static,6.803328626427394e-05,4211.738604206798,0
wfcommons,deterministic,genome,5.0,genome_16,0,CPoP-Tp_static,4.535552418374194e-05,4361.997726093642,0
wfcommons,deterministic,genome,5.0,genome_16,0,FastestNode,0.0001460473807245,6847.0930121352285,0
wfcommons,deterministic,genome,5.0,genome_16,0,MaxTP,5.183488480934233e-05,4363.797231730408,0
wfcommons,deterministic,genome,5.0,genome_15,0,HEFT_static,2.8122095752526357e-05,4032.36555698071,0
wfcommons,deterministic,genome,5.0,genome_15,0,CPoP_static,2.3341339469644603e-05,4051.511998645421,0
wfcommons,deterministic,genome,5.0,genome_15,0,HEFT-Tp_static,3.704974521473536e-05,5325.504801987657,0
wfcommons,deterministic,genome,5.0,genome_15,0,CPoP-Tp_static,3.956159234793776e-05,5701.3177069937465,0
wfcommons,deterministic,genome,5.0,genome_15,0,FastestNode,9.507781768859112e-05,10517.70038806849,0
wfcommons,deterministic,genome,5.0,genome_15,0,MaxTP,3.8902232457966126e-05,4672.075309776449,0
wfcommons,deterministic,genome,5.0,genome_17,0,HEFT_static,2.876323259121924e-05,3339.0908262984426,0
wfcommons,deterministic,genome,5.0,genome_17,0,CPoP_static,3.907458013952573e-05,3343.731446961242,0
wfcommons,deterministic,genome,5.0,genome_17,0,HEFT-Tp_static,5.0511042625291105e-05,3626.036188585205,0
wfcommons,deterministic,genome,5.0,genome_17,0,CPoP-Tp_static,5.3101352453631146e-05,3388.0294536952792,0
wfcommons,deterministic,genome,5.0,genome_17,0,FastestNode,0.0001395368632533,7166.564997126975,0
wfcommons,deterministic,genome,5.0,genome_17,0,MaxTP,5.051104257724407e-05,3533.6919628270794,0
wfcommons,deterministic,genome,5.0,genome_13,0,HEFT_static,4.971147285193241e-05,2879.9072812789127,0
wfcommons,deterministic,genome,5.0,genome_13,0,CPoP_static,5.086755361891515e-05,2964.1785167693056,0
wfcommons,deterministic,genome,5.0,genome_13,0,HEFT-Tp_static,7.291016021763226e-05,6233.590846726638,0
wfcommons,deterministic,genome,5.0,genome_13,0,CPoP-Tp_static,8.749219226115873e-05,6391.466066695292,0
wfcommons,deterministic,genome,5.0,genome_13,0,FastestNode,8.931062520613172e-05,11196.87604573329,0
wfcommons,deterministic,genome,5.0,genome_13,0,MaxTP,7.291016021763226e-05,4528.536092092953,0
wfcommons,deterministic,genome,5.0,genome_20,0,HEFT_static,1.798995571735173e-05,5376.664014558517,0
wfcommons,deterministic,genome,5.0,genome_20,0,CPoP_static,1.5562739471846218e-05,5435.042207599741,0
wfcommons,deterministic,genome,5.0,genome_20,0,HEFT-Tp_static,6.127828664896534e-05,7540.721546954795,0
wfcommons,deterministic,genome,5.0,genome_20,0,CPoP-Tp_static,7.541942971944664e-05,7811.383949173548,0
wfcommons,deterministic,genome,5.0,genome_20,0,FastestNode,9.970928968588877e-05,10029.155790300689,0
wfcommons,deterministic,genome,5.0,genome_20,0,MaxTP,5.02796198129644e-05,7559.990131967324,0
wfcommons,deterministic,genome,5.0,genome_18,0,HEFT_static,2.6545082960990505e-05,4229.7165007828635,0
wfcommons,deterministic,genome,5.0,genome_18,0,CPoP_static,2.5660246865643357e-05,4025.537014196505,0
wfcommons,deterministic,genome,5.0,genome_18,0,HEFT-Tp_static,3.499124573863667e-05,5088.742128065789,0
wfcommons,deterministic,genome,5.0,genome_18,0,CPoP-Tp_static,0.0001099724865804,7493.051628357104,0
wfcommons,deterministic,genome,5.0,genome_18,0,FastestNode,9.42600785293e-05,10608.945118682008,0
wfcommons,deterministic,genome,5.0,genome_18,0,MaxTP,4.913664295206474e-05,6022.937999245383,0
wfcommons,deterministic,genome,5.0,genome_22,0,HEFT_static,1.5571095624976095e-05,5154.230922652273,0
wfcommons,deterministic,genome,5.0,genome_22,0,CPoP_static,1.88222035012235e-05,4957.01635631557,0
wfcommons,deterministic,genome,5.0,genome_22,0,HEFT-Tp_static,3.495552077075559e-05,5601.05563086239,0
wfcommons,deterministic,genome,5.0,genome_22,0,CPoP-Tp_static,5.5252274768569726e-05,7006.56989692272,0
wfcommons,deterministic,genome,5.0,genome_22,0,FastestNode,0.0001152871961638,8673.990115765966,0
wfcommons,deterministic,genome,5.0,genome_22,0,MaxTP,5.352564118728578e-05,6305.141702499536,0
wfcommons,deterministic,genome,5.0,genome_19,0,HEFT_static,4.758483766309544e-05,2766.0507632656445,0
wfcommons,deterministic,genome,5.0,genome_19,0,CPoP_static,4.193917893789327e-05,2745.4126446650366,0
wfcommons,deterministic,genome,5.0,genome_19,0,HEFT-Tp_static,8.248038531442194e-05,4456.20291532914,0
wfcommons,deterministic,genome,5.0,genome_19,0,CPoP-Tp_static,7.981972766441305e-05,3835.065787402651,0
wfcommons,deterministic,genome,5.0,genome_19,0,FastestNode,0.000124169498872,8053.507577014298,0
wfcommons,deterministic,genome,5.0,genome_19,0,MaxTP,7.498216836086359e-05,4340.505618237648,0
wfcommons,deterministic,genome,5.0,genome_24,0,HEFT_static,5.567378937946245e-05,2368.0092615185617,0
wfcommons,deterministic,genome,5.0,genome_24,0,CPoP_static,5.7311253758383325e-05,2200.464634441026,0
wfcommons,deterministic,genome,5.0,genome_24,0,HEFT-Tp_static,7.794330510452412e-05,2291.327647236254,0
wfcommons,deterministic,genome,5.0,genome_24,0,CPoP-Tp_static,0.0001025569803683,2167.6387416904868,0
wfcommons,deterministic,genome,5.0,genome_24,0,FastestNode,0.0003011882059905,3320.183128390015,0
wfcommons,deterministic,genome,5.0,genome_24,0,MaxTP,0.0001948582627613,3101.705376177381,0
wfcommons,deterministic,genome,5.0,genome_23,0,HEFT_static,2.5092729704294855e-05,3669.491265062662,0
wfcommons,deterministic,genome,5.0,genome_23,0,CPoP_static,2.8621394806402637e-05,3721.716329518212,0
wfcommons,deterministic,genome,5.0,genome_23,0,HEFT-Tp_static,5.387556667786619e-05,3876.0010247317946,0
wfcommons,deterministic,genome,5.0,genome_23,0,CPoP-Tp_static,4.2599285309689634e-05,6133.074542998826,0
wfcommons,deterministic,genome,5.0,genome_23,0,FastestNode,0.0001255989028374,7961.852989225564,0
wfcommons,deterministic,genome,5.0,genome_23,0,MaxTP,4.163111973484348e-05,5984.154138951273,0
wfcommons,deterministic,genome,5.0,genome_21,0,HEFT_static,2.084000948225352e-05,5146.622560872234,0
wfcommons,deterministic,genome,5.0,genome_21,0,CPoP_static,2.0305650272606168e-05,4946.289228251267,0
wfcommons,deterministic,genome,5.0,genome_21,0,HEFT-Tp_static,4.399557557999236e-05,7442.262833093665,0
wfcommons,deterministic,genome,5.0,genome_21,0,CPoP-Tp_static,8.799115115346686e-05,9050.2875307074,0
wfcommons,deterministic,genome,5.0,genome_21,0,FastestNode,8.239990231994513e-05,12135.936716492286,0
wfcommons,deterministic,genome,5.0,genome_21,0,MaxTP,3.6550170470322856e-05,7055.141512857941,0
wfcommons,deterministic,genome,5.0,genome_26,0,HEFT_static,5.265934900399655e-05,3428.3125874288353,0
wfcommons,deterministic,genome,5.0,genome_26,0,CPoP_static,4.286226082347207e-05,3491.467175922826,0
wfcommons,deterministic,genome,5.0,genome_26,0,HEFT-Tp_static,6.355438681067422e-05,5109.0538775710975,0
wfcommons,deterministic,genome,5.0,genome_26,0,CPoP-Tp_static,0.0001023931786481,7360.685487694565,0
wfcommons,deterministic,genome,5.0,genome_26,0,FastestNode,9.086866447344336e-05,11004.893774930002,0
wfcommons,deterministic,genome,5.0,genome_26,0,MaxTP,6.355438681067422e-05,4675.796686628428,0
wfcommons,deterministic,genome,5.0,genome_25,0,HEFT_static,5.738790697616405e-05,3261.335747621548,0
wfcommons,deterministic,genome,5.0,genome_25,0,CPoP_static,4.4041882131630736e-05,3317.121387863396,0
wfcommons,deterministic,genome,5.0,genome_25,0,HEFT-Tp_static,6.312669772542953e-05,3561.9984699882366,0
wfcommons,deterministic,genome,5.0,genome_25,0,CPoP-Tp_static,0.0001052111629458,7235.215350954545,0
wfcommons,deterministic,genome,5.0,genome_25,0,FastestNode,7.810225913437462e-05,12803.726948275646,0
wfcommons,deterministic,genome,5.0,genome_25,0,MaxTP,6.3126697767514e-05,4220.315929692151,0
wfcommons,deterministic,genome,5.0,genome_28,0,HEFT_static,3.324592925419689e-05,3570.918367771106,0
wfcommons,deterministic,genome,5.0,genome_28,0,CPoP_static,3.8696081565165006e-05,3616.702321600106,0
wfcommons,deterministic,genome,5.0,genome_28,0,HEFT-Tp_static,5.757221894966054e-05,5386.477607956251,0
wfcommons,deterministic,genome,5.0,genome_28,0,CPoP-Tp_static,0.0001072936807272,6836.940239977903,0
wfcommons,deterministic,genome,5.0,genome_28,0,FastestNode,0.0001058567361885,9446.729948476846,0
wfcommons,deterministic,genome,5.0,genome_28,0,MaxTP,4.371224029959343e-05,4893.336777103909,0
wfcommons,deterministic,genome,5.0,genome_29,0,HEFT_static,4.629514454017226e-05,3040.6408575302803,0
wfcommons,deterministic,genome,5.0,genome_29,0,CPoP_static,4.86692545688217e-05,3012.3894633056184,0
wfcommons,deterministic,genome,5.0,genome_29,0,HEFT-Tp_static,4.4141882033340344e-05,4080.661225901072,0
wfcommons,deterministic,genome,5.0,genome_29,0,CPoP-Tp_static,0.0001186313077668,5468.146466939887,0
wfcommons,deterministic,genome,5.0,genome_29,0,FastestNode,0.000133465439106,7492.576405532273,0
wfcommons,deterministic,genome,5.0,genome_29,0,MaxTP,7.592403703321589e-05,3599.625749789763,0
wfcommons,deterministic,blast,0.2,blast_1,0,HEFT_static,2.569496328018473e-05,39177.56417316569,0
wfcommons,deterministic,blast,0.2,blast_1,0,CPoP_static,2.569496328018473e-05,39177.56417316569,0
wfcommons,deterministic,blast,0.2,blast_1,0,HEFT-Tp_static,2.5724143999106472e-05,39341.22721040148,0
wfcommons,deterministic,blast,0.2,blast_1,0,CPoP-Tp_static,2.5724143999106472e-05,39341.22721040148,0
wfcommons,deterministic,blast,0.2,blast_1,0,FastestNode,1.3544820028723644e-05,73828.96176393561,0
wfcommons,deterministic,blast,0.2,blast_1,0,MaxTP,2.5724143999106472e-05,39341.22721040148,0
wfcommons,deterministic,genome,5.0,genome_27,0,HEFT_static,3.757358237696082e-05,3640.239191435748,0
wfcommons,deterministic,genome,5.0,genome_27,0,CPoP_static,3.757358237852638e-05,3655.5229698067646,0
wfcommons,deterministic,genome,5.0,genome_27,0,HEFT-Tp_static,5.6360373598318097e-05,5645.558331256211,0
wfcommons,deterministic,genome,5.0,genome_27,0,CPoP-Tp_static,0.0001087157972225,9198.295240154295,0
wfcommons,deterministic,genome,5.0,genome_27,0,FastestNode,7.5587203329529e-05,13229.75260296922,0
wfcommons,deterministic,genome,5.0,genome_27,0,MaxTP,7.514716465372527e-05,4951.727403167363,0
wfcommons,deterministic,blast,0.2,blast_0,0,HEFT_static,3.764173311775461e-05,26806.936719401547,0
wfcommons,deterministic,blast,0.2,blast_0,0,CPoP_static,3.764173311775461e-05,26806.936719401547,0
wfcommons,deterministic,blast,0.2,blast_0,0,HEFT-Tp_static,3.7751617291382274e-05,26831.745134866236,0
wfcommons,deterministic,blast,0.2,blast_0,0,CPoP-Tp_static,3.7751617291382274e-05,26831.745134866236,0
wfcommons,deterministic,blast,0.2,blast_0,0,FastestNode,9.277022311008624e-06,107793.20847524142,0
wfcommons,deterministic,blast,0.2,blast_0,0,MaxTP,3.7751617291382274e-05,26831.745134866236,0
wfcommons,deterministic,blast,0.2,blast_3,0,HEFT_static,1.2412694628366268e-05,80723.44363017293,0
wfcommons,deterministic,blast,0.2,blast_3,0,CPoP_static,1.2412694628366268e-05,80723.44363017293,0
wfcommons,deterministic,blast,0.2,blast_3,0,HEFT-Tp_static,1.2422165335410052e-05,80739.6738427798,0
wfcommons,deterministic,blast,0.2,blast_3,0,CPoP-Tp_static,1.2422165335410052e-05,80739.6738427798,0
wfcommons,deterministic,blast,0.2,blast_3,0,FastestNode,8.124039228756757e-06,123091.47849265726,0
wfcommons,deterministic,blast,0.2,blast_3,0,MaxTP,1.2422165335410052e-05,80739.6738427798,0
wfcommons,deterministic,blast,0.2,blast_2,0,HEFT_static,1.2180258159811644e-05,82394.31452915081,0
wfcommons,deterministic,blast,0.2,blast_2,0,CPoP_static,1.2180258159811644e-05,82394.31452915081,0
wfcommons,deterministic,blast,0.2,blast_2,0,HEFT-Tp_static,1.2196072829977288e-05,82583.42267234846,0
wfcommons,deterministic,blast,0.2,blast_2,0,CPoP-Tp_static,1.2196072829977288e-05,82583.42267234846,0
wfcommons,deterministic,blast,0.2,blast_2,0,FastestNode,5.794284390370453e-06,172583.86586304184,0
wfcommons,deterministic,blast,0.2,blast_2,0,MaxTP,1.2196072829977288e-05,82583.42267234846,0
wfcommons,deterministic,blast,0.2,blast_4,0,HEFT_static,2.436188919310221e-05,41244.43774062525,0
wfcommons,deterministic,blast,0.2,blast_4,0,CPoP_static,2.436188919310221e-05,41244.43774062525,0
wfcommons,deterministic,blast,0.2,blast_4,0,HEFT-Tp_static,2.443282519111732e-05,41379.97312619021,0
wfcommons,deterministic,blast,0.2,blast_4,0,CPoP-Tp_static,2.443282519111732e-05,41379.97312619021,0
wfcommons,deterministic,blast,0.2,blast_4,0,FastestNode,1.0926735130565391e-05,91518.64560189792,0
wfcommons,deterministic,blast,0.2,blast_4,0,MaxTP,2.443282519111732e-05,41379.97312619021,0
wfcommons,deterministic,blast,0.2,blast_7,0,HEFT_static,9.565799714630632e-06,104810.87168411852,0
wfcommons,deterministic,blast,0.2,blast_7,0,CPoP_static,9.565799714630632e-06,104810.87168411852,0
wfcommons,deterministic,blast,0.2,blast_7,0,HEFT-Tp_static,9.571770158784732e-06,105007.65764426324,0
wfcommons,deterministic,blast,0.2,blast_7,0,CPoP-Tp_static,9.571770158784732e-06,105007.65764426324,0
wfcommons,deterministic,blast,0.2,blast_7,0,FastestNode,4.845556530785086e-06,206374.6431698296,0
wfcommons,deterministic,blast,0.2,blast_7,0,MaxTP,9.571770158784732e-06,105007.65764426324,0
wfcommons,deterministic,blast,0.2,blast_8,0,HEFT_static,1.0936354038924654e-05,91658.73222089262,0
wfcommons,deterministic,blast,0.2,blast_8,0,CPoP_static,1.0936354038924654e-05,91658.73222089262,0
wfcommons,deterministic,blast,0.2,blast_8,0,HEFT-Tp_static,1.0949002005661374e-05,91571.99274642588,0
wfcommons,deterministic,blast,0.2,blast_8,0,CPoP-Tp_static,1.0949002005661374e-05,91571.99274642588,0
wfcommons,deterministic,blast,0.2,blast_8,0,FastestNode,5.8112201501134185e-06,172080.9011134253,0
wfcommons,deterministic,blast,0.2,blast_8,0,MaxTP,1.0949002005661374e-05,91571.99274642588,0
wfcommons,deterministic,blast,0.2,blast_5,0,HEFT_static,6.209264507980847e-06,161182.37199152002,0
wfcommons,deterministic,blast,0.2,blast_5,0,CPoP_static,6.209264507980847e-06,161182.37199152002,0
wfcommons,deterministic,blast,0.2,blast_5,0,HEFT-Tp_static,6.215285610684291e-06,161196.02188968836,0
wfcommons,deterministic,blast,0.2,blast_5,0,CPoP-Tp_static,6.215285610684291e-06,161196.02188968836,0
wfcommons,deterministic,blast,0.2,blast_5,0,FastestNode,3.287888919150224e-06,304146.528240517,0
wfcommons,deterministic,blast,0.2,blast_5,0,MaxTP,6.215285610684291e-06,161196.02188968836,0
wfcommons,deterministic,blast,0.2,blast_6,0,HEFT_static,2.747866496604517e-05,36609.03601517565,0
wfcommons,deterministic,blast,0.2,blast_6,0,CPoP_static,2.747866496604517e-05,36609.03601517565,0
wfcommons,deterministic,blast,0.2,blast_6,0,HEFT-Tp_static,2.7516145211526203e-05,36763.43844105053,0
wfcommons,deterministic,blast,0.2,blast_6,0,CPoP-Tp_static,2.7516145211526203e-05,36763.43844105053,0
wfcommons,deterministic,blast,0.2,blast_6,0,FastestNode,6.615242919338236e-06,151166.0285485101,0
wfcommons,deterministic,blast,0.2,blast_6,0,MaxTP,2.7516145211526203e-05,36763.43844105053,0
wfcommons,deterministic,blast,0.2,blast_11,0,HEFT_static,5.882984152146419e-06,170236.31371132596,0
wfcommons,deterministic,blast,0.2,blast_11,0,CPoP_static,5.882984152146419e-06,170236.31371132596,0
wfcommons,deterministic,blast,0.2,blast_11,0,HEFT-Tp_static,5.886050340529415e-06,170147.7660320575,0
wfcommons,deterministic,blast,0.2,blast_11,0,CPoP-Tp_static,5.886050340529415e-06,170147.7660320575,0
wfcommons,deterministic,blast,0.2,blast_11,0,FastestNode,3.5677767078796893e-06,280286.59915611753,0
wfcommons,deterministic,blast,0.2,blast_11,0,MaxTP,5.886050340529415e-06,170147.7660320575,0
wfcommons,deterministic,blast,0.2,blast_12,0,HEFT_static,1.499719273608396e-05,66884.9405425871,0
wfcommons,deterministic,blast,0.2,blast_12,0,CPoP_static,1.499719273608396e-05,66884.9405425871,0
wfcommons,deterministic,blast,0.2,blast_12,0,HEFT-Tp_static,1.5023710587910602e-05,66995.95826231703,0
wfcommons,deterministic,blast,0.2,blast_12,0,CPoP-Tp_static,1.5023710587910602e-05,66995.95826231703,0
wfcommons,deterministic,blast,0.2,blast_12,0,FastestNode,7.0426139671018494e-06,141992.73233934335,0
wfcommons,deterministic,blast,0.2,blast_12,0,MaxTP,1.5023710587910602e-05,66995.95826231703,0
wfcommons,deterministic,blast,0.2,blast_13,0,HEFT_static,1.0680969529441764e-05,93976.7032641658,0
wfcommons,deterministic,blast,0.2,blast_13,0,CPoP_static,1.0680969529441764e-05,93976.7032641658,0
wfcommons,deterministic,blast,0.2,blast_13,0,HEFT-Tp_static,1.0689712629918431e-05,94178.86497611667,0
wfcommons,deterministic,blast,0.2,blast_13,0,CPoP-Tp_static,1.0689712629918431e-05,94178.86497611667,0
wfcommons,deterministic,blast,0.2,blast_13,0,FastestNode,6.386379030558327e-06,156583.2524526168,0
wfcommons,deterministic,blast,0.2,blast_13,0,MaxTP,1.0689712629918431e-05,94178.86497611667,0
wfcommons,deterministic,blast,0.2,blast_10,0,HEFT_static,1.414290103831731e-05,70897.71773569987,0
wfcommons,deterministic,blast,0.2,blast_10,0,CPoP_static,1.414290103831731e-05,70897.71773569987,0
wfcommons,deterministic,blast,0.2,blast_10,0,HEFT-Tp_static,1.4176849208865152e-05,70888.6341492063,0
wfcommons,deterministic,blast,0.2,blast_10,0,CPoP-Tp_static,1.4176849208865152e-05,70888.6341492063,0
wfcommons,deterministic,blast,0.2,blast_10,0,FastestNode,3.957199955381722e-06,252703.93492247604,0
wfcommons,deterministic,blast,0.2,blast_10,0,MaxTP,1.4176849208865152e-05,70888.6341492063,0
wfcommons,deterministic,blast,0.2,blast_14,0,HEFT_static,1.0358440335002796e-05,96692.31347852825,0
wfcommons,deterministic,blast,0.2,blast_14,0,CPoP_static,1.0358440335002796e-05,96692.31347852825,0
wfcommons,deterministic,blast,0.2,blast_14,0,HEFT-Tp_static,1.0368917512817344e-05,96732.871167254,0
wfcommons,deterministic,blast,0.2,blast_14,0,CPoP-Tp_static,1.0368917512817344e-05,96732.871167254,0
wfcommons,deterministic,blast,0.2,blast_14,0,FastestNode,6.926223165017973e-06,144378.8304498587,0
wfcommons,deterministic,blast,0.2,blast_14,0,MaxTP,1.0368917512817344e-05,96732.871167254,0
wfcommons,deterministic,blast,0.2,blast_9,0,HEFT_static,1.673116697106976e-05,60108.88975678903,0
wfcommons,deterministic,blast,0.2,blast_9,0,CPoP_static,1.673116697106976e-05,60108.88975678903,0
wfcommons,deterministic,blast,0.2,blast_9,0,HEFT-Tp_static,1.675076118755686e-05,60178.946682751266,0
wfcommons,deterministic,blast,0.2,blast_9,0,CPoP-Tp_static,1.675076118755686e-05,60178.946682751266,0
wfcommons,deterministic,blast,0.2,blast_9,0,FastestNode,4.168937269094841e-06,239869.2845328249,0
wfcommons,deterministic,blast,0.2,blast_9,0,MaxTP,1.675076118755686e-05,60178.946682751266,0
wfcommons,deterministic,blast,0.2,blast_16,0,HEFT_static,6.330623534884346e-06,158034.93343054302,0
wfcommons,deterministic,blast,0.2,blast_16,0,CPoP_static,6.330623534884346e-06,158034.93343054302,0
wfcommons,deterministic,blast,0.2,blast_16,0,HEFT-Tp_static,6.334937393637608e-06,158102.2349668861,0
wfcommons,deterministic,blast,0.2,blast_16,0,CPoP-Tp_static,6.334937393637608e-06,158102.2349668861,0
wfcommons,deterministic,blast,0.2,blast_16,0,FastestNode,3.799535468231267e-06,263190.06846000586,0
wfcommons,deterministic,blast,0.2,blast_16,0,MaxTP,6.334937393637608e-06,158102.2349668861,0
wfcommons,deterministic,blast,0.2,blast_18,0,HEFT_static,1.0102983372806342e-05,99277.9645356893,0
wfcommons,deterministic,blast,0.2,blast_18,0,CPoP_static,1.0102983372806342e-05,99277.9645356893,0
wfcommons,deterministic,blast,0.2,blast_18,0,HEFT-Tp_static,1.0118791872296724e-05,99402.848273572,0
wfcommons,deterministic,blast,0.2,blast_18,0,CPoP-Tp_static,1.0118791872296724e-05,99402.848273572,0
wfcommons,deterministic,blast,0.2,blast_18,0,FastestNode,4.153002424690926e-06,240789.6499300576,0
wfcommons,deterministic,blast,0.2,blast_18,0,MaxTP,1.0118791872296724e-05,99402.848273572,0
wfcommons,deterministic,blast,0.2,blast_17,0,HEFT_static,4.706044875816858e-06,212805.43120559983,0
wfcommons,deterministic,blast,0.2,blast_17,0,CPoP_static,4.706044875816858e-06,212805.43120559983,0
wfcommons,deterministic,blast,0.2,blast_17,0,HEFT-Tp_static,4.706154568209475e-06,213098.19874015384,0
wfcommons,deterministic,blast,0.2,blast_17,0,CPoP-Tp_static,4.706154568209475e-06,213098.19874015384,0
wfcommons,deterministic,blast,0.2,blast_17,0,FastestNode,2.5108338252965225e-06,398274.0673337503,0
wfcommons,deterministic,blast,0.2,blast_17,0,MaxTP,4.706154568209475e-06,213098.19874015384,0
wfcommons,deterministic,blast,0.2,blast_20,0,HEFT_static,3.2524712398923384e-05,31032.116432058447,0
wfcommons,deterministic,blast,0.2,blast_20,0,CPoP_static,3.2524712398923384e-05,31032.116432058447,0
wfcommons,deterministic,blast,0.2,blast_20,0,HEFT-Tp_static,3.2503428498379625e-05,31046.532264399317,0
wfcommons,deterministic,blast,0.2,blast_20,0,CPoP-Tp_static,3.2503428498379625e-05,31046.532264399317,0
wfcommons,deterministic,blast,0.2,blast_20,0,FastestNode,1.4420909507698673e-05,69343.75390582503,0
wfcommons,deterministic,blast,0.2,blast_20,0,MaxTP,3.2503428498379625e-05,31046.532264399317,0
wfcommons,deterministic,blast,0.2,blast_15,0,HEFT_static,1.4202032951438304e-05,70793.94629190957,0
wfcommons,deterministic,blast,0.2,blast_15,0,CPoP_static,1.4202032951438304e-05,70793.94629190957,0
wfcommons,deterministic,blast,0.2,blast_15,0,HEFT-Tp_static,1.422042201815276e-05,70865.39844489147,0
wfcommons,deterministic,blast,0.2,blast_15,0,CPoP-Tp_static,1.422042201815276e-05,70865.39844489147,0
wfcommons,deterministic,blast,0.2,blast_15,0,FastestNode,3.4471265798779407e-06,290096.68685720727,0
wfcommons,deterministic,blast,0.2,blast_15,0,MaxTP,1.422042201815276e-05,70865.39844489147,0
wfcommons,deterministic,blast,0.2,blast_23,0,HEFT_static,1.4572227222476864e-05,68783.05153364234,0
wfcommons,deterministic,blast,0.2,blast_23,0,CPoP_static,1.4572227222476864e-05,68783.05153364234,0
wfcommons,deterministic,blast,0.2,blast_23,0,HEFT-Tp_static,1.4608345776874437e-05,68865.31442552905,0
wfcommons,deterministic,blast,0.2,blast_23,0,CPoP-Tp_static,1.4608345776874437e-05,68865.31442552905,0
wfcommons,deterministic,blast,0.2,blast_23,0,FastestNode,5.538803948916226e-06,180544.39355913296,0
wfcommons,deterministic,blast,0.2,blast_23,0,MaxTP,1.4608345776874437e-05,68865.31442552905,0
wfcommons,deterministic,blast,0.2,blast_22,0,HEFT_static,5.715617427594221e-06,175101.24537723168,0
wfcommons,deterministic,blast,0.2,blast_22,0,CPoP_static,5.715617427594221e-06,175101.24537723168,0
wfcommons,deterministic,blast,0.2,blast_22,0,HEFT-Tp_static,5.719777911867895e-06,175118.71097200856,0
wfcommons,deterministic,blast,0.2,blast_22,0,CPoP-Tp_static,5.719777911867895e-06,175118.71097200856,0
wfcommons,deterministic,blast,0.2,blast_22,0,FastestNode,3.0371410550619262e-06,329257.0156836579,0
wfcommons,deterministic,blast,0.2,blast_22,0,MaxTP,5.719777911867895e-06,175118.71097200856,0
wfcommons,deterministic,blast,0.2,blast_21,0,HEFT_static,3.351021290609562e-05,30170.782688021653,0
wfcommons,deterministic,blast,0.2,blast_21,0,CPoP_static,3.351021290609562e-05,30170.782688021653,0
wfcommons,deterministic,blast,0.2,blast_21,0,HEFT-Tp_static,3.369094961556707e-05,30243.099996134664,0
wfcommons,deterministic,blast,0.2,blast_21,0,CPoP-Tp_static,3.369094961556707e-05,30243.099996134664,0
wfcommons,deterministic,blast,0.2,blast_21,0,FastestNode,6.016011442605463e-06,166223.0880942148,0
wfcommons,deterministic,blast,0.2,blast_21,0,MaxTP,3.369094961556707e-05,30243.099996134664,0
wfcommons,deterministic,blast,0.2,blast_19,0,HEFT_static,1.3854566923545758e-05,72531.46513343182,0
wfcommons,deterministic,blast,0.2,blast_19,0,CPoP_static,1.3854566923545758e-05,72531.46513343182,0
wfcommons,deterministic,blast,0.2,blast_19,0,HEFT-Tp_static,1.3870874796078273e-05,72671.759084529,0
wfcommons,deterministic,blast,0.2,blast_19,0,CPoP-Tp_static,1.3870874796078273e-05,72671.759084529,0
wfcommons,deterministic,blast,0.2,blast_19,0,FastestNode,3.2525012472185406e-06,307455.68532992323,0
wfcommons,deterministic,blast,0.2,blast_19,0,MaxTP,1.3870874796078273e-05,72671.759084529,0
wfcommons,deterministic,blast,0.2,blast_26,0,HEFT_static,6.685553720870374e-06,149778.22437671784,0
wfcommons,deterministic,blast,0.2,blast_26,0,CPoP_static,6.685553720870374e-06,149778.22437671784,0
wfcommons,deterministic,blast,0.2,blast_26,0,HEFT-Tp_static,6.6875872594461405e-06,149961.7824266123,0
wfcommons,deterministic,blast,0.2,blast_26,0,CPoP-Tp_static,6.6875872594461405e-06,149961.7824266123,0
wfcommons,deterministic,blast,0.2,blast_26,0,FastestNode,4.231230832912068e-06,236337.85049533125,0
wfcommons,deterministic,blast,0.2,blast_26,0,MaxTP,6.6875872594461405e-06,149961.7824266123,0
wfcommons,deterministic,blast,0.2,blast_27,0,HEFT_static,4.05581055879059e-05,24910.531679977597,0
wfcommons,deterministic,blast,0.2,blast_27,0,CPoP_static,4.05581055879059e-05,24910.531679977597,0
wfcommons,deterministic,blast,0.2,blast_27,0,HEFT-Tp_static,4.0765283619183125e-05,24985.32920056958,0
wfcommons,deterministic,blast,0.2,blast_27,0,CPoP-Tp_static,4.0765283619183125e-05,24985.32920056958,0
wfcommons,deterministic,blast,0.2,blast_27,0,FastestNode,8.982837817764535e-06,111323.39470967736,0
wfcommons,deterministic,blast,0.2,blast_27,0,MaxTP,4.0765283619183125e-05,24985.32920056958,0
wfcommons,deterministic,blast,0.2,blast_28,0,HEFT_static,4.969747066099733e-05,20341.330183581384,0
wfcommons,deterministic,blast,0.2,blast_28,0,CPoP_static,4.969747066099733e-05,20341.330183581384,0
wfcommons,deterministic,blast,0.2,blast_28,0,HEFT-Tp_static,4.999330779151379e-05,20430.84535292829,0
wfcommons,deterministic,blast,0.2,blast_28,0,CPoP-Tp_static,4.999330779151379e-05,20430.84535292829,0
wfcommons,deterministic,blast,0.2,blast_28,0,FastestNode,1.7283308441237758e-05,57859.292588567536,0
wfcommons,deterministic,blast,0.2,blast_28,0,MaxTP,4.999330779151379e-05,20430.84535292829,0
wfcommons,deterministic,blast,0.2,blast_29,0,HEFT_static,4.6567840099162934e-05,21642.636744185485,0
wfcommons,deterministic,blast,0.2,blast_29,0,CPoP_static,4.6567840099162934e-05,21642.636744185485,0
wfcommons,deterministic,blast,0.2,blast_29,0,HEFT-Tp_static,4.696718588274724e-05,21706.3513094257,0
wfcommons,deterministic,blast,0.2,blast_29,0,CPoP-Tp_static,4.696718588274724e-05,21706.3513094257,0
wfcommons,deterministic,blast,0.2,blast_29,0,FastestNode,1.8503153691260113e-05,54044.8410409293,0
wfcommons,deterministic,blast,0.2,blast_29,0,MaxTP,4.696718588274724e-05,21706.3513094257,0
wfcommons,deterministic,blast,0.2,blast_25,0,HEFT_static,1.0058930731880903e-05,99729.04085095662,0
wfcommons,deterministic,blast,0.2,blast_25,0,CPoP_static,1.0058930731880903e-05,99729.04085095662,0
wfcommons,deterministic,blast,0.2,blast_25,0,HEFT-Tp_static,1.0069650011351938e-05,99871.472827957,0
wfcommons,deterministic,blast,0.2,blast_25,0,CPoP-Tp_static,1.0069650011351938e-05,99871.472827957,0
wfcommons,deterministic,blast,0.2,blast_25,0,FastestNode,2.9872218336805616e-06,334759.20292397705,0
wfcommons,deterministic,blast,0.2,blast_25,0,MaxTP,1.0069650011351938e-05,99871.472827957,0
wfcommons,deterministic,blast,0.5,blast_1,0,HEFT_static,1.7788090196359004e-05,39733.99078388253,0
wfcommons,deterministic,blast,0.5,blast_1,0,CPoP_static,1.7788090196359004e-05,39733.99078388253,0
wfcommons,deterministic,blast,0.5,blast_1,0,HEFT-Tp_static,1.8381026536033407e-05,40066.61288497449,0
wfcommons,deterministic,blast,0.5,blast_1,0,CPoP-Tp_static,1.8381026536033407e-05,40066.61288497449,0
wfcommons,deterministic,blast,0.5,blast_1,0,FastestNode,1.3544820028723644e-05,73828.96176393561,0
wfcommons,deterministic,blast,0.5,blast_1,0,MaxTP,1.8381026536033407e-05,40066.61288497449,0
wfcommons,deterministic,blast,0.5,blast_3,0,HEFT_static,1.2277803684968776e-05,81233.00572344105,0
wfcommons,deterministic,blast,0.5,blast_3,0,CPoP_static,1.2277803684968776e-05,81233.00572344105,0
wfcommons,deterministic,blast,0.5,blast_3,0,HEFT-Tp_static,9.465569321319712e-06,81544.02520035536,0
wfcommons,deterministic,blast,0.5,blast_3,0,CPoP-Tp_static,9.465569321319712e-06,81544.02520035536,0
wfcommons,deterministic,blast,0.5,blast_3,0,FastestNode,8.124039228756757e-06,123091.47849265726,0
wfcommons,deterministic,blast,0.5,blast_3,0,MaxTP,9.465569321319712e-06,81544.02520035536,0
wfcommons,deterministic,blast,0.5,blast_0,0,HEFT_static,2.251031810314103e-05,27452.871721310887,0
wfcommons,deterministic,blast,0.5,blast_0,0,CPoP_static,2.251031810314103e-05,27452.871721310887,0
wfcommons,deterministic,blast,0.5,blast_0,0,HEFT-Tp_static,3.7751617291382274e-05,27542.510067695297,0
wfcommons,deterministic,blast,0.5,blast_0,0,CPoP-Tp_static,3.7751617291382274e-05,27542.510067695297,0
wfcommons,deterministic,blast,0.5,blast_0,0,FastestNode,9.277022311008624e-06,107793.20847524142,0
wfcommons,deterministic,blast,0.5,blast_0,0,MaxTP,3.7751617291382274e-05,27542.510067695297,0
wfcommons,deterministic,blast,0.2,blast_24,0,HEFT_static,2.2403977799821717e-05,44862.44706543704,0
wfcommons,deterministic,blast,0.2,blast_24,0,CPoP_static,2.2403977799821717e-05,44862.44706543704,0
wfcommons,deterministic,blast,0.2,blast_24,0,HEFT-Tp_static,2.248312245758302e-05,44887.452073879445,0
wfcommons,deterministic,blast,0.2,blast_24,0,CPoP-Tp_static,2.248312245758302e-05,44887.452073879445,0
wfcommons,deterministic,blast,0.2,blast_24,0,FastestNode,4.635469724511569e-06,215727.86781718815,0
wfcommons,deterministic,blast,0.2,blast_24,0,MaxTP,2.248312245758302e-05,44887.452073879445,0
wfcommons,deterministic,blast,0.5,blast_2,0,HEFT_static,6.614662756791334e-06,83070.57197306796,0
wfcommons,deterministic,blast,0.5,blast_2,0,CPoP_static,6.614662756791334e-06,83070.57197306796,0
wfcommons,deterministic,blast,0.5,blast_2,0,HEFT-Tp_static,9.128234604372038e-06,83458.19421997004,0
wfcommons,deterministic,blast,0.5,blast_2,0,CPoP-Tp_static,9.128234604372038e-06,83458.19421997004,0
wfcommons,deterministic,blast,0.5,blast_2,0,FastestNode,5.794284390370453e-06,172583.86586304184,0
wfcommons,deterministic,blast,0.5,blast_2,0,MaxTP,9.128234604372038e-06,83458.19421997004,0
wfcommons,deterministic,blast,0.5,blast_4,0,HEFT_static,1.5104937116557576e-05,41756.6755542389,0
wfcommons,deterministic,blast,0.5,blast_4,0,CPoP_static,1.5104937116557576e-05,41756.6755542389,0
wfcommons,deterministic,blast,0.5,blast_4,0,HEFT-Tp_static,2.173637292382676e-05,42053.22642615605,0
wfcommons,deterministic,blast,0.5,blast_4,0,CPoP-Tp_static,2.173637292382676e-05,42053.22642615605,0
wfcommons,deterministic,blast,0.5,blast_4,0,FastestNode,1.0926735130565391e-05,91518.64560189792,0
wfcommons,deterministic,blast,0.5,blast_4,0,MaxTP,2.173637292382676e-05,42053.22642615605,0
wfcommons,deterministic,blast,0.5,blast_5,0,HEFT_static,4.48693455872748e-06,161880.82686949434,0
wfcommons,deterministic,blast,0.5,blast_5,0,CPoP_static,4.48693455872748e-06,161880.82686949434,0
wfcommons,deterministic,blast,0.5,blast_5,0,HEFT-Tp_static,4.298772786896008e-06,162253.75795434578,0
wfcommons,deterministic,blast,0.5,blast_5,0,CPoP-Tp_static,4.298772786896008e-06,162253.75795434578,0
wfcommons,deterministic,blast,0.5,blast_5,0,FastestNode,3.287888919150224e-06,304146.528240517,0
wfcommons,deterministic,blast,0.5,blast_5,0,MaxTP,4.298772786896008e-06,162253.75795434578,0
wfcommons,deterministic,blast,0.5,blast_7,0,HEFT_static,6.599872069827749e-06,105405.60422338697,0
wfcommons,deterministic,blast,0.5,blast_7,0,CPoP_static,6.599872069827749e-06,105405.60422338697,0
wfcommons,deterministic,blast,0.5,blast_7,0,HEFT-Tp_static,6.599872069827749e-06,105784.67348244131,0
wfcommons,deterministic,blast,0.5,blast_7,0,CPoP-Tp_static,6.599872069827749e-06,105784.67348244131,0
wfcommons,deterministic,blast,0.5,blast_7,0,FastestNode,4.845556530785086e-06,206374.6431698296,0
wfcommons,deterministic,blast,0.5,blast_7,0,MaxTP,6.599872069827749e-06,105784.67348244131,0
wfcommons,deterministic,blast,0.5,blast_8,0,HEFT_static,7.299312476495186e-06,92138.03005101328,0
wfcommons,deterministic,blast,0.5,blast_8,0,CPoP_static,7.299312476495186e-06,92138.03005101328,0
wfcommons,deterministic,blast,0.5,blast_8,0,HEFT-Tp_static,7.6099215180157905e-06,92419.48749234976,0
wfcommons,deterministic,blast,0.5,blast_8,0,CPoP-Tp_static,7.6099215180157905e-06,92419.48749234976,0
wfcommons,deterministic,blast,0.5,blast_8,0,FastestNode,5.8112201501134185e-06,172080.9011134253,0
wfcommons,deterministic,blast,0.5,blast_8,0,MaxTP,7.6099215180157905e-06,92419.48749234976,0
wfcommons,deterministic,blast,0.5,blast_6,0,HEFT_static,1.7360103367353085e-05,37142.53735239669,0
wfcommons,deterministic,blast,0.5,blast_6,0,CPoP_static,1.7360103367353085e-05,37142.53735239669,0
wfcommons,deterministic,blast,0.5,blast_6,0,HEFT-Tp_static,2.63873571183767e-05,37369.78742734122,0
wfcommons,deterministic,blast,0.5,blast_6,0,CPoP-Tp_static,2.63873571183767e-05,37369.78742734122,0
wfcommons,deterministic,blast,0.5,blast_6,0,FastestNode,6.615242919338236e-06,151166.0285485101,0
wfcommons,deterministic,blast,0.5,blast_6,0,MaxTP,2.63873571183767e-05,37369.78742734122,0
wfcommons,deterministic,blast,0.5,blast_11,0,HEFT_static,3.7127153561450737e-06,170742.8781054081,0
wfcommons,deterministic,blast,0.5,blast_11,0,CPoP_static,3.7127153561450737e-06,170742.8781054081,0
wfcommons,deterministic,blast,0.5,blast_11,0,HEFT-Tp_static,4.273125221212062e-06,171134.05724948086,0
wfcommons,deterministic,blast,0.5,blast_11,0,CPoP-Tp_static,4.273125221212062e-06,171134.05724948086,0
wfcommons,deterministic,blast,0.5,blast_11,0,FastestNode,3.5677767078796893e-06,280286.59915611753,0
wfcommons,deterministic,blast,0.5,blast_11,0,MaxTP,4.273125221212062e-06,171134.05724948086,0
wfcommons,deterministic,blast,0.5,blast_12,0,HEFT_static,8.622303783548367e-06,67412.53043748515,0
wfcommons,deterministic,blast,0.5,blast_12,0,CPoP_static,8.622303783548367e-06,67412.53043748515,0
wfcommons,deterministic,blast,0.5,blast_12,0,HEFT-Tp_static,1.178381517084941e-05,67669.9921224014,0
wfcommons,deterministic,blast,0.5,blast_12,0,CPoP-Tp_static,1.178381517084941e-05,67669.9921224014,0
wfcommons,deterministic,blast,0.5,blast_12,0,FastestNode,7.0426139671018494e-06,141992.73233934335,0
wfcommons,deterministic,blast,0.5,blast_12,0,MaxTP,1.178381517084941e-05,67669.9921224014,0
wfcommons,deterministic,blast,0.5,blast_10,0,HEFT_static,9.031814781615563e-06,71468.26443298795,0
wfcommons,deterministic,blast,0.5,blast_10,0,CPoP_static,9.031814781615563e-06,71468.26443298795,0
wfcommons,deterministic,blast,0.5,blast_10,0,HEFT-Tp_static,1.3932799546833324e-05,71621.73842944847,0
wfcommons,deterministic,blast,0.5,blast_10,0,CPoP-Tp_static,1.3932799546833324e-05,71621.73842944847,0
wfcommons,deterministic,blast,0.5,blast_10,0,FastestNode,3.957199955381722e-06,252703.93492247604,0
wfcommons,deterministic,blast,0.5,blast_10,0,MaxTP,1.3932799546833324e-05,71621.73842944847,0
wfcommons,deterministic,blast,0.5,blast_13,0,HEFT_static,7.833754076600336e-06,94694.48614284224,0
wfcommons,deterministic,blast,0.5,blast_13,0,CPoP_static,7.833754076600336e-06,94694.48614284224,0
wfcommons,deterministic,blast,0.5,blast_13,0,HEFT-Tp_static,7.833754076600336e-06,95160.80896152336,0
wfcommons,deterministic,blast,0.5,blast_13,0,CPoP-Tp_static,7.833754076600336e-06,95160.80896152336,0
wfcommons,deterministic,blast,0.5,blast_13,0,FastestNode,6.386379030558327e-06,156583.2524526168,0
wfcommons,deterministic,blast,0.5,blast_13,0,MaxTP,7.833754076600336e-06,95160.80896152336,0
wfcommons,deterministic,blast,0.5,blast_14,0,HEFT_static,1.0346853777778275e-05,97293.6974384522,0
wfcommons,deterministic,blast,0.5,blast_14,0,CPoP_static,1.0346853777778275e-05,97293.6974384522,0
wfcommons,deterministic,blast,0.5,blast_14,0,HEFT-Tp_static,7.966610320637207e-06,97680.1574060497,0
wfcommons,deterministic,blast,0.5,blast_14,0,CPoP-Tp_static,7.966610320637207e-06,97680.1574060497,0
wfcommons,deterministic,blast,0.5,blast_14,0,FastestNode,6.926223165017973e-06,144378.8304498587,0
wfcommons,deterministic,blast,0.5,blast_14,0,MaxTP,7.966610320637207e-06,97680.1574060497,0
wfcommons,deterministic,blast,0.5,blast_9,0,HEFT_static,1.1222614611433264e-05,60742.63239981524,0
wfcommons,deterministic,blast,0.5,blast_9,0,CPoP_static,1.1222614611433264e-05,60742.63239981524,0
wfcommons,deterministic,blast,0.5,blast_9,0,HEFT-Tp_static,1.594240580326247e-05,60886.376971032565,0
wfcommons,deterministic,blast,0.5,blast_9,0,CPoP-Tp_static,1.594240580326247e-05,60886.376971032565,0
wfcommons,deterministic,blast,0.5,blast_9,0,FastestNode,4.168937269094841e-06,239869.2845328249,0
wfcommons,deterministic,blast,0.5,blast_9,0,MaxTP,1.594240580326247e-05,60886.376971032565,0
wfcommons,deterministic,blast,0.5,blast_18,0,HEFT_static,6.014556598313217e-06,99893.97447765947,0
wfcommons,deterministic,blast,0.5,blast_18,0,CPoP_static,6.014556598313217e-06,99893.97447765947,0
wfcommons,deterministic,blast,0.5,blast_18,0,HEFT-Tp_static,7.205255620314316e-06,100248.25303808915,0
wfcommons,deterministic,blast,0.5,blast_18,0,CPoP-Tp_static,7.205255620314316e-06,100248.25303808915,0
wfcommons,deterministic,blast,0.5,blast_18,0,FastestNode,4.153002424690926e-06,240789.6499300576,0
wfcommons,deterministic,blast,0.5,blast_18,0,MaxTP,7.205255620314316e-06,100248.25303808915,0
wfcommons,deterministic,blast,0.5,blast_16,0,HEFT_static,5.354966568116862e-06,158545.0570266825,0
wfcommons,deterministic,blast,0.5,blast_16,0,CPoP_static,5.354966568116862e-06,158545.0570266825,0
wfcommons,deterministic,blast,0.5,blast_16,0,HEFT-Tp_static,4.583963528192749e-06,158849.52816689463,0
wfcommons,deterministic,blast,0.5,blast_16,0,CPoP-Tp_static,4.583963528192749e-06,158849.52816689463,0
wfcommons,deterministic,blast,0.5,blast_16,0,FastestNode,3.799535468231267e-06,263190.06846000586,0
wfcommons,deterministic,blast,0.5,blast_16,0,MaxTP,4.583963528192749e-06,158849.52816689463,0
wfcommons,deterministic,blast,0.5,blast_17,0,HEFT_static,3.109212633002202e-06,213450.77520401927,0
wfcommons,deterministic,blast,0.5,blast_17,0,CPoP_static,3.109212633002202e-06,213450.77520401927,0
wfcommons,deterministic,blast,0.5,blast_17,0,HEFT-Tp_static,3.391868326911484e-06,213991.6010595364,0
wfcommons,deterministic,blast,0.5,blast_17,0,CPoP-Tp_static,3.391868326911484e-06,213991.6010595364,0
wfcommons,deterministic,blast,0.5,blast_17,0,FastestNode,2.5108338252965225e-06,398274.0673337503,0
wfcommons,deterministic,blast,0.5,blast_17,0,MaxTP,3.391868326911484e-06,213991.6010595364,0
wfcommons,deterministic,blast,0.5,blast_20,0,HEFT_static,2.448054937505323e-05,31564.897824949072,0
wfcommons,deterministic,blast,0.5,blast_20,0,CPoP_static,2.448054937505323e-05,31564.897824949072,0
wfcommons,deterministic,blast,0.5,blast_20,0,HEFT-Tp_static,2.9920671458398368e-05,31846.71416730133,0
wfcommons,deterministic,blast,0.5,blast_20,0,CPoP-Tp_static,2.9920671458398368e-05,31846.71416730133,0
wfcommons,deterministic,blast,0.5,blast_20,0,FastestNode,1.4420909507698673e-05,69343.75390582503,0
wfcommons,deterministic,blast,0.5,blast_20,0,MaxTP,2.9920671458398368e-05,31846.71416730133,0
wfcommons,deterministic,blast,0.5,blast_15,0,HEFT_static,8.3561962865747e-06,71521.01706876403,0
wfcommons,deterministic,blast,0.5,blast_15,0,CPoP_static,8.3561962865747e-06,71521.01706876403,0
wfcommons,deterministic,blast,0.5,blast_15,0,HEFT-Tp_static,1.364589852303024e-05,71672.86325117375,0
wfcommons,deterministic,blast,0.5,blast_15,0,CPoP-Tp_static,1.364589852303024e-05,71672.86325117375,0
wfcommons,deterministic,blast,0.5,blast_15,0,FastestNode,3.4471265798779407e-06,290096.68685720727,0
wfcommons,deterministic,blast,0.5,blast_15,0,MaxTP,1.364589852303024e-05,71672.86325117375,0
wfcommons,deterministic,blast,0.5,blast_22,0,HEFT_static,4.135267913301964e-06,175731.30142254522,0
wfcommons,deterministic,blast,0.5,blast_22,0,CPoP_static,4.135267913301964e-06,175731.30142254522,0
wfcommons,deterministic,blast,0.5,blast_22,0,HEFT-Tp_static,3.9519873409563034e-06,176074.3127623299,0
wfcommons,deterministic,blast,0.5,blast_22,0,CPoP-Tp_static,3.9519873409563034e-06,176074.3127623299,0
wfcommons,deterministic,blast,0.5,blast_22,0,FastestNode,3.0371410550619262e-06,329257.0156836579,0
wfcommons,deterministic,blast,0.5,blast_22,0,MaxTP,3.9519873409563034e-06,176074.3127623299,0
wfcommons,deterministic,blast,0.5,blast_23,0,HEFT_static,1.05838999749909e-05,69440.19966689883,0
wfcommons,deterministic,blast,0.5,blast_23,0,CPoP_static,1.05838999749909e-05,69440.19966689883,0
wfcommons,deterministic,blast,0.5,blast_23,0,HEFT-Tp_static,1.05838999749909e-05,69651.58011474759,0
wfcommons,deterministic,blast,0.5,blast_23,0,CPoP-Tp_static,1.05838999749909e-05,69651.58011474759,0
wfcommons,deterministic,blast,0.5,blast_23,0,FastestNode,5.538803948916226e-06,180544.39355913296,0
wfcommons,deterministic,blast,0.5,blast_23,0,MaxTP,1.05838999749909e-05,69651.58011474759,0
wfcommons,deterministic,blast,0.5,blast_21,0,HEFT_static,1.959258462037434e-05,30891.61673673263,0
wfcommons,deterministic,blast,0.5,blast_21,0,CPoP_static,1.959258462037434e-05,30891.61673673263,0
wfcommons,deterministic,blast,0.5,blast_21,0,HEFT-Tp_static,3.265430770062395e-05,31065.80964827947,0
wfcommons,deterministic,blast,0.5,blast_21,0,CPoP-Tp_static,3.265430770062395e-05,31065.80964827947,0
wfcommons,deterministic,blast,0.5,blast_21,0,FastestNode,6.016011442605463e-06,166223.0880942148,0
wfcommons,deterministic,blast,0.5,blast_21,0,MaxTP,3.265430770062395e-05,31065.80964827947,0
wfcommons,deterministic,blast,0.5,blast_19,0,HEFT_static,8.263775879162483e-06,73320.48739639665,0
wfcommons,deterministic,blast,0.5,blast_19,0,CPoP_static,8.263775879162483e-06,73320.48739639665,0
wfcommons,deterministic,blast,0.5,blast_19,0,HEFT-Tp_static,1.3870871885513727e-05,73516.97667769561,0
wfcommons,deterministic,blast,0.5,blast_19,0,CPoP-Tp_static,1.3870871885513727e-05,73516.97667769561,0
wfcommons,deterministic,blast,0.5,blast_19,0,FastestNode,3.2525012472185406e-06,307455.68532992323,0
wfcommons,deterministic,blast,0.5,blast_19,0,MaxTP,1.3870871885513727e-05,73516.97667769561,0
wfcommons,deterministic,blast,0.5,blast_27,0,HEFT_static,2.5784609933653215e-05,25487.07603248312,0
wfcommons,deterministic,blast,0.5,blast_27,0,CPoP_static,2.5784609933653215e-05,25487.07603248312,0
wfcommons,deterministic,blast,0.5,blast_27,0,HEFT-Tp_static,3.895121926202478e-05,25623.37999847006,0
wfcommons,deterministic,blast,0.5,blast_27,0,CPoP-Tp_static,3.895121926202478e-05,25623.37999847006,0
wfcommons,deterministic,blast,0.5,blast_27,0,FastestNode,8.982837817764535e-06,111323.39470967736,0
wfcommons,deterministic,blast,0.5,blast_27,0,MaxTP,3.895121926202478e-05,25623.37999847006,0
wfcommons,deterministic,blast,0.5,blast_28,0,HEFT_static,3.60039648852311e-05,20846.361459857635,0
wfcommons,deterministic,blast,0.5,blast_28,0,CPoP_static,3.60039648852311e-05,20846.361459857635,0
wfcommons,deterministic,blast,0.5,blast_28,0,HEFT-Tp_static,4.999328215356149e-05,21048.051042019903,0
wfcommons,deterministic,blast,0.5,blast_28,0,CPoP-Tp_static,4.999328215356149e-05,21048.051042019903,0
wfcommons,deterministic,blast,0.5,blast_28,0,FastestNode,1.7283308441237758e-05,57859.292588567536,0
wfcommons,deterministic,blast,0.5,blast_28,0,MaxTP,4.999328215356149e-05,21048.051042019903,0
wfcommons,deterministic,blast,0.5,blast_25,0,HEFT_static,5.731161010247588e-06,100496.08619519368,0
wfcommons,deterministic,blast,0.5,blast_25,0,CPoP_static,5.731161010247588e-06,100496.08619519368,0
wfcommons,deterministic,blast,0.5,blast_25,0,HEFT-Tp_static,9.48867716932207e-06,100712.39443541772,0
wfcommons,deterministic,blast,0.5,blast_25,0,CPoP-Tp_static,9.48867716932207e-06,100712.39443541772,0
wfcommons,deterministic,blast,0.5,blast_25,0,FastestNode,2.9872218336805616e-06,334759.20292397705,0
wfcommons,deterministic,blast,0.5,blast_25,0,MaxTP,9.48867716932207e-06,100712.39443541772,0
wfcommons,deterministic,blast,0.5,blast_29,0,HEFT_static,2.933321711793603e-05,22203.383402629843,0
wfcommons,deterministic,blast,0.5,blast_29,0,CPoP_static,2.933321711793603e-05,22203.383402629843,0
wfcommons,deterministic,blast,0.5,blast_29,0,HEFT-Tp_static,4.518901015465821e-05,22424.046165157542,0
wfcommons,deterministic,blast,0.5,blast_29,0,CPoP-Tp_static,4.518901015465821e-05,22424.046165157542,0
wfcommons,deterministic,blast,0.5,blast_29,0,FastestNode,1.8503153691260113e-05,54044.8410409293,0
wfcommons,deterministic,blast,0.5,blast_29,0,MaxTP,4.518901015465821e-05,22424.046165157542,0
wfcommons,deterministic,blast,1.0,blast_1,0,HEFT_static,8.894045098179502e-06,40612.16119816382,0
wfcommons,deterministic,blast,1.0,blast_1,0,CPoP_static,8.894045098179502e-06,40612.16119816382,0
wfcommons,deterministic,blast,1.0,blast_1,0,HEFT-Tp_static,9.507427518743608e-06,41291.435489890624,0
wfcommons,deterministic,blast,1.0,blast_1,0,CPoP-Tp_static,9.507427518743608e-06,41291.435489890624,0
wfcommons,deterministic,blast,1.0,blast_1,0,FastestNode,1.3544820028723644e-05,73828.96176393561,0
wfcommons,deterministic,blast,1.0,blast_1,0,MaxTP,9.507427518743608e-06,41291.435489890624,0
wfcommons,deterministic,blast,0.5,blast_24,0,HEFT_static,1.196658329860262e-05,45449.65094287035,0
wfcommons,deterministic,blast,0.5,blast_24,0,CPoP_static,1.196658329860262e-05,45449.65094287035,0
wfcommons,deterministic,blast,0.5,blast_24,0,HEFT-Tp_static,1.925059052383904e-05,45565.64293046482,0
wfcommons,deterministic,blast,0.5,blast_24,0,CPoP-Tp_static,1.925059052383904e-05,45565.64293046482,0
wfcommons,deterministic,blast,0.5,blast_24,0,FastestNode,4.635469724511569e-06,215727.86781718815,0
wfcommons,deterministic,blast,0.5,blast_24,0,MaxTP,1.925059052383904e-05,45565.64293046482,0
wfcommons,deterministic,blast,1.0,blast_0,0,HEFT_static,1.0822268318817805e-05,28468.245531342473,0
wfcommons,deterministic,blast,1.0,blast_0,0,CPoP_static,1.0822268318817805e-05,28468.245531342473,0
wfcommons,deterministic,blast,1.0,blast_0,0,HEFT-Tp_static,1.3189639513559196e-05,29228.168255849952,0
wfcommons,deterministic,blast,1.0,blast_0,0,CPoP-Tp_static,1.3189639513559196e-05,29228.168255849952,0
wfcommons,deterministic,blast,1.0,blast_0,0,FastestNode,9.277022311008624e-06,107793.20847524142,0
wfcommons,deterministic,blast,1.0,blast_0,0,MaxTP,1.3189639513559196e-05,29228.168255849952,0
wfcommons,deterministic,blast,1.0,blast_3,0,HEFT_static,6.138901842484388e-06,81938.80182529,0
wfcommons,deterministic,blast,1.0,blast_3,0,CPoP_static,6.138901842484388e-06,81938.80182529,0
wfcommons,deterministic,blast,1.0,blast_3,0,HEFT-Tp_static,6.138901842484388e-06,82725.65698191854,0
wfcommons,deterministic,blast,1.0,blast_3,0,CPoP-Tp_static,6.138901842484388e-06,82725.65698191854,0
wfcommons,deterministic,blast,1.0,blast_3,0,FastestNode,8.124039228756757e-06,123091.47849265726,0
wfcommons,deterministic,blast,1.0,blast_3,0,MaxTP,6.138901842484388e-06,82725.65698191854,0
wfcommons,deterministic,blast,1.0,blast_2,0,HEFT_static,3.307331378395667e-06,84187.65851863341,0
wfcommons,deterministic,blast,1.0,blast_2,0,CPoP_static,3.307331378395667e-06,84187.65851863341,0
wfcommons,deterministic,blast,1.0,blast_2,0,HEFT-Tp_static,4.564117302186019e-06,84918.8636613113,0
wfcommons,deterministic,blast,1.0,blast_2,0,CPoP-Tp_static,4.564117302186019e-06,84918.8636613113,0
wfcommons,deterministic,blast,1.0,blast_2,0,FastestNode,5.794284390370453e-06,172583.86586304184,0
wfcommons,deterministic,blast,1.0,blast_2,0,MaxTP,4.564117302186019e-06,84918.8636613113,0
wfcommons,deterministic,blast,1.0,blast_4,0,HEFT_static,6.802986945625176e-06,42674.368275953784,0
wfcommons,deterministic,blast,1.0,blast_4,0,CPoP_static,6.802986945625176e-06,42674.368275953784,0
wfcommons,deterministic,blast,1.0,blast_4,0,HEFT-Tp_static,9.3809609460726e-06,43174.1405644263,0
wfcommons,deterministic,blast,1.0,blast_4,0,CPoP-Tp_static,9.3809609460726e-06,43174.1405644263,0
wfcommons,deterministic,blast,1.0,blast_4,0,FastestNode,1.0926735130565391e-05,91518.64560189792,0
wfcommons,deterministic,blast,1.0,blast_4,0,MaxTP,9.3809609460726e-06,43174.1405644263,0
wfcommons,deterministic,blast,1.0,blast_7,0,HEFT_static,3.2444749250833904e-06,106364.24361134018,0
wfcommons,deterministic,blast,1.0,blast_7,0,CPoP_static,3.2444749250833904e-06,106364.24361134018,0
wfcommons,deterministic,blast,1.0,blast_7,0,HEFT-Tp_static,3.2999360349138744e-06,107079.69987940474,0
wfcommons,deterministic,blast,1.0,blast_7,0,CPoP-Tp_static,3.2999360349138744e-06,107079.69987940474,0
wfcommons,deterministic,blast,1.0,blast_7,0,FastestNode,4.845556530785086e-06,206374.6431698296,0
wfcommons,deterministic,blast,1.0,blast_7,0,MaxTP,3.2999360349138744e-06,107079.69987940474,0
wfcommons,deterministic,blast,0.5,blast_26,0,HEFT_static,4.944644329688358e-06,150216.99329677128,0
wfcommons,deterministic,blast,0.5,blast_26,0,CPoP_static,4.944644329688358e-06,150216.99329677128,0
wfcommons,deterministic,blast,0.5,blast_26,0,HEFT-Tp_static,6.117412536104644e-06,150590.50475381422,0
wfcommons,deterministic,blast,0.5,blast_26,0,CPoP-Tp_static,6.117412536104644e-06,150590.50475381422,0
wfcommons,deterministic,blast,0.5,blast_26,0,FastestNode,4.231230832912068e-06,236337.85049533125,0
wfcommons,deterministic,blast,0.5,blast_26,0,MaxTP,6.117412536104644e-06,150590.50475381422,0
wfcommons,deterministic,blast,1.0,blast_5,0,HEFT_static,2.24346727936374e-06,162981.97758786866,0
wfcommons,deterministic,blast,1.0,blast_5,0,CPoP_static,2.24346727936374e-06,162981.97758786866,0
wfcommons,deterministic,blast,1.0,blast_5,0,HEFT-Tp_static,2.24346727936374e-06,163756.52777024196,0
wfcommons,deterministic,blast,1.0,blast_5,0,CPoP-Tp_static,2.24346727936374e-06,163756.52777024196,0
wfcommons,deterministic,blast,1.0,blast_5,0,FastestNode,3.287888919150224e-06,304146.528240517,0
wfcommons,deterministic,blast,1.0,blast_5,0,MaxTP,2.24346727936374e-06,163756.52777024196,0
wfcommons,deterministic,blast,1.0,blast_8,0,HEFT_static,3.649656238247593e-06,92912.51050600767,0
wfcommons,deterministic,blast,1.0,blast_8,0,CPoP_static,3.649656238247593e-06,92912.51050600767,0
wfcommons,deterministic,blast,1.0,blast_8,0,HEFT-Tp_static,3.9740701260918235e-06,93551.79959875018,0
wfcommons,deterministic,blast,1.0,blast_8,0,CPoP-Tp_static,3.9740701260918235e-06,93551.79959875018,0
wfcommons,deterministic,blast,1.0,blast_8,0,FastestNode,5.8112201501134185e-06,172080.9011134253,0
wfcommons,deterministic,blast,1.0,blast_8,0,MaxTP,3.9740701260918235e-06,93551.79959875018,0
wfcommons,deterministic,blast,1.0,blast_6,0,HEFT_static,8.680051683676542e-06,38035.44286843373,0
wfcommons,deterministic,blast,1.0,blast_6,0,CPoP_static,8.680051683676542e-06,38035.44286843373,0
wfcommons,deterministic,blast,1.0,blast_6,0,HEFT-Tp_static,9.42405611370596e-06,38444.62696044174,0
wfcommons,deterministic,blast,1.0,blast_6,0,CPoP-Tp_static,9.42405611370596e-06,38444.62696044174,0
wfcommons,deterministic,blast,1.0,blast_6,0,FastestNode,6.615242919338236e-06,151166.0285485101,0
wfcommons,deterministic,blast,1.0,blast_6,0,MaxTP,9.42405611370596e-06,38444.62696044174,0
wfcommons,deterministic,blast,1.0,blast_12,0,HEFT_static,4.1688025368571115e-06,68266.3063258008,0
wfcommons,deterministic,blast,1.0,blast_12,0,CPoP_static,4.1688025368571115e-06,68266.3063258008,0
wfcommons,deterministic,blast,1.0,blast_12,0,HEFT-Tp_static,5.891907585424705e-06,68801.48757951934,0
wfcommons,deterministic,blast,1.0,blast_12,0,CPoP-Tp_static,5.891907585424705e-06,68801.48757951934,0
wfcommons,deterministic,blast,1.0,blast_12,0,FastestNode,7.0426139671018494e-06,141992.73233934335,0
wfcommons,deterministic,blast,1.0,blast_12,0,MaxTP,5.891907585424705e-06,68801.48757951934,0
wfcommons,deterministic,blast,1.0,blast_13,0,HEFT_static,3.452162813439228e-06,95807.90286975692,0
wfcommons,deterministic,blast,1.0,blast_13,0,CPoP_static,3.452162813439228e-06,95807.90286975692,0
wfcommons,deterministic,blast,1.0,blast_13,0,HEFT-Tp_static,4.52616902206476e-06,96814.1810499344,0
wfcommons,deterministic,blast,1.0,blast_13,0,CPoP-Tp_static,4.52616902206476e-06,96814.1810499344,0
wfcommons,deterministic,blast,1.0,blast_13,0,FastestNode,6.386379030558327e-06,156583.2524526168,0
wfcommons,deterministic,blast,1.0,blast_13,0,MaxTP,4.52616902206476e-06,96814.1810499344,0
wfcommons,deterministic,blast,1.0,blast_9,0,HEFT_static,4.987828716225372e-06,61733.017291190794,0
wfcommons,deterministic,blast,1.0,blast_9,0,CPoP_static,4.987828716225372e-06,61733.017291190794,0
wfcommons,deterministic,blast,1.0,blast_9,0,HEFT-Tp_static,6.049068868613759e-06,62558.2963197939,0
wfcommons,deterministic,blast,1.0,blast_9,0,CPoP-Tp_static,6.049068868613759e-06,62558.2963197939,0
wfcommons,deterministic,blast,1.0,blast_9,0,FastestNode,4.168937269094841e-06,239869.2845328249,0
wfcommons,deterministic,blast,1.0,blast_9,0,MaxTP,6.049068868613759e-06,62558.2963197939,0
wfcommons,deterministic,blast,1.0,blast_14,0,HEFT_static,3.18664412827221e-06,98212.97966084212,0
wfcommons,deterministic,blast,1.0,blast_14,0,CPoP_static,3.18664412827221e-06,98212.97966084212,0
wfcommons,deterministic,blast,1.0,blast_14,0,HEFT-Tp_static,5.311073547120344e-06,99053.45845949482,0
wfcommons,deterministic,blast,1.0,blast_14,0,CPoP-Tp_static,5.311073547120344e-06,99053.45845949482,0
wfcommons,deterministic,blast,1.0,blast_14,0,FastestNode,6.926223165017973e-06,144378.8304498587,0
wfcommons,deterministic,blast,1.0,blast_14,0,MaxTP,5.311073547120344e-06,99053.45845949482,0
wfcommons,deterministic,blast,1.0,blast_15,0,HEFT_static,4.374714526500872e-06,72673.20075778128,0
wfcommons,deterministic,blast,1.0,blast_15,0,CPoP_static,4.374714526500872e-06,72673.20075778128,0
wfcommons,deterministic,blast,1.0,blast_15,0,HEFT-Tp_static,4.925175294736081e-06,73132.27707705053,0
wfcommons,deterministic,blast,1.0,blast_15,0,CPoP-Tp_static,4.925175294736081e-06,73132.27707705053,0
wfcommons,deterministic,blast,1.0,blast_15,0,FastestNode,3.4471265798779407e-06,290096.68685720727,0
wfcommons,deterministic,blast,1.0,blast_15,0,MaxTP,4.925175294736081e-06,73132.27707705053,0
wfcommons,deterministic,blast,1.0,blast_10,0,HEFT_static,4.515907390807782e-06,72389.12372924158,0
wfcommons,deterministic,blast,1.0,blast_10,0,CPoP_static,4.515907390807782e-06,72389.12372924158,0
wfcommons,deterministic,blast,1.0,blast_10,0,HEFT-Tp_static,4.910740823883872e-06,72912.26669453124,0
wfcommons,deterministic,blast,1.0,blast_10,0,CPoP-Tp_static,4.910740823883872e-06,72912.26669453124,0
wfcommons,deterministic,blast,1.0,blast_10,0,FastestNode,3.957199955381722e-06,252703.93492247604,0
wfcommons,deterministic,blast,1.0,blast_10,0,MaxTP,4.910740823883872e-06,72912.26669453124,0
wfcommons,deterministic,blast,1.0,blast_11,0,HEFT_static,1.8563576780725369e-06,171584.41233389635,0
wfcommons,deterministic,blast,1.0,blast_11,0,CPoP_static,1.8563576780725369e-06,171584.41233389635,0
wfcommons,deterministic,blast,1.0,blast_11,0,HEFT-Tp_static,2.516395963609441e-06,172397.07877401885,0
wfcommons,deterministic,blast,1.0,blast_11,0,CPoP-Tp_static,2.516395963609441e-06,172397.07877401885,0
wfcommons,deterministic,blast,1.0,blast_11,0,FastestNode,3.5677767078796893e-06,280286.59915611753,0
wfcommons,deterministic,blast,1.0,blast_11,0,MaxTP,2.516395963609441e-06,172397.07877401885,0
wfcommons,deterministic,blast,1.0,blast_17,0,HEFT_static,1.7088802257721976e-06,214502.63113674696,0
wfcommons,deterministic,blast,1.0,blast_17,0,CPoP_static,1.7088802257721976e-06,214502.63113674696,0
wfcommons,deterministic,blast,1.0,blast_17,0,HEFT-Tp_static,1.695934163455742e-06,215480.6049251741,0
wfcommons,deterministic,blast,1.0,blast_17,0,CPoP-Tp_static,1.695934163455742e-06,215480.6049251741,0
wfcommons,deterministic,blast,1.0,blast_17,0,FastestNode,2.5108338252965225e-06,398274.0673337503,0
wfcommons,deterministic,blast,1.0,blast_17,0,MaxTP,1.695934163455742e-06,215480.6049251741,0
wfcommons,deterministic,blast,1.0,blast_18,0,HEFT_static,3.0072782991566085e-06,101075.75060911378,0
wfcommons,deterministic,blast,1.0,blast_18,0,CPoP_static,3.0072782991566085e-06,101075.75060911378,0
wfcommons,deterministic,blast,1.0,blast_18,0,HEFT-Tp_static,3.602627810157158e-06,101657.26401618856,0
wfcommons,deterministic,blast,1.0,blast_18,0,CPoP-Tp_static,3.602627810157158e-06,101657.26401618856,0
wfcommons,deterministic,blast,1.0,blast_18,0,FastestNode,4.153002424690926e-06,240789.6499300576,0
wfcommons,deterministic,blast,1.0,blast_18,0,MaxTP,3.602627810157158e-06,101657.26401618856,0
wfcommons,deterministic,blast,1.0,blast_20,0,HEFT_static,1.2240274687526615e-05,32594.989081817137,0
wfcommons,deterministic,blast,1.0,blast_20,0,CPoP_static,1.2240274687526615e-05,32594.989081817137,0
wfcommons,deterministic,blast,1.0,blast_20,0,HEFT-Tp_static,1.2240274687526615e-05,33074.2245534846,0
wfcommons,deterministic,blast,1.0,blast_20,0,CPoP-Tp_static,1.2240274687526615e-05,33074.2245534846,0
wfcommons,deterministic,blast,1.0,blast_20,0,FastestNode,1.4420909507698673e-05,69343.75390582503,0
wfcommons,deterministic,blast,1.0,blast_20,0,MaxTP,1.2240274687526615e-05,33074.2245534846,0
wfcommons,deterministic,blast,1.0,blast_16,0,HEFT_static,2.677483284058431e-06,159391.22026115755,0
wfcommons,deterministic,blast,1.0,blast_16,0,CPoP_static,2.677483284058431e-06,159391.22026115755,0
wfcommons,deterministic,blast,1.0,blast_16,0,HEFT-Tp_static,2.677483284058431e-06,160004.4031813493,0
wfcommons,deterministic,blast,1.0,blast_16,0,CPoP-Tp_static,2.677483284058431e-06,160004.4031813493,0
wfcommons,deterministic,blast,1.0,blast_16,0,FastestNode,3.799535468231267e-06,263190.06846000586,0
wfcommons,deterministic,blast,1.0,blast_16,0,MaxTP,2.677483284058431e-06,160004.4031813493,0
wfcommons,deterministic,blast,1.0,blast_19,0,HEFT_static,4.3061241779962675e-06,74540.15822314465,0
wfcommons,deterministic,blast,1.0,blast_19,0,CPoP_static,4.3061241779962675e-06,74540.15822314465,0
wfcommons,deterministic,blast,1.0,blast_19,0,HEFT-Tp_static,4.829841983457339e-06,75385.30009451609,0
wfcommons,deterministic,blast,1.0,blast_19,0,CPoP-Tp_static,4.829841983457339e-06,75385.30009451609,0
wfcommons,deterministic,blast,1.0,blast_19,0,FastestNode,3.2525012472185406e-06,307455.68532992323,0
wfcommons,deterministic,blast,1.0,blast_19,0,MaxTP,4.829841983457339e-06,75385.30009451609,0
wfcommons,deterministic,blast,1.0,blast_22,0,HEFT_static,2.067633956650982e-06,176776.95100026013,0
wfcommons,deterministic,blast,1.0,blast_22,0,CPoP_static,2.067633956650982e-06,176776.95100026013,0
wfcommons,deterministic,blast,1.0,blast_22,0,HEFT-Tp_static,2.067633956650982e-06,177481.81432702809,0
wfcommons,deterministic,blast,1.0,blast_22,0,CPoP-Tp_static,2.067633956650982e-06,177481.81432702809,0
wfcommons,deterministic,blast,1.0,blast_22,0,FastestNode,3.0371410550619262e-06,329257.0156836579,0
wfcommons,deterministic,blast,1.0,blast_22,0,MaxTP,2.067633956650982e-06,177481.81432702809,0
wfcommons,deterministic,blast,1.0,blast_23,0,HEFT_static,4.67509692146837e-06,70507.53613830265,0
wfcommons,deterministic,blast,1.0,blast_23,0,CPoP_static,4.67509692146837e-06,70507.53613830265,0
wfcommons,deterministic,blast,1.0,blast_23,0,HEFT-Tp_static,5.29194998749545e-06,70963.84581280853,0
wfcommons,deterministic,blast,1.0,blast_23,0,CPoP-Tp_static,5.29194998749545e-06,70963.84581280853,0
wfcommons,deterministic,blast,1.0,blast_23,0,FastestNode,5.538803948916226e-06,180544.39355913296,0
wfcommons,deterministic,blast,1.0,blast_23,0,MaxTP,5.29194998749545e-06,70963.84581280853,0
wfcommons,deterministic,blast,1.0,blast_21,0,HEFT_static,9.79629231018717e-06,32153.24631997796,0
wfcommons,deterministic,blast,1.0,blast_21,0,CPoP_static,9.79629231018717e-06,32153.24631997796,0
wfcommons,deterministic,blast,1.0,blast_21,0,HEFT-Tp_static,1.1662252750222828e-05,32550.59468671677,0
wfcommons,deterministic,blast,1.0,blast_21,0,CPoP-Tp_static,1.1662252750222828e-05,32550.59468671677,0
wfcommons,deterministic,blast,1.0,blast_21,0,FastestNode,6.016011442605463e-06,166223.0880942148,0
wfcommons,deterministic,blast,1.0,blast_21,0,MaxTP,1.1662252750222828e-05,32550.59468671677,0
wfcommons,deterministic,blast,1.0,blast_27,0,HEFT_static,1.2892304966826607e-05,26464.37340142308,0
wfcommons,deterministic,blast,1.0,blast_27,0,CPoP_static,1.2892304966826607e-05,26464.37340142308,0
wfcommons,deterministic,blast,1.0,blast_27,0,HEFT-Tp_static,1.452942305805686e-05,26948.78069146187,0
wfcommons,deterministic,blast,1.0,blast_27,0,CPoP-Tp_static,1.452942305805686e-05,26948.78069146187,0
wfcommons,deterministic,blast,1.0,blast_27,0,FastestNode,8.982837817764535e-06,111323.39470967736,0
wfcommons,deterministic,blast,1.0,blast_27,0,MaxTP,1.452942305805686e-05,26948.78069146187,0
wfcommons,deterministic,blast,1.0,blast_26,0,HEFT_static,2.0746007731137516e-06,150901.6304594843,0
wfcommons,deterministic,blast,1.0,blast_26,0,CPoP_static,2.0746007731137516e-06,150901.6304594843,0
wfcommons,deterministic,blast,1.0,blast_26,0,HEFT-Tp_static,3.058706268052322e-06,151638.37529915074,0
wfcommons,deterministic,blast,1.0,blast_26,0,CPoP-Tp_static,3.058706268052322e-06,151638.37529915074,0
wfcommons,deterministic,blast,1.0,blast_26,0,FastestNode,4.231230832912068e-06,236337.85049533125,0
wfcommons,deterministic,blast,1.0,blast_26,0,MaxTP,3.058706268052322e-06,151638.37529915074,0
wfcommons,deterministic,blast,1.0,blast_28,0,HEFT_static,1.800198244261555e-05,21698.17973042569,0
wfcommons,deterministic,blast,1.0,blast_28,0,CPoP_static,1.800198244261555e-05,21698.17973042569,0
wfcommons,deterministic,blast,1.0,blast_28,0,HEFT-Tp_static,1.800198244261555e-05,22076.00547446813,0
wfcommons,deterministic,blast,1.0,blast_28,0,CPoP-Tp_static,1.800198244261555e-05,22076.00547446813,0
wfcommons,deterministic,blast,1.0,blast_28,0,FastestNode,1.7283308441237758e-05,57859.292588567536,0
wfcommons,deterministic,blast,1.0,blast_28,0,MaxTP,1.800198244261555e-05,22076.00547446813,0
wfcommons,deterministic,blast,1.0,blast_29,0,HEFT_static,1.6392091918846607e-05,23177.807715495568,0
wfcommons,deterministic,blast,1.0,blast_29,0,CPoP_static,1.6392091918846607e-05,23177.807715495568,0
wfcommons,deterministic,blast,1.0,blast_29,0,HEFT-Tp_static,2.2594505077329103e-05,23620.22315308128,0
wfcommons,deterministic,blast,1.0,blast_29,0,CPoP-Tp_static,2.2594505077329103e-05,23620.22315308128,0
wfcommons,deterministic,blast,1.0,blast_29,0,FastestNode,1.8503153691260113e-05,54044.8410409293,0
wfcommons,deterministic,blast,1.0,blast_29,0,MaxTP,2.2594505077329103e-05,23620.22315308128,0
wfcommons,deterministic,blast,1.0,blast_25,0,HEFT_static,2.8541638497363107e-06,101661.2325036935,0
wfcommons,deterministic,blast,1.0,blast_25,0,CPoP_static,2.8541638497363107e-06,101661.2325036935,0
wfcommons,deterministic,blast,1.0,blast_25,0,HEFT-Tp_static,4.50562972505545e-06,104119.8001379884,0
wfcommons,deterministic,blast,1.0,blast_25,0,CPoP-Tp_static,4.50562972505545e-06,104119.8001379884,0
wfcommons,deterministic,blast,1.0,blast_25,0,FastestNode,2.9872218336805616e-06,334759.20292397705,0
wfcommons,deterministic,blast,1.0,blast_25,0,MaxTP,4.50562972505545e-06,104119.8001379884,0
wfcommons,deterministic,blast,2.0,blast_1,0,HEFT_static,4.92348925077794e-06,42329.63133003704,0
wfcommons,deterministic,blast,2.0,blast_1,0,CPoP_static,4.92348925077794e-06,42329.63133003704,0
wfcommons,deterministic,blast,2.0,blast_1,0,HEFT-Tp_static,7.255668369567492e-06,47667.27678622365,0
wfcommons,deterministic,blast,2.0,blast_1,0,CPoP-Tp_static,7.255668369567492e-06,47667.27678622365,0
wfcommons,deterministic,blast,2.0,blast_1,0,FastestNode,1.3544820028723644e-05,73828.96176393561,0
wfcommons,deterministic,blast,2.0,blast_1,0,MaxTP,7.255668369567492e-06,47667.27678622365,0
wfcommons,deterministic,blast,2.0,blast_0,0,HEFT_static,5.553532426761767e-06,30551.99423495871,0
wfcommons,deterministic,blast,2.0,blast_0,0,CPoP_static,5.553532426761767e-06,30551.99423495871,0
wfcommons,deterministic,blast,2.0,blast_0,0,HEFT-Tp_static,8.79309300903946e-06,38470.62307366192,0
wfcommons,deterministic,blast,2.0,blast_0,0,CPoP-Tp_static,8.79309300903946e-06,38470.62307366192,0
wfcommons,deterministic,blast,2.0,blast_0,0,FastestNode,9.277022311008624e-06,107793.20847524142,0
wfcommons,deterministic,blast,2.0,blast_0,0,MaxTP,8.79309300903946e-06,38470.62307366192,0
wfcommons,deterministic,blast,2.0,blast_3,0,HEFT_static,1.9253828505973815e-06,83629.17437501134,0
wfcommons,deterministic,blast,2.0,blast_3,0,CPoP_static,1.9253828505973815e-06,83629.17437501134,0
wfcommons,deterministic,blast,2.0,blast_3,0,HEFT-Tp_static,3.922076177142797e-06,85585.93832603355,0
wfcommons,deterministic,blast,2.0,blast_3,0,CPoP-Tp_static,3.922076177142797e-06,85585.93832603355,0
wfcommons,deterministic,blast,2.0,blast_3,0,FastestNode,8.124039228756757e-06,123091.47849265726,0
wfcommons,deterministic,blast,2.0,blast_3,0,MaxTP,3.922076177142797e-06,85585.93832603355,0
wfcommons,deterministic,blast,1.0,blast_24,0,HEFT_static,7.027993365845994e-06,46479.2822350771,0
wfcommons,deterministic,blast,1.0,blast_24,0,CPoP_static,7.027993365845994e-06,46479.2822350771,0
wfcommons,deterministic,blast,1.0,blast_24,0,HEFT-Tp_static,7.83652357607607e-06,46890.21571274236,0
wfcommons,deterministic,blast,1.0,blast_24,0,CPoP-Tp_static,7.83652357607607e-06,46890.21571274236,0
wfcommons,deterministic,blast,1.0,blast_24,0,FastestNode,4.635469724511569e-06,215727.86781718815,0
wfcommons,deterministic,blast,1.0,blast_24,0,MaxTP,7.83652357607607e-06,46890.21571274236,0
wfcommons,deterministic,blast,2.0,blast_2,0,HEFT_static,2.2820586510930095e-06,86449.27196974437,0
wfcommons,deterministic,blast,2.0,blast_2,0,CPoP_static,2.2820586510930095e-06,86449.27196974437,0
wfcommons,deterministic,blast,2.0,blast_2,0,HEFT-Tp_static,3.4576646228681937e-06,97333.23978672778,0
wfcommons,deterministic,blast,2.0,blast_2,0,CPoP-Tp_static,3.4576646228681937e-06,97333.23978672778,0
wfcommons,deterministic,blast,2.0,blast_2,0,FastestNode,5.794284390370453e-06,172583.86586304184,0
wfcommons,deterministic,blast,2.0,blast_2,0,MaxTP,3.4576646228681937e-06,97333.23978672778,0
wfcommons,deterministic,blast,2.0,blast_4,0,HEFT_static,3.401493472812588e-06,44414.60088475436,0
wfcommons,deterministic,blast,2.0,blast_4,0,CPoP_static,3.401493472812588e-06,44414.60088475436,0
wfcommons,deterministic,blast,2.0,blast_4,0,HEFT-Tp_static,6.751449165734071e-06,49258.74942472522,0
wfcommons,deterministic,blast,2.0,blast_4,0,CPoP-Tp_static,6.751449165734071e-06,49258.74942472522,0
wfcommons,deterministic,blast,2.0,blast_4,0,FastestNode,1.0926735130565391e-05,91518.64560189792,0
wfcommons,deterministic,blast,2.0,blast_4,0,MaxTP,6.751449165734071e-06,49258.74942472522,0
wfcommons,deterministic,blast,2.0,blast_7,0,HEFT_static,1.6222374625416952e-06,108287.3083927634,0
wfcommons,deterministic,blast,2.0,blast_7,0,CPoP_static,1.6222374625416952e-06,108287.3083927634,0
wfcommons,deterministic,blast,2.0,blast_7,0,HEFT-Tp_static,2.523480497287073e-06,132799.12884752153,0
wfcommons,deterministic,blast,2.0,blast_7,0,CPoP-Tp_static,2.523480497287073e-06,132799.12884752153,0
wfcommons,deterministic,blast,2.0,blast_7,0,FastestNode,4.845556530785086e-06,206374.6431698296,0
wfcommons,deterministic,blast,2.0,blast_7,0,MaxTP,2.523480497287073e-06,132799.12884752153,0
wfcommons,deterministic,blast,2.0,blast_5,0,HEFT_static,1.0314392909768274e-06,165239.39564996015,0
wfcommons,deterministic,blast,2.0,blast_5,0,CPoP_static,1.0314392909768274e-06,165239.39564996015,0
wfcommons,deterministic,blast,2.0,blast_5,0,HEFT-Tp_static,1.7084866204385428e-06,197772.1277691551,0
wfcommons,deterministic,blast,2.0,blast_5,0,CPoP-Tp_static,1.7084866204385428e-06,197772.1277691551,0
wfcommons,deterministic,blast,2.0,blast_5,0,FastestNode,3.287888919150224e-06,304146.528240517,0
wfcommons,deterministic,blast,2.0,blast_5,0,MaxTP,1.7084866204385428e-06,197772.1277691551,0
wfcommons,deterministic,blast,2.0,blast_8,0,HEFT_static,1.8248281191237963e-06,94563.67962991756,0
wfcommons,deterministic,blast,2.0,blast_8,0,CPoP_static,1.8248281191237963e-06,94563.67962991756,0
wfcommons,deterministic,blast,2.0,blast_8,0,HEFT-Tp_static,3.041380198539661e-06,111505.91107351714,0
wfcommons,deterministic,blast,2.0,blast_8,0,CPoP-Tp_static,3.041380198539661e-06,111505.91107351714,0
wfcommons,deterministic,blast,2.0,blast_8,0,FastestNode,5.8112201501134185e-06,172080.9011134253,0
wfcommons,deterministic,blast,2.0,blast_8,0,MaxTP,3.041380198539661e-06,111505.91107351714,0
wfcommons,deterministic,blast,2.0,blast_6,0,HEFT_static,3.990023757819055e-06,39830.51932744702,0
wfcommons,deterministic,blast,2.0,blast_6,0,CPoP_static,3.990023757819055e-06,39830.51932744702,0
wfcommons,deterministic,blast,2.0,blast_6,0,HEFT-Tp_static,6.343114691917476e-06,53328.27882419026,0
wfcommons,deterministic,blast,2.0,blast_6,0,CPoP-Tp_static,6.343114691917476e-06,53328.27882419026,0
wfcommons,deterministic,blast,2.0,blast_6,0,FastestNode,6.615242919338236e-06,151166.0285485101,0
wfcommons,deterministic,blast,2.0,blast_6,0,MaxTP,6.343114691917476e-06,53328.27882419026,0
wfcommons,deterministic,blast,2.0,blast_11,0,HEFT_static,1.2702960393220738e-06,173263.37118718814,0
wfcommons,deterministic,blast,2.0,blast_11,0,CPoP_static,1.2702960393220738e-06,173263.37118718814,0
wfcommons,deterministic,blast,2.0,blast_11,0,HEFT-Tp_static,1.7614771745266082e-06,189569.0495716364,0
wfcommons,deterministic,blast,2.0,blast_11,0,CPoP-Tp_static,1.7614771745266082e-06,189569.0495716364,0
wfcommons,deterministic,blast,2.0,blast_11,0,FastestNode,3.5677767078796893e-06,280286.59915611753,0
wfcommons,deterministic,blast,2.0,blast_11,0,MaxTP,1.7614771745266082e-06,189569.0495716364,0
wfcommons,deterministic,blast,2.0,blast_12,0,HEFT_static,3.0060752986860737e-06,69966.73716336813,0
wfcommons,deterministic,blast,2.0,blast_12,0,CPoP_static,3.0060752986860737e-06,69966.73716336813,0
wfcommons,deterministic,blast,2.0,blast_12,0,HEFT-Tp_static,4.208505418160495e-06,79202.52029440731,0
wfcommons,deterministic,blast,2.0,blast_12,0,CPoP-Tp_static,4.208505418160495e-06,79202.52029440731,0
wfcommons,deterministic,blast,2.0,blast_12,0,FastestNode,7.0426139671018494e-06,141992.73233934335,0
wfcommons,deterministic,blast,2.0,blast_12,0,MaxTP,4.208505418160495e-06,79202.52029440731,0
wfcommons,deterministic,blast,2.0,blast_10,0,HEFT_static,2.257953695403891e-06,74311.9459830338,0
wfcommons,deterministic,blast,2.0,blast_10,0,CPoP_static,2.257953695403891e-06,74311.9459830338,0
wfcommons,deterministic,blast,2.0,blast_10,0,HEFT-Tp_static,3.328391002854627e-06,100151.44111489532,0
wfcommons,deterministic,blast,2.0,blast_10,0,CPoP-Tp_static,3.328391002854627e-06,100151.44111489532,0
wfcommons,deterministic,blast,2.0,blast_10,0,FastestNode,3.957199955381722e-06,252703.93492247604,0
wfcommons,deterministic,blast,2.0,blast_10,0,MaxTP,3.328391002854627e-06,100151.44111489532,0
wfcommons,deterministic,blast,2.0,blast_13,0,HEFT_static,2.3145182499194793e-06,98116.99457423911,0
wfcommons,deterministic,blast,2.0,blast_13,0,CPoP_static,2.3145182499194793e-06,98116.99457423911,0
wfcommons,deterministic,blast,2.0,blast_13,0,HEFT-Tp_static,3.182462593639278e-06,105988.22471947316,0
wfcommons,deterministic,blast,2.0,blast_13,0,CPoP-Tp_static,3.182462593639278e-06,105988.22471947316,0
wfcommons,deterministic,blast,2.0,blast_13,0,FastestNode,6.386379030558327e-06,156583.2524526168,0
wfcommons,deterministic,blast,2.0,blast_13,0,MaxTP,3.182462593639278e-06,105988.22471947316,0
wfcommons,deterministic,blast,2.0,blast_14,0,HEFT_static,2.7145487018615096e-06,99936.64319723449,0
wfcommons,deterministic,blast,2.0,blast_14,0,CPoP_static,2.7145487018615096e-06,99936.64319723449,0
wfcommons,deterministic,blast,2.0,blast_14,0,HEFT-Tp_static,3.301478150912651e-06,101387.81929230092,0
wfcommons,deterministic,blast,2.0,blast_14,0,CPoP-Tp_static,3.301478150912651e-06,101387.81929230092,0
wfcommons,deterministic,blast,2.0,blast_14,0,FastestNode,6.926223165017973e-06,144378.8304498587,0
wfcommons,deterministic,blast,2.0,blast_14,0,MaxTP,3.301478150912651e-06,101387.81929230092,0
wfcommons,deterministic,blast,2.0,blast_9,0,HEFT_static,2.616315062789283e-06,63834.09208210362,0
wfcommons,deterministic,blast,2.0,blast_9,0,CPoP_static,2.616315062789283e-06,63834.09208210362,0
wfcommons,deterministic,blast,2.0,blast_9,0,HEFT-Tp_static,3.841976173308748e-06,86636.74945358971,0
wfcommons,deterministic,blast,2.0,blast_9,0,CPoP-Tp_static,3.841976173308748e-06,86636.74945358971,0
wfcommons,deterministic,blast,2.0,blast_9,0,FastestNode,4.168937269094841e-06,239869.2845328249,0
wfcommons,deterministic,blast,2.0,blast_9,0,MaxTP,3.841976173308748e-06,86636.74945358971,0
wfcommons,deterministic,blast,2.0,blast_18,0,HEFT_static,1.8197889194896417e-06,103278.51726155163,0
wfcommons,deterministic,blast,2.0,blast_18,0,CPoP_static,1.8197889194896417e-06,103278.51726155163,0
wfcommons,deterministic,blast,2.0,blast_18,0,HEFT-Tp_static,2.688324540155158e-06,126683.97005713312,0
wfcommons,deterministic,blast,2.0,blast_18,0,CPoP-Tp_static,2.688324540155158e-06,126683.97005713312,0
wfcommons,deterministic,blast,2.0,blast_18,0,FastestNode,4.153002424690926e-06,240789.6499300576,0
wfcommons,deterministic,blast,2.0,blast_18,0,MaxTP,2.688324540155158e-06,126683.97005713312,0
wfcommons,deterministic,blast,2.0,blast_16,0,HEFT_static,1.3387416420292155e-06,160990.41341111495,0
wfcommons,deterministic,blast,2.0,blast_16,0,CPoP_static,1.3387416420292155e-06,160990.41341111495,0
wfcommons,deterministic,blast,2.0,blast_16,0,HEFT-Tp_static,1.8708056279639029e-06,178246.34474533892,0
wfcommons,deterministic,blast,2.0,blast_16,0,CPoP-Tp_static,1.8708056279639029e-06,178246.34474533892,0
wfcommons,deterministic,blast,2.0,blast_16,0,FastestNode,3.799535468231267e-06,263190.06846000586,0
wfcommons,deterministic,blast,2.0,blast_16,0,MaxTP,1.8708056279639029e-06,178246.34474533892,0
wfcommons,deterministic,blast,2.0,blast_17,0,HEFT_static,8.544401128860988e-07,216790.4474678192,0
wfcommons,deterministic,blast,2.0,blast_17,0,CPoP_static,8.544401128860988e-07,216790.4474678192,0
wfcommons,deterministic,blast,2.0,blast_17,0,HEFT-Tp_static,1.2865707446905585e-06,260248.0470820527,0
wfcommons,deterministic,blast,2.0,blast_17,0,CPoP-Tp_static,1.2865707446905585e-06,260248.0470820527,0
wfcommons,deterministic,blast,2.0,blast_17,0,FastestNode,2.5108338252965225e-06,398274.0673337503,0
wfcommons,deterministic,blast,2.0,blast_17,0,MaxTP,1.2865707446905585e-06,260248.0470820527,0
wfcommons,deterministic,blast,2.0,blast_20,0,HEFT_static,5.314856114250837e-06,34566.00598078782,0
wfcommons,deterministic,blast,2.0,blast_20,0,CPoP_static,5.314856114250837e-06,34566.00598078782,0
wfcommons,deterministic,blast,2.0,blast_20,0,HEFT-Tp_static,8.97620143751951e-06,37359.27757299136,0
wfcommons,deterministic,blast,2.0,blast_20,0,CPoP-Tp_static,8.97620143751951e-06,37359.27757299136,0
wfcommons,deterministic,blast,2.0,blast_20,0,FastestNode,1.4420909507698673e-05,69343.75390582503,0
wfcommons,deterministic,blast,2.0,blast_20,0,MaxTP,8.97620143751951e-06,37359.27757299136,0
wfcommons,deterministic,blast,2.0,blast_15,0,HEFT_static,2.065837415292078e-06,75040.3398244793,0
wfcommons,deterministic,blast,2.0,blast_15,0,CPoP_static,2.065837415292078e-06,75040.3398244793,0
wfcommons,deterministic,blast,2.0,blast_15,0,HEFT-Tp_static,3.261848550461176e-06,103485.842089766,0
wfcommons,deterministic,blast,2.0,blast_15,0,CPoP-Tp_static,3.261848550461176e-06,103485.842089766,0
wfcommons,deterministic,blast,2.0,blast_15,0,FastestNode,3.4471265798779407e-06,290096.68685720727,0
wfcommons,deterministic,blast,2.0,blast_15,0,MaxTP,3.261848550461176e-06,103485.842089766,0
wfcommons,deterministic,blast,2.0,blast_22,0,HEFT_static,9.460659350723992e-07,178872.86580157434,0
wfcommons,deterministic,blast,2.0,blast_22,0,CPoP_static,9.460659350723992e-07,178872.86580157434,0
wfcommons,deterministic,blast,2.0,blast_22,0,HEFT-Tp_static,1.5643283224662042e-06,215611.5990852785,0
wfcommons,deterministic,blast,2.0,blast_22,0,CPoP-Tp_static,1.5643283224662042e-06,215611.5990852785,0
wfcommons,deterministic,blast,2.0,blast_22,0,FastestNode,3.0371410550619262e-06,329257.0156836579,0
wfcommons,deterministic,blast,2.0,blast_22,0,MaxTP,1.5643283224662042e-06,215611.5990852785,0
wfcommons,deterministic,blast,2.0,blast_23,0,HEFT_static,2.2953036090341694e-06,72655.11316026704,0
wfcommons,deterministic,blast,2.0,blast_23,0,CPoP_static,2.2953036090341694e-06,72655.11316026704,0
wfcommons,deterministic,blast,2.0,blast_23,0,HEFT-Tp_static,3.735494108820328e-06,90790.74780248296,0
wfcommons,deterministic,blast,2.0,blast_23,0,CPoP-Tp_static,3.735494108820328e-06,90790.74780248296,0
wfcommons,deterministic,blast,2.0,blast_23,0,FastestNode,5.538803948916226e-06,180544.39355913296,0
wfcommons,deterministic,blast,2.0,blast_23,0,MaxTP,3.735494108820328e-06,90790.74780248296,0
wfcommons,deterministic,blast,2.0,blast_21,0,HEFT_static,5.2480137375253e-06,34666.16423322388,0
wfcommons,deterministic,blast,2.0,blast_21,0,CPoP_static,5.2480137375253e-06,34666.16423322388,0
wfcommons,deterministic,blast,2.0,blast_21,0,HEFT-Tp_static,7.203156110431752e-06,46749.52812740552,0
wfcommons,deterministic,blast,2.0,blast_21,0,CPoP-Tp_static,7.203156110431752e-06,46749.52812740552,0
wfcommons,deterministic,blast,2.0,blast_21,0,FastestNode,6.016011442605463e-06,166223.0880942148,0
wfcommons,deterministic,blast,2.0,blast_21,0,MaxTP,7.203156110431752e-06,46749.52812740552,0
wfcommons,deterministic,blast,2.0,blast_19,0,HEFT_static,2.1793189437551416e-06,77040.65644058806,0
wfcommons,deterministic,blast,2.0,blast_19,0,CPoP_static,2.1793189437551416e-06,77040.65644058806,0
wfcommons,deterministic,blast,2.0,blast_19,0,HEFT-Tp_static,3.1351605857530044e-06,107220.8792055124,0
wfcommons,deterministic,blast,2.0,blast_19,0,CPoP-Tp_static,3.1351605857530044e-06,107220.8792055124,0
wfcommons,deterministic,blast,2.0,blast_19,0,FastestNode,3.2525012472185406e-06,307455.68532992323,0
wfcommons,deterministic,blast,2.0,blast_19,0,MaxTP,3.1351605857530044e-06,107220.8792055124,0
wfcommons,deterministic,blast,2.0,blast_26,0,HEFT_static,1.5442012227060265e-06,152289.37091234158,0
wfcommons,deterministic,blast,2.0,blast_26,0,CPoP_static,1.5442012227060265e-06,152289.37091234158,0
wfcommons,deterministic,blast,2.0,blast_26,0,HEFT-Tp_static,2.039137512034878e-06,163702.57168702097,0
wfcommons,deterministic,blast,2.0,blast_26,0,CPoP-Tp_static,2.039137512034878e-06,163702.57168702097,0
wfcommons,deterministic,blast,2.0,blast_26,0,FastestNode,4.231230832912068e-06,236337.85049533125,0
wfcommons,deterministic,blast,2.0,blast_26,0,MaxTP,2.039137512034878e-06,163702.57168702097,0
wfcommons,deterministic,blast,2.0,blast_27,0,HEFT_static,5.321823561962678e-06,28393.97892178276,0
wfcommons,deterministic,blast,2.0,blast_27,0,CPoP_static,5.321823561962678e-06,28393.97892178276,0
wfcommons,deterministic,blast,2.0,blast_27,0,HEFT-Tp_static,9.534933881849818e-06,36355.57783165134,0
wfcommons,deterministic,blast,2.0,blast_27,0,CPoP-Tp_static,9.534933881849818e-06,36355.57783165134,0
wfcommons,deterministic,blast,2.0,blast_27,0,FastestNode,8.982837817764535e-06,111323.39470967736,0
wfcommons,deterministic,blast,2.0,blast_27,0,MaxTP,9.534933881849818e-06,36355.57783165134,0
wfcommons,deterministic,blast,2.0,blast_28,0,HEFT_static,8.679527248963222e-06,23449.3428107306,0
wfcommons,deterministic,blast,2.0,blast_28,0,CPoP_static,8.679527248963222e-06,23449.3428107306,0
wfcommons,deterministic,blast,2.0,blast_28,0,HEFT-Tp_static,1.2462910921810755e-05,26799.63216604784,0
wfcommons,deterministic,blast,2.0,blast_28,0,CPoP-Tp_static,1.2462910921810755e-05,26799.63216604784,0
wfcommons,deterministic,blast,2.0,blast_28,0,FastestNode,1.7283308441237758e-05,57859.292588567536,0
wfcommons,deterministic,blast,2.0,blast_28,0,MaxTP,1.2462910921810755e-05,26799.63216604784,0
wfcommons,deterministic,blast,2.0,blast_29,0,HEFT_static,7.333304279484008e-06,25101.707250648353,0
wfcommons,deterministic,blast,2.0,blast_29,0,CPoP_static,7.333304279484008e-06,25101.707250648353,0
wfcommons,deterministic,blast,2.0,blast_29,0,HEFT-Tp_static,1.2666616482745104e-05,27936.754472152283,0
wfcommons,deterministic,blast,2.0,blast_29,0,CPoP-Tp_static,1.2666616482745104e-05,27936.754472152283,0
wfcommons,deterministic,blast,2.0,blast_29,0,FastestNode,1.8503153691260113e-05,54044.8410409293,0
wfcommons,deterministic,blast,2.0,blast_29,0,MaxTP,1.2666616482745104e-05,27936.754472152283,0
wfcommons,deterministic,blast,2.0,blast_25,0,HEFT_static,1.517786284499607e-06,103960.94145421256,0
wfcommons,deterministic,blast,2.0,blast_25,0,CPoP_static,1.517786284499607e-06,103960.94145421256,0
wfcommons,deterministic,blast,2.0,blast_25,0,HEFT-Tp_static,2.387983754279388e-06,140582.03317628015,0
wfcommons,deterministic,blast,2.0,blast_25,0,CPoP-Tp_static,2.387983754279388e-06,140582.03317628015,0
wfcommons,deterministic,blast,2.0,blast_25,0,FastestNode,2.9872218336805616e-06,334759.20292397705,0
wfcommons,deterministic,blast,2.0,blast_25,0,MaxTP,2.387983754279388e-06,140582.03317628015,0
wfcommons,deterministic,blast,5.0,blast_1,0,HEFT_static,1.7598855194270109e-06,47704.656958814725,0
wfcommons,deterministic,blast,5.0,blast_1,0,CPoP_static,1.7598855194270109e-06,47704.656958814725,0
wfcommons,deterministic,blast,5.0,blast_1,0,HEFT-Tp_static,5.514307960871296e-06,60615.684283933806,0
wfcommons,deterministic,blast,5.0,blast_1,0,CPoP-Tp_static,5.514307960871296e-06,60615.684283933806,0
wfcommons,deterministic,blast,5.0,blast_1,0,FastestNode,1.3544820028723644e-05,73828.96176393561,0
wfcommons,deterministic,blast,5.0,blast_1,0,MaxTP,5.514307960871296e-06,60615.684283933806,0
wfcommons,deterministic,blast,5.0,blast_0,0,HEFT_static,2.251031810314096e-06,36831.374394470455,0
wfcommons,deterministic,blast,5.0,blast_0,0,CPoP_static,2.251031810314096e-06,36831.374394470455,0
wfcommons,deterministic,blast,5.0,blast_0,0,HEFT-Tp_static,5.627579525785246e-06,62693.59838860928,0
wfcommons,deterministic,blast,5.0,blast_0,0,CPoP-Tp_static,5.627579525785246e-06,62693.59838860928,0
wfcommons,deterministic,blast,5.0,blast_0,0,FastestNode,9.277022311008624e-06,107793.20847524142,0
wfcommons,deterministic,blast,5.0,blast_0,0,MaxTP,5.627579525785246e-06,62693.59838860928,0
wfcommons,deterministic,blast,5.0,blast_3,0,HEFT_static,1.2550643766857e-06,88381.2103519201,0
wfcommons,deterministic,blast,5.0,blast_3,0,CPoP_static,1.2550643766857e-06,88381.2103519201,0
wfcommons,deterministic,blast,5.0,blast_3,0,HEFT-Tp_static,3.3222292324033197e-06,104751.11905451384,0
wfcommons,deterministic,blast,5.0,blast_3,0,CPoP-Tp_static,3.3222292324033197e-06,104751.11905451384,0
wfcommons,deterministic,blast,5.0,blast_3,0,FastestNode,8.124039228756757e-06,123091.47849265726,0
wfcommons,deterministic,blast,5.0,blast_3,0,MaxTP,3.3222292324033197e-06,104751.11905451384,0
wfcommons,deterministic,blast,2.0,blast_24,0,HEFT_static,2.951757213655312e-06,48492.69502596254,0
wfcommons,deterministic,blast,2.0,blast_24,0,CPoP_static,2.951757213655312e-06,48492.69502596254,0
wfcommons,deterministic,blast,2.0,blast_24,0,HEFT-Tp_static,5.089236575267792e-06,67362.89501122787,0
wfcommons,deterministic,blast,2.0,blast_24,0,CPoP-Tp_static,5.089236575267792e-06,67362.89501122787,0
wfcommons,deterministic,blast,2.0,blast_24,0,FastestNode,4.635469724511569e-06,215727.86781718815,0
wfcommons,deterministic,blast,2.0,blast_24,0,MaxTP,5.089236575267792e-06,67362.89501122787,0
wfcommons,deterministic,blast,5.0,blast_2,0,HEFT_static,6.520167574551428e-07,93100.27510789174,0
wfcommons,deterministic,blast,5.0,blast_2,0,CPoP_static,6.520167574551428e-07,93100.27510789174,0
wfcommons,deterministic,blast,5.0,blast_2,0,HEFT-Tp_static,2.5356207234366745e-06,131678.89526599232,0
wfcommons,deterministic,blast,5.0,blast_2,0,CPoP-Tp_static,2.5356207234366745e-06,131678.89526599232,0
wfcommons,deterministic,blast,5.0,blast_2,0,FastestNode,5.794284390370453e-06,172583.86586304184,0
wfcommons,deterministic,blast,5.0,blast_2,0,MaxTP,2.5356207234366745e-06,131678.89526599232,0
wfcommons,deterministic,blast,5.0,blast_4,0,HEFT_static,1.350289833146816e-06,49579.75392298132,0
wfcommons,deterministic,blast,5.0,blast_4,0,CPoP_static,1.350289833146816e-06,49579.75392298132,0
wfcommons,deterministic,blast,5.0,blast_4,0,HEFT-Tp_static,4.951062721538325e-06,68300.24113862669,0
wfcommons,deterministic,blast,5.0,blast_4,0,CPoP-Tp_static,4.951062721538325e-06,68300.24113862669,0
wfcommons,deterministic,blast,5.0,blast_4,0,FastestNode,1.0926735130565391e-05,91518.64560189792,0
wfcommons,deterministic,blast,5.0,blast_4,0,MaxTP,4.951062721538325e-06,68300.24113862669,0
wfcommons,deterministic,blast,5.0,blast_5,0,HEFT_static,4.113023345500203e-07,171867.76105405818,0
wfcommons,deterministic,blast,5.0,blast_5,0,CPoP_static,4.113023345500203e-07,171867.76105405818,0
wfcommons,deterministic,blast,5.0,blast_5,0,HEFT-Tp_static,1.3460803676182474e-06,249909.28579438175,0
wfcommons,deterministic,blast,5.0,blast_5,0,CPoP-Tp_static,1.3460803676182474e-06,249909.28579438175,0
wfcommons,deterministic,blast,5.0,blast_5,0,FastestNode,3.287888919150224e-06,304146.528240517,0
wfcommons,deterministic,blast,5.0,blast_5,0,MaxTP,1.3460803676182474e-06,249909.28579438175,0
wfcommons,deterministic,blast,5.0,blast_7,0,HEFT_static,6.773552913770589e-07,114091.27934246964,0
wfcommons,deterministic,blast,5.0,blast_7,0,CPoP_static,6.773552913770589e-07,114091.27934246964,0
wfcommons,deterministic,blast,5.0,blast_7,0,HEFT-Tp_static,1.979961620948323e-06,168884.60808907513,0
wfcommons,deterministic,blast,5.0,blast_7,0,CPoP-Tp_static,1.979961620948323e-06,168884.60808907513,0
wfcommons,deterministic,blast,5.0,blast_7,0,FastestNode,4.845556530785086e-06,206374.6431698296,0
wfcommons,deterministic,blast,5.0,blast_7,0,MaxTP,1.979961620948323e-06,168884.60808907513,0
wfcommons,deterministic,blast,5.0,blast_8,0,HEFT_static,7.269640474558202e-07,99494.57478399116,0
wfcommons,deterministic,blast,5.0,blast_8,0,CPoP_static,7.269640474558202e-07,99494.57478399116,0
wfcommons,deterministic,blast,5.0,blast_8,0,HEFT-Tp_static,2.384442075655093e-06,141188.85788750806,0
wfcommons,deterministic,blast,5.0,blast_8,0,CPoP-Tp_static,2.384442075655093e-06,141188.85788750806,0
wfcommons,deterministic,blast,5.0,blast_8,0,FastestNode,5.8112201501134185e-06,172080.9011134253,0
wfcommons,deterministic,blast,5.0,blast_8,0,MaxTP,2.384442075655093e-06,141188.85788750806,0
wfcommons,deterministic,blast,5.0,blast_6,0,HEFT_static,1.8848112227232456e-06,45191.44320378357,0
wfcommons,deterministic,blast,5.0,blast_6,0,CPoP_static,1.8848112227232456e-06,45191.44320378357,0
wfcommons,deterministic,blast,5.0,blast_6,0,HEFT-Tp_static,3.8804936938789325e-06,86514.16639856788,0
wfcommons,deterministic,blast,5.0,blast_6,0,CPoP-Tp_static,3.8804936938789325e-06,86514.16639856788,0
wfcommons,deterministic,blast,5.0,blast_6,0,FastestNode,6.615242919338236e-06,151166.0285485101,0
wfcommons,deterministic,blast,5.0,blast_6,0,MaxTP,3.8804936938789325e-06,86514.16639856788,0
wfcommons,deterministic,blast,5.0,blast_11,0,HEFT_static,5.130516042310516e-07,178574.71341715398,0
wfcommons,deterministic,blast,5.0,blast_11,0,CPoP_static,5.130516042310516e-07,178574.71341715398,0
wfcommons,deterministic,blast,5.0,blast_11,0,HEFT-Tp_static,1.4282247361026463e-06,235014.04147422107,0
wfcommons,deterministic,blast,5.0,blast_11,0,CPoP-Tp_static,1.4282247361026463e-06,235014.04147422107,0
wfcommons,deterministic,blast,5.0,blast_11,0,FastestNode,3.5677767078796893e-06,280286.59915611753,0
wfcommons,deterministic,blast,5.0,blast_11,0,MaxTP,1.4282247361026463e-06,235014.04147422107,0
wfcommons,deterministic,blast,5.0,blast_12,0,HEFT_static,8.221266398267064e-07,75200.36841671598,0
wfcommons,deterministic,blast,5.0,blast_12,0,CPoP_static,8.221266398267064e-07,75200.36841671598,0
wfcommons,deterministic,blast,5.0,blast_12,0,HEFT-Tp_static,3.101003992328796e-06,107668.177506006,0
wfcommons,deterministic,blast,5.0,blast_12,0,CPoP-Tp_static,3.101003992328796e-06,107668.177506006,0
wfcommons,deterministic,blast,5.0,blast_12,0,FastestNode,7.0426139671018494e-06,141992.73233934335,0
wfcommons,deterministic,blast,5.0,blast_12,0,MaxTP,3.101003992328796e-06,107668.177506006,0
wfcommons,deterministic,blast,5.0,blast_10,0,HEFT_static,9.031814781615596e-07,80074.15529314458,0
wfcommons,deterministic,blast,5.0,blast_10,0,CPoP_static,9.031814781615596e-07,80074.15529314458,0
wfcommons,deterministic,blast,5.0,blast_10,0,HEFT-Tp_static,2.139679930406546e-06,155653.77019973265,0
wfcommons,deterministic,blast,5.0,blast_10,0,CPoP-Tp_static,2.139679930406546e-06,155653.77019973265,0
wfcommons,deterministic,blast,5.0,blast_10,0,FastestNode,3.957199955381722e-06,252703.93492247604,0
wfcommons,deterministic,blast,5.0,blast_10,0,MaxTP,2.139679930406546e-06,155653.77019973265,0
wfcommons,deterministic,blast,5.0,blast_13,0,HEFT_static,9.473377022926256e-07,104926.41833596826,0
wfcommons,deterministic,blast,5.0,blast_13,0,CPoP_static,9.473377022926256e-07,104926.41833596826,0
wfcommons,deterministic,blast,5.0,blast_13,0,HEFT-Tp_static,2.545970074911422e-06,131635.191463393,0
wfcommons,deterministic,blast,5.0,blast_13,0,CPoP-Tp_static,2.545970074911422e-06,131635.191463393,0
wfcommons,deterministic,blast,5.0,blast_13,0,FastestNode,6.386379030558327e-06,156583.2524526168,0
wfcommons,deterministic,blast,5.0,blast_13,0,MaxTP,2.545970074911422e-06,131635.191463393,0
wfcommons,deterministic,blast,5.0,blast_9,0,HEFT_static,9.122125245717042e-07,69945.81524976209,0
wfcommons,deterministic,blast,5.0,blast_9,0,CPoP_static,9.122125245717042e-07,69945.81524976209,0
wfcommons,deterministic,blast,5.0,blast_9,0,HEFT-Tp_static,2.47222814630302e-06,139684.596415964,0
wfcommons,deterministic,blast,5.0,blast_9,0,CPoP-Tp_static,2.47222814630302e-06,139684.596415964,0
wfcommons,deterministic,blast,5.0,blast_9,0,FastestNode,4.168937269094841e-06,239869.2845328249,0
wfcommons,deterministic,blast,5.0,blast_9,0,MaxTP,2.47222814630302e-06,139684.596415964,0
wfcommons,deterministic,blast,5.0,blast_14,0,HEFT_static,6.34569826409187e-07,105477.92338667916,0
wfcommons,deterministic,blast,5.0,blast_14,0,CPoP_static,6.34569826409187e-07,105477.92338667916,0
wfcommons,deterministic,blast,5.0,blast_14,0,HEFT-Tp_static,2.714548701861512e-06,123506.93335448594,0
wfcommons,deterministic,blast,5.0,blast_14,0,CPoP-Tp_static,2.714548701861512e-06,123506.93335448594,0
wfcommons,deterministic,blast,5.0,blast_14,0,FastestNode,6.926223165017973e-06,144378.8304498587,0
wfcommons,deterministic,blast,5.0,blast_14,0,MaxTP,2.714548701861512e-06,123506.93335448594,0
wfcommons,deterministic,blast,5.0,blast_16,0,HEFT_static,5.404549591895731e-07,165793.73710636777,0
wfcommons,deterministic,blast,5.0,blast_16,0,CPoP_static,5.404549591895731e-07,165793.73710636777,0
wfcommons,deterministic,blast,5.0,blast_16,0,HEFT-Tp_static,1.5360298840124636e-06,220887.7515481869,0
wfcommons,deterministic,blast,5.0,blast_16,0,CPoP-Tp_static,1.5360298840124636e-06,220887.7515481869,0
wfcommons,deterministic,blast,5.0,blast_16,0,FastestNode,3.799535468231267e-06,263190.06846000586,0
wfcommons,deterministic,blast,5.0,blast_16,0,MaxTP,1.5360298840124636e-06,220887.7515481869,0
wfcommons,deterministic,blast,5.0,blast_18,0,HEFT_static,5.939060071974582e-07,110017.48137950568,0
wfcommons,deterministic,blast,5.0,blast_18,0,CPoP_static,5.939060071974582e-07,110017.48137950568,0
wfcommons,deterministic,blast,5.0,blast_18,0,HEFT-Tp_static,1.8925804762692337e-06,176421.25342895888,0
wfcommons,deterministic,blast,5.0,blast_18,0,CPoP-Tp_static,1.8925804762692337e-06,176421.25342895888,0
wfcommons,deterministic,blast,5.0,blast_18,0,FastestNode,4.153002424690926e-06,240789.6499300576,0
wfcommons,deterministic,blast,5.0,blast_18,0,MaxTP,1.8925804762692337e-06,176421.25342895888,0
wfcommons,deterministic,blast,5.0,blast_17,0,HEFT_static,3.444050916556282e-07,223322.82070820068,0
wfcommons,deterministic,blast,5.0,blast_17,0,CPoP_static,3.444050916556282e-07,223322.82070820068,0
wfcommons,deterministic,blast,5.0,blast_17,0,HEFT-Tp_static,1.0175604980734463e-06,328057.2825782552,0
wfcommons,deterministic,blast,5.0,blast_17,0,CPoP-Tp_static,1.0175604980734463e-06,328057.2825782552,0
wfcommons,deterministic,blast,5.0,blast_17,0,FastestNode,2.5108338252965225e-06,398274.0673337503,0
wfcommons,deterministic,blast,5.0,blast_17,0,MaxTP,1.0175604980734463e-06,328057.2825782552,0
wfcommons,deterministic,blast,5.0,blast_20,0,HEFT_static,2.564628982148432e-06,40258.66776843228,0
wfcommons,deterministic,blast,5.0,blast_20,0,CPoP_static,2.564628982148432e-06,40258.66776843228,0
wfcommons,deterministic,blast,5.0,blast_20,0,HEFT-Tp_static,6.732151078139643e-06,51936.43860805839,0
wfcommons,deterministic,blast,5.0,blast_20,0,CPoP-Tp_static,6.732151078139643e-06,51936.43860805839,0
wfcommons,deterministic,blast,5.0,blast_20,0,FastestNode,1.4420909507698673e-05,69343.75390582503,0
wfcommons,deterministic,blast,5.0,blast_20,0,MaxTP,6.732151078139643e-06,51936.43860805839,0
wfcommons,deterministic,blast,5.0,blast_15,0,HEFT_static,8.21769579563699e-07,82110.24758482125,0
wfcommons,deterministic,blast,5.0,blast_15,0,CPoP_static,8.21769579563699e-07,82110.24758482125,0
wfcommons,deterministic,blast,5.0,blast_15,0,HEFT-Tp_static,2.065837415292074e-06,167611.23058969394,0
wfcommons,deterministic,blast,5.0,blast_15,0,CPoP-Tp_static,2.065837415292074e-06,167611.23058969394,0
wfcommons,deterministic,blast,5.0,blast_15,0,FastestNode,3.4471265798779407e-06,290096.68685720727,0
wfcommons,deterministic,blast,5.0,blast_15,0,MaxTP,2.065837415292074e-06,167611.23058969394,0
wfcommons,deterministic,blast,5.0,blast_22,0,HEFT_static,3.774252460553369e-07,185043.70100935065,0
wfcommons,deterministic,blast,5.0,blast_22,0,CPoP_static,3.774252460553369e-07,185043.70100935065,0
wfcommons,deterministic,blast,5.0,blast_22,0,HEFT-Tp_static,1.2514626579729706e-06,271647.9663558571,0
wfcommons,deterministic,blast,5.0,blast_22,0,CPoP-Tp_static,1.2514626579729706e-06,271647.9663558571,0
wfcommons,deterministic,blast,5.0,blast_22,0,FastestNode,3.0371410550619262e-06,329257.0156836579,0
wfcommons,deterministic,blast,5.0,blast_22,0,MaxTP,1.2514626579729706e-06,271647.9663558571,0
wfcommons,deterministic,blast,5.0,blast_23,0,HEFT_static,1.0809089336160905e-06,79018.10400925863,0
wfcommons,deterministic,blast,5.0,blast_23,0,CPoP_static,1.0809089336160905e-06,79018.10400925863,0
wfcommons,deterministic,blast,5.0,blast_23,0,HEFT-Tp_static,2.67382736210297e-06,129143.81922643754,0
wfcommons,deterministic,blast,5.0,blast_23,0,CPoP-Tp_static,2.67382736210297e-06,129143.81922643754,0
wfcommons,deterministic,blast,5.0,blast_23,0,FastestNode,5.538803948916226e-06,180544.39355913296,0
wfcommons,deterministic,blast,5.0,blast_23,0,MaxTP,2.67382736210297e-06,129143.81922643754,0
wfcommons,deterministic,blast,5.0,blast_21,0,HEFT_static,1.8141282055902183e-06,42115.40807179775,0
wfcommons,deterministic,blast,5.0,blast_21,0,CPoP_static,1.8141282055902183e-06,42115.40807179775,0
wfcommons,deterministic,blast,5.0,blast_21,0,HEFT-Tp_static,4.081788462577993e-06,82030.76364065478,0
wfcommons,deterministic,blast,5.0,blast_21,0,CPoP-Tp_static,4.081788462577993e-06,82030.76364065478,0
wfcommons,deterministic,blast,5.0,blast_21,0,FastestNode,6.016011442605463e-06,166223.0880942148,0
wfcommons,deterministic,blast,5.0,blast_21,0,MaxTP,4.081788462577993e-06,82030.76364065478,0
wfcommons,deterministic,blast,5.0,blast_19,0,HEFT_static,8.560678006607021e-07,84387.94085672875,0
wfcommons,deterministic,blast,5.0,blast_19,0,CPoP_static,8.560678006607021e-07,84387.94085672875,0
wfcommons,deterministic,blast,5.0,blast_19,0,HEFT-Tp_static,1.906177636137828e-06,174769.17452490312,0
wfcommons,deterministic,blast,5.0,blast_19,0,CPoP-Tp_static,1.906177636137828e-06,174769.17452490312,0
wfcommons,deterministic,blast,5.0,blast_19,0,FastestNode,3.2525012472185406e-06,307455.68532992323,0
wfcommons,deterministic,blast,5.0,blast_19,0,MaxTP,1.906177636137828e-06,174769.17452490312,0
wfcommons,deterministic,blast,5.0,blast_26,0,HEFT_static,6.237361801518467e-07,156568.1482096943,0
wfcommons,deterministic,blast,5.0,blast_26,0,CPoP_static,6.237361801518467e-07,156568.1482096943,0
wfcommons,deterministic,blast,5.0,blast_26,0,HEFT-Tp_static,1.6742392204075785e-06,200618.87652187495,0
wfcommons,deterministic,blast,5.0,blast_26,0,CPoP-Tp_static,1.6742392204075785e-06,200618.87652187495,0
wfcommons,deterministic,blast,5.0,blast_26,0,FastestNode,4.231230832912068e-06,236337.85049533125,0
wfcommons,deterministic,blast,5.0,blast_26,0,MaxTP,1.6742392204075785e-06,200618.87652187495,0
wfcommons,deterministic,blast,5.0,blast_27,0,HEFT_static,2.0569745003541146e-06,34219.93232207675,0
wfcommons,deterministic,blast,5.0,blast_27,0,CPoP_static,2.0569745003541146e-06,34219.93232207675,0
wfcommons,deterministic,blast,5.0,blast_27,0,HEFT-Tp_static,5.547597894894439e-06,60718.45983829665,0
wfcommons,deterministic,blast,5.0,blast_27,0,CPoP-Tp_static,5.547597894894439e-06,60718.45983829665,0
wfcommons,deterministic,blast,5.0,blast_27,0,FastestNode,8.982837817764535e-06,111323.39470967736,0
wfcommons,deterministic,blast,5.0,blast_27,0,MaxTP,5.547597894894439e-06,60718.45983829665,0
wfcommons,deterministic,blast,5.0,blast_28,0,HEFT_static,3.812184517259755e-06,28495.97705456866,0
wfcommons,deterministic,blast,5.0,blast_28,0,CPoP_static,3.812184517259755e-06,28495.97705456866,0
wfcommons,deterministic,blast,5.0,blast_28,0,HEFT-Tp_static,9.258162399059414e-06,39743.06605677281,0
wfcommons,deterministic,blast,5.0,blast_28,0,CPoP-Tp_static,9.258162399059414e-06,39743.06605677281,0
wfcommons,deterministic,blast,5.0,blast_28,0,FastestNode,1.7283308441237758e-05,57859.292588567536,0
wfcommons,deterministic,blast,5.0,blast_28,0,MaxTP,9.258162399059414e-06,39743.06605677281,0
wfcommons,deterministic,blast,5.0,blast_29,0,HEFT_static,3.4833195327549027e-06,30856.245271610525,0
wfcommons,deterministic,blast,5.0,blast_29,0,CPoP_static,3.4833195327549027e-06,30856.245271610525,0
wfcommons,deterministic,blast,5.0,blast_29,0,HEFT-Tp_static,9.288852087346404e-06,39576.49700333962,0
wfcommons,deterministic,blast,5.0,blast_29,0,CPoP-Tp_static,9.288852087346404e-06,39576.49700333962,0
wfcommons,deterministic,blast,5.0,blast_29,0,FastestNode,1.8503153691260113e-05,54044.8410409293,0
wfcommons,deterministic,blast,5.0,blast_29,0,MaxTP,9.288852087346404e-06,39576.49700333962,0
wfcommons,deterministic,blast,5.0,blast_25,0,HEFT_static,5.685675605427122e-07,111149.50655173336,0
wfcommons,deterministic,blast,5.0,blast_25,0,CPoP_static,5.685675605427122e-07,111149.50655173336,0
wfcommons,deterministic,blast,5.0,blast_25,0,HEFT-Tp_static,1.59198916951959e-06,214205.1034066111,0
wfcommons,deterministic,blast,5.0,blast_25,0,CPoP-Tp_static,1.59198916951959e-06,214205.1034066111,0
wfcommons,deterministic,blast,5.0,blast_25,0,FastestNode,2.9872218336805616e-06,334759.20292397705,0
wfcommons,deterministic,blast,5.0,blast_25,0,MaxTP,1.59198916951959e-06,214205.1034066111,0
wfcommons,deterministic,blast,5.0,blast_24,0,HEFT_static,1.1426156956085048e-06,54601.905026456785,0
wfcommons,deterministic,blast,5.0,blast_24,0,CPoP_static,1.1426156956085048e-06,54601.905026456785,0
wfcommons,deterministic,blast,5.0,blast_24,0,HEFT-Tp_static,2.9517572136553117e-06,113496.07440768497,0
wfcommons,deterministic,blast,5.0,blast_24,0,CPoP-Tp_static,2.9517572136553117e-06,113496.07440768497,0
wfcommons,deterministic,blast,5.0,blast_24,0,FastestNode,4.635469724511569e-06,215727.86781718815,0
wfcommons,deterministic,blast,5.0,blast_24,0,MaxTP,2.9517572136553117e-06,113496.07440768497,0
wfcommons,deterministic,bwa,0.2,bwa_0,0,HEFT_static,0.0004279617179932,2337.790835041002,0
wfcommons,deterministic,bwa,0.2,bwa_0,0,CPoP_static,0.0004279617179932,2337.790835041002,0
wfcommons,deterministic,bwa,0.2,bwa_0,0,HEFT-Tp_static,0.0004498393224673,2502.5892793238,0
wfcommons,deterministic,bwa,0.2,bwa_0,0,CPoP-Tp_static,0.0004498393224673,2502.5892793238,0
wfcommons,deterministic,bwa,0.2,bwa_0,0,FastestNode,0.00027313418929,3661.204049921169,0
wfcommons,deterministic,bwa,0.2,bwa_0,0,MaxTP,0.0004498393224673,2502.5892793238,0
wfcommons,deterministic,bwa,0.2,bwa_3,0,HEFT_static,0.0007405220908345,1610.8123252943233,0
wfcommons,deterministic,bwa,0.2,bwa_3,0,CPoP_static,0.0007405220908345,1610.8123252943233,0
wfcommons,deterministic,bwa,0.2,bwa_3,0,HEFT-Tp_static,0.0009854962550423,2331.7743912049614,0
wfcommons,deterministic,bwa,0.2,bwa_3,0,CPoP-Tp_static,0.0009854962550423,2331.7743912049614,0
wfcommons,deterministic,bwa,0.2,bwa_3,0,FastestNode,0.0004032859113662,2479.630385829816,0
wfcommons,deterministic,bwa,0.2,bwa_3,0,MaxTP,0.0009854962550423,2331.7743912049614,0
wfcommons,deterministic,bwa,0.2,bwa_1,0,HEFT_static,0.0004632294514341,2163.7949519384647,0
wfcommons,deterministic,bwa,0.2,bwa_1,0,CPoP_static,0.0004632294514341,2163.7949519384647,0
wfcommons,deterministic,bwa,0.2,bwa_1,0,HEFT-Tp_static,0.000713427030456,2489.1825686357133,0
wfcommons,deterministic,bwa,0.2,bwa_1,0,CPoP-Tp_static,0.000713427030456,2489.1825686357133,0
wfcommons,deterministic,bwa,0.2,bwa_1,0,FastestNode,0.000219237641299,4561.260530240382,0
wfcommons,deterministic,bwa,0.2,bwa_1,0,MaxTP,0.000713427030456,2489.1825686357133,0
wfcommons,deterministic,bwa,0.2,bwa_2,0,HEFT_static,0.0004016472897934,2493.6805958237464,0
wfcommons,deterministic,bwa,0.2,bwa_2,0,CPoP_static,0.0004016472897934,2493.6805958237464,0
wfcommons,deterministic,bwa,0.2,bwa_2,0,HEFT-Tp_static,0.0004858334624623,2725.4857548294012,0
wfcommons,deterministic,bwa,0.2,bwa_2,0,CPoP-Tp_static,0.0004858334624623,2725.4857548294012,0
wfcommons,deterministic,bwa,0.2,bwa_2,0,FastestNode,0.0001846528670752,5415.567144121003,0
wfcommons,deterministic,bwa,0.2,bwa_2,0,MaxTP,0.0004858334624623,2725.4857548294012,0
wfcommons,deterministic,bwa,0.2,bwa_5,0,HEFT_static,0.000448448836227,2236.3387214691047,0
wfcommons,deterministic,bwa,0.2,bwa_5,0,CPoP_static,0.000448448836227,2236.3387214691047,0
wfcommons,deterministic,bwa,0.2,bwa_5,0,HEFT-Tp_static,0.0005244404981101,2573.4278017528354,0
wfcommons,deterministic,bwa,0.2,bwa_5,0,CPoP-Tp_static,0.0005244404981101,2573.4278017528354,0
wfcommons,deterministic,bwa,0.2,bwa_5,0,FastestNode,0.000302408741997,3306.782712023268,0
wfcommons,deterministic,bwa,0.2,bwa_5,0,MaxTP,0.0005244404981101,2573.4278017528354,0
wfcommons,deterministic,bwa,0.2,bwa_7,0,HEFT_static,0.0006808255464436,1524.9429463238362,0
wfcommons,deterministic,bwa,0.2,bwa_7,0,CPoP_static,0.0006808255464436,1524.9429463238362,0
wfcommons,deterministic,bwa,0.2,bwa_7,0,HEFT-Tp_static,0.0008168628483491,1824.756972389408,0
wfcommons,deterministic,bwa,0.2,bwa_7,0,CPoP-Tp_static,0.0008168628483491,1824.756972389408,0
wfcommons,deterministic,bwa,0.2,bwa_7,0,FastestNode,0.0004187108829512,2388.282800180393,0
wfcommons,deterministic,bwa,0.2,bwa_7,0,MaxTP,0.0008168628483491,1824.756972389408,0
wfcommons,deterministic,bwa,0.2,bwa_6,0,HEFT_static,0.0002987045014061,3348.9685568217456,0
wfcommons,deterministic,bwa,0.2,bwa_6,0,CPoP_static,0.0002987045014061,3348.9685568217456,0
wfcommons,deterministic,bwa,0.2,bwa_6,0,HEFT-Tp_static,0.0003335333498376,3807.4214005505128,0
wfcommons,deterministic,bwa,0.2,bwa_6,0,CPoP-Tp_static,0.0003335333498376,3807.4214005505128,0
wfcommons,deterministic,bwa,0.2,bwa_6,0,FastestNode,0.0002008195895983,4979.593883248626,0
wfcommons,deterministic,bwa,0.2,bwa_6,0,MaxTP,0.0003335333498376,3807.4214005505128,0
wfcommons,deterministic,bwa,0.2,bwa_8,0,HEFT_static,0.0008039195178373,1247.40778592912,0
wfcommons,deterministic,bwa,0.2,bwa_8,0,CPoP_static,0.0008039195178373,1247.40778592912,0
wfcommons,deterministic,bwa,0.2,bwa_8,0,HEFT-Tp_static,0.0011818193973183,1476.467791069367,0
wfcommons,deterministic,bwa,0.2,bwa_8,0,CPoP-Tp_static,0.0011818193973183,1476.467791069367,0
wfcommons,deterministic,bwa,0.2,bwa_8,0,FastestNode,0.000468752748148,2133.3208262815974,0
wfcommons,deterministic,bwa,0.2,bwa_8,0,MaxTP,0.0011818193973183,1476.467791069367,0
wfcommons,deterministic,bwa,0.2,bwa_4,0,HEFT_static,0.0007426068915454,1352.0677170260897,0
wfcommons,deterministic,bwa,0.2,bwa_4,0,CPoP_static,0.0007426068915454,1352.0677170260897,0
wfcommons,deterministic,bwa,0.2,bwa_4,0,HEFT-Tp_static,0.0012215448271671,1546.7982235627785,0
wfcommons,deterministic,bwa,0.2,bwa_4,0,CPoP-Tp_static,0.0012215448271671,1546.7982235627785,0
wfcommons,deterministic,bwa,0.2,bwa_4,0,FastestNode,0.000319944038758,3125.546592092892,0
wfcommons,deterministic,bwa,0.2,bwa_4,0,MaxTP,0.0012215448271671,1546.7982235627785,0
wfcommons,deterministic,bwa,0.2,bwa_9,0,HEFT_static,0.0005211660735142,1925.9182147419128,0
wfcommons,deterministic,bwa,0.2,bwa_9,0,CPoP_static,0.0005211660735142,1925.9182147419128,0
wfcommons,deterministic,bwa,0.2,bwa_9,0,HEFT-Tp_static,0.0009770104568971,2625.2927075875377,0
wfcommons,deterministic,bwa,0.2,bwa_9,0,CPoP-Tp_static,0.0009770104568971,2625.2927075875377,0
wfcommons,deterministic,bwa,0.2,bwa_9,0,FastestNode,0.0003174897209546,3149.708270849425,0
wfcommons,deterministic,bwa,0.2,bwa_9,0,MaxTP,0.0009770104568971,2625.2927075875377,0
wfcommons,deterministic,bwa,0.2,bwa_11,0,HEFT_static,0.0007225008632325,1386.8474113849231,0
wfcommons,deterministic,bwa,0.2,bwa_11,0,CPoP_static,0.0007225008632325,1386.8474113849231,0
wfcommons,deterministic,bwa,0.2,bwa_11,0,HEFT-Tp_static,0.0008265382785217,1630.3084441556682,0
wfcommons,deterministic,bwa,0.2,bwa_11,0,CPoP-Tp_static,0.0008265382785217,1630.3084441556682,0
wfcommons,deterministic,bwa,0.2,bwa_11,0,FastestNode,0.0005398345096404,1852.419551071365,0
wfcommons,deterministic,bwa,0.2,bwa_11,0,MaxTP,0.0008265382785217,1630.3084441556682,0
wfcommons,deterministic,bwa,0.2,bwa_12,0,HEFT_static,0.0006607683049046,1517.5411449533271,0
wfcommons,deterministic,bwa,0.2,bwa_12,0,CPoP_static,0.0006607683049046,1517.5411449533271,0
wfcommons,deterministic,bwa,0.2,bwa_12,0,HEFT-Tp_static,0.0010554665429187,1855.7255434806923,0
wfcommons,deterministic,bwa,0.2,bwa_12,0,CPoP-Tp_static,0.0010554665429187,1855.7255434806923,0
wfcommons,deterministic,bwa,0.2,bwa_12,0,FastestNode,0.0004068162063005,2458.112495306835,0
wfcommons,deterministic,bwa,0.2,bwa_12,0,MaxTP,0.0010554665429187,1855.7255434806923,0
wfcommons,deterministic,bwa,0.2,bwa_10,0,HEFT_static,0.0014092312031851,714.3407155407454,0
wfcommons,deterministic,bwa,0.2,bwa_10,0,CPoP_static,0.0014092312031851,714.3407155407454,0
wfcommons,deterministic,bwa,0.2,bwa_10,0,HEFT-Tp_static,0.0017115451096693,766.7721462437245,0
wfcommons,deterministic,bwa,0.2,bwa_10,0,CPoP-Tp_static,0.0017115451096693,766.7721462437245,0
wfcommons,deterministic,bwa,0.2,bwa_10,0,FastestNode,0.0005322392283921,1878.854369720224,0
wfcommons,deterministic,bwa,0.2,bwa_10,0,MaxTP,0.0017115451096693,766.7721462437245,0
wfcommons,deterministic,bwa,0.2,bwa_14,0,HEFT_static,0.0010982735826187,911.841328206911,0
wfcommons,deterministic,bwa,0.2,bwa_14,0,CPoP_static,0.0010982735826187,911.841328206911,0
wfcommons,deterministic,bwa,0.2,bwa_14,0,HEFT-Tp_static,0.0011389878538296,963.7332868623864,0
wfcommons,deterministic,bwa,0.2,bwa_14,0,CPoP-Tp_static,0.0011389878538296,963.7332868623864,0
wfcommons,deterministic,bwa,0.2,bwa_14,0,FastestNode,0.0007131990568365,1402.1330937215062,0
wfcommons,deterministic,bwa,0.2,bwa_14,0,MaxTP,0.0011389878538296,963.7332868623864,0
wfcommons,deterministic,bwa,0.2,bwa_13,0,HEFT_static,0.0005448532172906,1843.287406823435,0
wfcommons,deterministic,bwa,0.2,bwa_13,0,CPoP_static,0.0005448532172906,1843.287406823435,0
wfcommons,deterministic,bwa,0.2,bwa_13,0,HEFT-Tp_static,0.0005738527519191,1895.0975858231857,0
wfcommons,deterministic,bwa,0.2,bwa_13,0,CPoP-Tp_static,0.0005738527519191,1895.0975858231857,0
wfcommons,deterministic,bwa,0.2,bwa_13,0,FastestNode,0.0002538505641044,3939.3254985595127,0
wfcommons,deterministic,bwa,0.2,bwa_13,0,MaxTP,0.0005738527519191,1895.0975858231857,0
wfcommons,deterministic,bwa,0.2,bwa_18,0,HEFT_static,0.0009188485993213,1096.070462247933,0
wfcommons,deterministic,bwa,0.2,bwa_18,0,CPoP_static,0.0009188485993213,1096.070462247933,0
wfcommons,deterministic,bwa,0.2,bwa_18,0,HEFT-Tp_static,0.0014456055657145,1281.616892748851,0
wfcommons,deterministic,bwa,0.2,bwa_18,0,CPoP-Tp_static,0.0014456055657145,1281.616892748851,0
wfcommons,deterministic,bwa,0.2,bwa_18,0,FastestNode,0.0004866411555954,2054.9022385446065,0
wfcommons,deterministic,bwa,0.2,bwa_18,0,MaxTP,0.0014456055657145,1281.616892748851,0
wfcommons,deterministic,bwa,0.2,bwa_16,0,HEFT_static,0.0007303979149678,1374.3444001951596,0
wfcommons,deterministic,bwa,0.2,bwa_16,0,CPoP_static,0.0007303979149678,1374.3444001951596,0
wfcommons,deterministic,bwa,0.2,bwa_16,0,HEFT-Tp_static,0.000773639196303,1404.087578769602,0
wfcommons,deterministic,bwa,0.2,bwa_16,0,CPoP-Tp_static,0.000773639196303,1404.087578769602,0
wfcommons,deterministic,bwa,0.2,bwa_16,0,FastestNode,0.0002910755869631,3435.53374033776,0
wfcommons,deterministic,bwa,0.2,bwa_16,0,MaxTP,0.000773639196303,1404.087578769602,0
wfcommons,deterministic,bwa,0.2,bwa_15,0,HEFT_static,0.0012392457886434,809.7870911008305,0
wfcommons,deterministic,bwa,0.2,bwa_15,0,CPoP_static,0.0012392457886434,809.7870911008305,0
wfcommons,deterministic,bwa,0.2,bwa_15,0,HEFT-Tp_static,0.0013609067688554,836.8527241268794,0
wfcommons,deterministic,bwa,0.2,bwa_15,0,CPoP-Tp_static,0.0013609067688554,836.8527241268794,0
wfcommons,deterministic,bwa,0.2,bwa_15,0,FastestNode,0.0003763409662637,2657.1648840905145,0
wfcommons,deterministic,bwa,0.2,bwa_15,0,MaxTP,0.0013609067688554,836.8527241268794,0
wfcommons,deterministic,bwa,0.2,bwa_17,0,HEFT_static,0.0003170810814034,3160.0090230867686,0
wfcommons,deterministic,bwa,0.2,bwa_17,0,CPoP_static,0.0003170810814034,3160.0090230867686,0
wfcommons,deterministic,bwa,0.2,bwa_17,0,HEFT-Tp_static,0.0003425262823092,3403.196795327006,0
wfcommons,deterministic,bwa,0.2,bwa_17,0,CPoP-Tp_static,0.0003425262823092,3403.196795327006,0
wfcommons,deterministic,bwa,0.2,bwa_17,0,FastestNode,0.000177108853289,5646.245127950495,0
wfcommons,deterministic,bwa,0.2,bwa_17,0,MaxTP,0.0003425262823092,3403.196795327006,0
wfcommons,deterministic,bwa,0.2,bwa_19,0,HEFT_static,0.0003437543030793,2909.0544934057957,0
wfcommons,deterministic,bwa,0.2,bwa_19,0,CPoP_static,0.0003437543030793,2909.0544934057957,0
wfcommons,deterministic,bwa,0.2,bwa_19,0,HEFT-Tp_static,0.0004010398051552,3562.3862773320852,0
wfcommons,deterministic,bwa,0.2,bwa_19,0,CPoP-Tp_static,0.0004010398051552,3562.3862773320852,0
wfcommons,deterministic,bwa,0.2,bwa_19,0,FastestNode,0.0002644894340036,3780.86937108724,0
wfcommons,deterministic,bwa,0.2,bwa_19,0,MaxTP,0.0004010398051552,3562.3862773320852,0
wfcommons,deterministic,bwa,0.2,bwa_21,0,HEFT_static,0.0006582271364269,1522.0652423294712,0
wfcommons,deterministic,bwa,0.2,bwa_21,0,CPoP_static,0.0006582271364269,1522.0652423294712,0
wfcommons,deterministic,bwa,0.2,bwa_21,0,HEFT-Tp_static,0.0008500411347612,1907.6957761977455,0
wfcommons,deterministic,bwa,0.2,bwa_21,0,CPoP-Tp_static,0.0008500411347612,1907.6957761977455,0
wfcommons,deterministic,bwa,0.2,bwa_21,0,FastestNode,0.000457148986226,2187.470671774649,0
wfcommons,deterministic,bwa,0.2,bwa_21,0,MaxTP,0.0008500411347612,1907.6957761977455,0
wfcommons,deterministic,bwa,0.2,bwa_23,0,HEFT_static,0.0006972488532883,1436.3618043131694,0
wfcommons,deterministic,bwa,0.2,bwa_23,0,CPoP_static,0.0006972488532883,1436.3618043131694,0
wfcommons,deterministic,bwa,0.2,bwa_23,0,HEFT-Tp_static,0.0007928471582232,1621.210446108268,0
wfcommons,deterministic,bwa,0.2,bwa_23,0,CPoP-Tp_static,0.0007928471582232,1621.210446108268,0
wfcommons,deterministic,bwa,0.2,bwa_23,0,FastestNode,0.0004866406268749,2054.9044711343035,0
wfcommons,deterministic,bwa,0.2,bwa_23,0,MaxTP,0.0007928471582232,1621.210446108268,0
wfcommons,deterministic,bwa,0.2,bwa_20,0,HEFT_static,0.0011056026573735,910.4561479112656,0
wfcommons,deterministic,bwa,0.2,bwa_20,0,CPoP_static,0.0011056026573735,910.4561479112656,0
wfcommons,deterministic,bwa,0.2,bwa_20,0,HEFT-Tp_static,0.0012780655953073,951.6232405145862,0
wfcommons,deterministic,bwa,0.2,bwa_20,0,CPoP-Tp_static,0.0012780655953073,951.6232405145862,0
wfcommons,deterministic,bwa,0.2,bwa_20,0,FastestNode,0.0003402587198577,2938.940111273802,0
wfcommons,deterministic,bwa,0.2,bwa_20,0,MaxTP,0.0012780655953073,951.6232405145862,0
wfcommons,deterministic,bwa,0.2,bwa_24,0,HEFT_static,0.0004009466214956,2495.094917679064,0
wfcommons,deterministic,bwa,0.2,bwa_24,0,CPoP_static,0.0004009466214956,2495.094917679064,0
wfcommons,deterministic,bwa,0.2,bwa_24,0,HEFT-Tp_static,0.0004096875797509,2572.372630956997,0
wfcommons,deterministic,bwa,0.2,bwa_24,0,CPoP-Tp_static,0.0004096875797509,2572.372630956997,0
wfcommons,deterministic,bwa,0.2,bwa_24,0,FastestNode,0.0002586535409924,3866.1755650567266,0
wfcommons,deterministic,bwa,0.2,bwa_24,0,MaxTP,0.0004096875797509,2572.372630956997,0
wfcommons,deterministic,bwa,0.2,bwa_22,0,HEFT_static,0.0005077071266516,1974.772886108437,0
wfcommons,deterministic,bwa,0.2,bwa_22,0,CPoP_static,0.0005077071266516,1974.772886108437,0
wfcommons,deterministic,bwa,0.2,bwa_22,0,HEFT-Tp_static,0.0005301717473011,2020.7873748571456,0
wfcommons,deterministic,bwa,0.2,bwa_22,0,CPoP-Tp_static,0.0005301717473011,2020.7873748571456,0
wfcommons,deterministic,bwa,0.2,bwa_22,0,FastestNode,0.0002110424637528,4738.382893271673,0
wfcommons,deterministic,bwa,0.2,bwa_22,0,MaxTP,0.0005301717473011,2020.7873748571456,0
wfcommons,deterministic,bwa,0.2,bwa_27,0,HEFT_static,0.0008072883817939,1242.342345844862,0
wfcommons,deterministic,bwa,0.2,bwa_27,0,CPoP_static,0.0008072883817939,1242.342345844862,0
wfcommons,deterministic,bwa,0.2,bwa_27,0,HEFT-Tp_static,0.0008719551230489,1293.234789180554,0
wfcommons,deterministic,bwa,0.2,bwa_27,0,CPoP-Tp_static,0.0008719551230489,1293.234789180554,0
wfcommons,deterministic,bwa,0.2,bwa_27,0,FastestNode,0.000326102547792,3066.520046443234,0
wfcommons,deterministic,bwa,0.2,bwa_27,0,MaxTP,0.0008719551230489,1293.234789180554,0
wfcommons,deterministic,bwa,0.2,bwa_26,0,HEFT_static,0.0008151512024763,1231.964529968258,0
wfcommons,deterministic,bwa,0.2,bwa_26,0,CPoP_static,0.0008151512024763,1231.964529968258,0
wfcommons,deterministic,bwa,0.2,bwa_26,0,HEFT-Tp_static,0.0011991310071038,1353.31019196857,0
wfcommons,deterministic,bwa,0.2,bwa_26,0,CPoP-Tp_static,0.0011991310071038,1353.31019196857,0
wfcommons,deterministic,bwa,0.2,bwa_26,0,FastestNode,0.0002955691127379,3383.303453927748,0
wfcommons,deterministic,bwa,0.2,bwa_26,0,MaxTP,0.0011991310071038,1353.31019196857,0
wfcommons,deterministic,bwa,0.2,bwa_29,0,HEFT_static,0.0009448530417278,1059.261988698555,0
wfcommons,deterministic,bwa,0.2,bwa_29,0,CPoP_static,0.0009448530417278,1059.261988698555,0
wfcommons,deterministic,bwa,0.2,bwa_29,0,HEFT-Tp_static,0.0011223662356629,1148.9900249116647,0
wfcommons,deterministic,bwa,0.2,bwa_29,0,CPoP-Tp_static,0.0011223662356629,1148.9900249116647,0
wfcommons,deterministic,bwa,0.2,bwa_29,0,FastestNode,0.0004472901621081,2235.68520999385,0
wfcommons,deterministic,bwa,0.2,bwa_29,0,MaxTP,0.0011223662356629,1148.9900249116647,0
wfcommons,deterministic,bwa,0.2,bwa_28,0,HEFT_static,0.0011186930018017,897.9635857886425,0
wfcommons,deterministic,bwa,0.2,bwa_28,0,CPoP_static,0.0011186930018017,897.9635857886425,0
wfcommons,deterministic,bwa,0.2,bwa_28,0,HEFT-Tp_static,0.0013411981213187,939.7983700162,0
wfcommons,deterministic,bwa,0.2,bwa_28,0,CPoP-Tp_static,0.0013411981213187,939.7983700162,0
wfcommons,deterministic,bwa,0.2,bwa_28,0,FastestNode,0.0003967266401026,2520.627300808565,0
wfcommons,deterministic,bwa,0.2,bwa_28,0,MaxTP,0.0013411981213187,939.7983700162,0
wfcommons,deterministic,bwa,0.2,bwa_25,0,HEFT_static,0.0005350817170955,1873.1089027106057,0
wfcommons,deterministic,bwa,0.2,bwa_25,0,CPoP_static,0.0005350817170955,1873.1089027106057,0
wfcommons,deterministic,bwa,0.2,bwa_25,0,HEFT-Tp_static,0.0010823264852299,2600.232284841626,0
wfcommons,deterministic,bwa,0.2,bwa_25,0,CPoP-Tp_static,0.0010823264852299,2600.232284841626,0
wfcommons,deterministic,bwa,0.2,bwa_25,0,FastestNode,0.0002392777657268,4179.243303124082,0
wfcommons,deterministic,bwa,0.2,bwa_25,0,MaxTP,0.0010823264852299,2600.232284841626,0
wfcommons,deterministic,bwa,0.5,bwa_3,0,HEFT_static,0.0006201855966605,1622.719686058519,0
wfcommons,deterministic,bwa,0.5,bwa_3,0,CPoP_static,0.0006201855966605,1622.719686058519,0
wfcommons,deterministic,bwa,0.5,bwa_3,0,HEFT-Tp_static,0.0007682901921643,2374.3102651385834,0
wfcommons,deterministic,bwa,0.5,bwa_3,0,CPoP-Tp_static,0.0007682901921643,2374.3102651385834,0
wfcommons,deterministic,bwa,0.5,bwa_3,0,FastestNode,0.0004032859113662,2479.630385829816,0
wfcommons,deterministic,bwa,0.5,bwa_3,0,MaxTP,0.0007682901921643,2374.3102651385834,0
wfcommons,deterministic,bwa,0.5,bwa_0,0,HEFT_static,0.0002351612836016,2344.7933079258323,0
wfcommons,deterministic,bwa,0.5,bwa_0,0,CPoP_static,0.0002351612836016,2344.7933079258323,0
wfcommons,deterministic,bwa,0.5,bwa_0,0,HEFT-Tp_static,0.0002505816956415,2530.54794756063,0
wfcommons,deterministic,bwa,0.5,bwa_0,0,CPoP-Tp_static,0.0002505816956415,2530.54794756063,0
wfcommons,deterministic,bwa,0.5,bwa_0,0,FastestNode,0.00027313418929,3661.204049921169,0
wfcommons,deterministic,bwa,0.5,bwa_0,0,MaxTP,0.0002505816956415,2530.54794756063,0
wfcommons,deterministic,bwa,0.5,bwa_5,0,HEFT_static,0.0003055716653964,2246.146311048121,0
wfcommons,deterministic,bwa,0.5,bwa_5,0,CPoP_static,0.0003055716653964,2246.146311048121,0
wfcommons,deterministic,bwa,0.5,bwa_5,0,HEFT-Tp_static,0.0003505086750145,2629.373124598512,0
wfcommons,deterministic,bwa,0.5,bwa_5,0,CPoP-Tp_static,0.0003505086750145,2629.373124598512,0
wfcommons,deterministic,bwa,0.5,bwa_5,0,FastestNode,0.000302408741997,3306.782712023268,0
wfcommons,deterministic,bwa,0.5,bwa_5,0,MaxTP,0.0003505086750145,2629.373124598512,0
wfcommons,deterministic,bwa,0.5,bwa_1,0,HEFT_static,0.0004440862753097,2173.9792231649835,0
wfcommons,deterministic,bwa,0.5,bwa_1,0,CPoP_static,0.0004440862753097,2173.9792231649835,0
wfcommons,deterministic,bwa,0.5,bwa_1,0,HEFT-Tp_static,0.0006501655272537,2531.0166600929,0
wfcommons,deterministic,bwa,0.5,bwa_1,0,CPoP-Tp_static,0.0006501655272537,2531.0166600929,0
wfcommons,deterministic,bwa,0.5,bwa_1,0,FastestNode,0.000219237641299,4561.260530240382,0
wfcommons,deterministic,bwa,0.5,bwa_1,0,MaxTP,0.0006501655272537,2531.0166600929,0
wfcommons,deterministic,bwa,0.5,bwa_2,0,HEFT_static,0.0003428012411716,2503.3893341986845,0
wfcommons,deterministic,bwa,0.5,bwa_2,0,CPoP_static,0.0003428012411716,2503.3893341986845,0
wfcommons,deterministic,bwa,0.5,bwa_2,0,HEFT-Tp_static,0.0003522253302772,2736.947186090603,0
wfcommons,deterministic,bwa,0.5,bwa_2,0,CPoP-Tp_static,0.0003522253302772,2736.947186090603,0
wfcommons,deterministic,bwa,0.5,bwa_2,0,FastestNode,0.0001846528670752,5415.567144121003,0
wfcommons,deterministic,bwa,0.5,bwa_2,0,MaxTP,0.0003522253302772,2736.947186090603,0
wfcommons,deterministic,bwa,0.5,bwa_7,0,HEFT_static,0.0004317689560862,1532.2159866705683,0
wfcommons,deterministic,bwa,0.5,bwa_7,0,CPoP_static,0.0004317689560862,1532.2159866705683,0
wfcommons,deterministic,bwa,0.5,bwa_7,0,HEFT-Tp_static,0.0004644787254882,1826.781273974466,0
wfcommons,deterministic,bwa,0.5,bwa_7,0,CPoP-Tp_static,0.0004644787254882,1826.781273974466,0
wfcommons,deterministic,bwa,0.5,bwa_7,0,FastestNode,0.0004187108829512,2388.282800180393,0
wfcommons,deterministic,bwa,0.5,bwa_7,0,MaxTP,0.0004644787254882,1826.781273974466,0
wfcommons,deterministic,bwa,0.5,bwa_6,0,HEFT_static,0.0001806329550782,3358.7418477420424,0
wfcommons,deterministic,bwa,0.5,bwa_6,0,CPoP_static,0.0001806329550782,3358.7418477420424,0
wfcommons,deterministic,bwa,0.5,bwa_6,0,HEFT-Tp_static,0.0001832949144166,3983.8786290380417,0
wfcommons,deterministic,bwa,0.5,bwa_6,0,CPoP-Tp_static,0.0001832949144166,3983.8786290380417,0
wfcommons,deterministic,bwa,0.5,bwa_6,0,FastestNode,0.0002008195895983,4979.593883248626,0
wfcommons,deterministic,bwa,0.5,bwa_6,0,MaxTP,0.0001832949144166,3983.8786290380417,0
wfcommons,deterministic,bwa,0.5,bwa_4,0,HEFT_static,0.0005535630609356,1362.5910182876264,0
wfcommons,deterministic,bwa,0.5,bwa_4,0,CPoP_static,0.0005535630609356,1362.5910182876264,0
wfcommons,deterministic,bwa,0.5,bwa_4,0,HEFT-Tp_static,0.0011609140261952,1600.2647404205266,0
wfcommons,deterministic,bwa,0.5,bwa_4,0,CPoP-Tp_static,0.0011609140261952,1600.2647404205266,0
wfcommons,deterministic,bwa,0.5,bwa_4,0,FastestNode,0.000319944038758,3125.546592092892,0
wfcommons,deterministic,bwa,0.5,bwa_4,0,MaxTP,0.0011609140261952,1600.2647404205266,0
wfcommons,deterministic,bwa,0.5,bwa_8,0,HEFT_static,0.0005097347220781,1256.4354826728504,0
wfcommons,deterministic,bwa,0.5,bwa_8,0,CPoP_static,0.0005097347220781,1256.4354826728504,0
wfcommons,deterministic,bwa,0.5,bwa_8,0,HEFT-Tp_static,0.0010704824061122,1572.825524017097,0
wfcommons,deterministic,bwa,0.5,bwa_8,0,CPoP-Tp_static,0.0010704824061122,1572.825524017097,0
wfcommons,deterministic,bwa,0.5,bwa_8,0,FastestNode,0.000468752748148,2133.3208262815974,0
wfcommons,deterministic,bwa,0.5,bwa_8,0,MaxTP,0.0010704824061122,1572.825524017097,0
wfcommons,deterministic,bwa,0.5,bwa_9,0,HEFT_static,0.0005189174644153,1940.7369964880425,0
wfcommons,deterministic,bwa,0.5,bwa_9,0,CPoP_static,0.0005189174644153,1940.7369964880425,0
wfcommons,deterministic,bwa,0.5,bwa_9,0,HEFT-Tp_static,0.0009770104568971,2642.6874051157656,0
wfcommons,deterministic,bwa,0.5,bwa_9,0,CPoP-Tp_static,0.0009770104568971,2642.6874051157656,0
wfcommons,deterministic,bwa,0.5,bwa_9,0,FastestNode,0.0003174897209546,3149.708270849425,0
wfcommons,deterministic,bwa,0.5,bwa_9,0,MaxTP,0.0009770104568971,2642.6874051157656,0
wfcommons,deterministic,bwa,0.5,bwa_10,0,HEFT_static,0.001199884038248,723.628081720602,0
wfcommons,deterministic,bwa,0.5,bwa_10,0,CPoP_static,0.001199884038248,723.628081720602,0
wfcommons,deterministic,bwa,0.5,bwa_10,0,HEFT-Tp_static,0.0016821986120164,785.086799122411,0
wfcommons,deterministic,bwa,0.5,bwa_10,0,CPoP-Tp_static,0.0016821986120164,785.086799122411,0
wfcommons,deterministic,bwa,0.5,bwa_10,0,FastestNode,0.0005322392283921,1878.854369720224,0
wfcommons,deterministic,bwa,0.5,bwa_10,0,MaxTP,0.0016821986120164,785.086799122411,0
wfcommons,deterministic,bwa,0.5,bwa_11,0,HEFT_static,0.000479369994285,1393.6564669011325,0
wfcommons,deterministic,bwa,0.5,bwa_11,0,CPoP_static,0.000479369994285,1393.6564669011325,0
wfcommons,deterministic,bwa,0.5,bwa_11,0,HEFT-Tp_static,0.0005219395304587,1797.9121920676955,0
wfcommons,deterministic,bwa,0.5,bwa_11,0,CPoP-Tp_static,0.0005219395304587,1797.9121920676955,0
wfcommons,deterministic,bwa,0.5,bwa_11,0,FastestNode,0.0005398345096404,1852.419551071365,0
wfcommons,deterministic,bwa,0.5,bwa_11,0,MaxTP,0.0005219395304587,1797.9121920676955,0
wfcommons,deterministic,bwa,0.5,bwa_12,0,HEFT_static,0.0005322317012984,1529.302658153592,0
wfcommons,deterministic,bwa,0.5,bwa_12,0,CPoP_static,0.0005322317012984,1529.302658153592,0
wfcommons,deterministic,bwa,0.5,bwa_12,0,HEFT-Tp_static,0.0006170802333972,1886.9501127728272,0
wfcommons,deterministic,bwa,0.5,bwa_12,0,CPoP-Tp_static,0.0006170802333972,1886.9501127728272,0
wfcommons,deterministic,bwa,0.5,bwa_12,0,FastestNode,0.0004068162063005,2458.112495306835,0
wfcommons,deterministic,bwa,0.5,bwa_12,0,MaxTP,0.0006170802333972,1886.9501127728272,0
wfcommons,deterministic,bwa,0.5,bwa_14,0,HEFT_static,0.0006044420599015,918.2577087426127,0
wfcommons,deterministic,bwa,0.5,bwa_14,0,CPoP_static,0.0006044420599015,918.2577087426127,0
wfcommons,deterministic,bwa,0.5,bwa_14,0,HEFT-Tp_static,0.0006753859636483,972.1096299186876,0
wfcommons,deterministic,bwa,0.5,bwa_14,0,CPoP-Tp_static,0.0006753859636483,972.1096299186876,0
wfcommons,deterministic,bwa,0.5,bwa_14,0,FastestNode,0.0007131990568365,1402.1330937215062,0
wfcommons,deterministic,bwa,0.5,bwa_14,0,MaxTP,0.0006753859636483,972.1096299186876,0
wfcommons,deterministic,bwa,0.5,bwa_13,0,HEFT_static,0.0003679054312035,1852.9389943250965,0
wfcommons,deterministic,bwa,0.5,bwa_13,0,CPoP_static,0.0003679054312035,1852.9389943250965,0
wfcommons,deterministic,bwa,0.5,bwa_13,0,HEFT-Tp_static,0.0004504964463753,1959.6150492237375,0
wfcommons,deterministic,bwa,0.5,bwa_13,0,CPoP-Tp_static,0.0004504964463753,1959.6150492237375,0
wfcommons,deterministic,bwa,0.5,bwa_13,0,FastestNode,0.0002538505641044,3939.3254985595127,0
wfcommons,deterministic,bwa,0.5,bwa_13,0,MaxTP,0.0004504964463753,1959.6150492237375,0
wfcommons,deterministic,bwa,0.5,bwa_18,0,HEFT_static,0.0006850889870685,1108.2298269551954,0
wfcommons,deterministic,bwa,0.5,bwa_18,0,CPoP_static,0.0006850889870685,1108.2298269551954,0
wfcommons,deterministic,bwa,0.5,bwa_18,0,HEFT-Tp_static,0.0012291302415254,1333.8973117159248,0
wfcommons,deterministic,bwa,0.5,bwa_18,0,CPoP-Tp_static,0.0012291302415254,1333.8973117159248,0
wfcommons,deterministic,bwa,0.5,bwa_18,0,FastestNode,0.0004866411555954,2054.9022385446065,0
wfcommons,deterministic,bwa,0.5,bwa_18,0,MaxTP,0.0012291302415254,1333.8973117159248,0
wfcommons,deterministic,bwa,0.5,bwa_16,0,HEFT_static,0.000657853695386,1383.3011777888744,0
wfcommons,deterministic,bwa,0.5,bwa_16,0,CPoP_static,0.000657853695386,1383.3011777888744,0
wfcommons,deterministic,bwa,0.5,bwa_16,0,HEFT-Tp_static,0.0006832955510123,1448.8618426998007,0
wfcommons,deterministic,bwa,0.5,bwa_16,0,CPoP-Tp_static,0.0006832955510123,1448.8618426998007,0
wfcommons,deterministic,bwa,0.5,bwa_16,0,FastestNode,0.0002910755869631,3435.53374033776,0
wfcommons,deterministic,bwa,0.5,bwa_16,0,MaxTP,0.0006832955510123,1448.8618426998007,0
wfcommons,deterministic,bwa,0.5,bwa_15,0,HEFT_static,0.0006989943282414,815.9839125831007,0
wfcommons,deterministic,bwa,0.5,bwa_15,0,CPoP_static,0.0006989943282414,815.9839125831007,0
wfcommons,deterministic,bwa,0.5,bwa_15,0,HEFT-Tp_static,0.0013521899630384,847.4078002386881,0
wfcommons,deterministic,bwa,0.5,bwa_15,0,CPoP-Tp_static,0.0013521899630384,847.4078002386881,0
wfcommons,deterministic,bwa,0.5,bwa_15,0,FastestNode,0.0003763409662637,2657.1648840905145,0
wfcommons,deterministic,bwa,0.5,bwa_15,0,MaxTP,0.0013521899630384,847.4078002386881,0
wfcommons,deterministic,bwa,0.5,bwa_17,0,HEFT_static,0.0001769274693752,3169.1365126923374,0
wfcommons,deterministic,bwa,0.5,bwa_17,0,CPoP_static,0.0001769274693752,3169.1365126923374,0
wfcommons,deterministic,bwa,0.5,bwa_17,0,HEFT-Tp_static,0.0001791430190815,3408.6894252795996,0
wfcommons,deterministic,bwa,0.5,bwa_17,0,CPoP-Tp_static,0.0001791430190815,3408.6894252795996,0
wfcommons,deterministic,bwa,0.5,bwa_17,0,FastestNode,0.000177108853289,5646.245127950495,0
wfcommons,deterministic,bwa,0.5,bwa_17,0,MaxTP,0.0001791430190815,3408.6894252795996,0
wfcommons,deterministic,bwa,0.5,bwa_19,0,HEFT_static,0.0002222965287647,2924.093692514128,0
wfcommons,deterministic,bwa,0.5,bwa_19,0,CPoP_static,0.0002222965287647,2924.093692514128,0
wfcommons,deterministic,bwa,0.5,bwa_19,0,HEFT-Tp_static,0.000241655685925,3532.0566424868844,0
wfcommons,deterministic,bwa,0.5,bwa_19,0,CPoP-Tp_static,0.000241655685925,3532.0566424868844,0
wfcommons,deterministic,bwa,0.5,bwa_19,0,FastestNode,0.0002644894340036,3780.86937108724,0
wfcommons,deterministic,bwa,0.5,bwa_19,0,MaxTP,0.000241655685925,3532.0566424868844,0
wfcommons,deterministic,bwa,0.5,bwa_21,0,HEFT_static,0.0004459762585049,1528.6627150072072,0
wfcommons,deterministic,bwa,0.5,bwa_21,0,CPoP_static,0.0004459762585049,1528.6627150072072,0
wfcommons,deterministic,bwa,0.5,bwa_21,0,HEFT-Tp_static,0.0004827413264118,1914.053663252079,0
wfcommons,deterministic,bwa,0.5,bwa_21,0,CPoP-Tp_static,0.0004827413264118,1914.053663252079,0
wfcommons,deterministic,bwa,0.5,bwa_21,0,FastestNode,0.000457148986226,2187.470671774649,0
wfcommons,deterministic,bwa,0.5,bwa_21,0,MaxTP,0.0004827413264118,1914.053663252079,0
wfcommons,deterministic,bwa,0.5,bwa_23,0,HEFT_static,0.0004892072037984,1444.010814095902,0
wfcommons,deterministic,bwa,0.5,bwa_23,0,CPoP_static,0.0004892072037984,1444.010814095902,0
wfcommons,deterministic,bwa,0.5,bwa_23,0,HEFT-Tp_static,0.0005692592916945,1693.8972185131329,0
wfcommons,deterministic,bwa,0.5,bwa_23,0,CPoP-Tp_static,0.0004892072037984,1673.575169220907,0
wfcommons,deterministic,bwa,0.5,bwa_23,0,FastestNode,0.0004866406268749,2054.9044711343035,0
wfcommons,deterministic,bwa,0.5,bwa_23,0,MaxTP,0.0005692592916945,1693.8972185131329,0
wfcommons,deterministic,bwa,0.5,bwa_20,0,HEFT_static,0.0005847213685226,920.7174883838516,0
wfcommons,deterministic,bwa,0.5,bwa_20,0,CPoP_static,0.0005847213685226,920.7174883838516,0
wfcommons,deterministic,bwa,0.5,bwa_20,0,HEFT-Tp_static,0.0012499451264826,983.2763655269504,0
wfcommons,deterministic,bwa,0.5,bwa_20,0,CPoP-Tp_static,0.0012499451264826,983.2763655269504,0
wfcommons,deterministic,bwa,0.5,bwa_20,0,FastestNode,0.0003402587198577,2938.940111273802,0
wfcommons,deterministic,bwa,0.5,bwa_20,0,MaxTP,0.0012499451264826,983.2763655269504,0
wfcommons,deterministic,bwa,0.5,bwa_24,0,HEFT_static,0.0002232993462542,2504.220501625093,0
wfcommons,deterministic,bwa,0.5,bwa_24,0,CPoP_static,0.0002232993462542,2504.220501625093,0
wfcommons,deterministic,bwa,0.5,bwa_24,0,HEFT-Tp_static,0.0002550343954639,2536.739746964013,0
wfcommons,deterministic,bwa,0.5,bwa_24,0,CPoP-Tp_static,0.0002550343954639,2536.739746964013,0
wfcommons,deterministic,bwa,0.5,bwa_24,0,FastestNode,0.0002586535409924,3866.1755650567266,0
wfcommons,deterministic,bwa,0.5,bwa_24,0,MaxTP,0.0002550343954639,2536.739746964013,0
wfcommons,deterministic,bwa,0.5,bwa_22,0,HEFT_static,0.0003929161111623,1984.1179329794256,0
wfcommons,deterministic,bwa,0.5,bwa_22,0,CPoP_static,0.0003929161111623,1984.1179329794256,0
wfcommons,deterministic,bwa,0.5,bwa_22,0,HEFT-Tp_static,0.0004016475803007,2122.1750570047643,0
wfcommons,deterministic,bwa,0.5,bwa_22,0,CPoP-Tp_static,0.0003886912067426,2080.254649236146,0
wfcommons,deterministic,bwa,0.5,bwa_22,0,FastestNode,0.0002110424637528,4738.382893271673,0
wfcommons,deterministic,bwa,0.5,bwa_22,0,MaxTP,0.0004016475803007,2122.1750570047643,0
wfcommons,deterministic,bwa,0.5,bwa_27,0,HEFT_static,0.0004389673915919,1252.6675023904995,0
wfcommons,deterministic,bwa,0.5,bwa_27,0,CPoP_static,0.0004389673915919,1252.6675023904995,0
wfcommons,deterministic,bwa,0.5,bwa_27,0,HEFT-Tp_static,0.0006230504912974,1331.8881292791857,0
wfcommons,deterministic,bwa,0.5,bwa_27,0,CPoP-Tp_static,0.0006230504912974,1331.8881292791857,0
wfcommons,deterministic,bwa,0.5,bwa_27,0,FastestNode,0.000326102547792,3066.520046443234,0
wfcommons,deterministic,bwa,0.5,bwa_27,0,MaxTP,0.0006230504912974,1331.8881292791857,0
wfcommons,deterministic,bwa,0.5,bwa_26,0,HEFT_static,0.0007567534877164,1241.6905846983516,0
wfcommons,deterministic,bwa,0.5,bwa_26,0,CPoP_static,0.0007567534877164,1241.6905846983516,0
wfcommons,deterministic,bwa,0.5,bwa_26,0,HEFT-Tp_static,0.0011083763204004,1364.246199806498,0
wfcommons,deterministic,bwa,0.5,bwa_26,0,CPoP-Tp_static,0.0011083763204004,1364.246199806498,0
wfcommons,deterministic,bwa,0.5,bwa_26,0,FastestNode,0.0002955691127379,3383.303453927748,0
wfcommons,deterministic,bwa,0.5,bwa_26,0,MaxTP,0.0011083763204004,1364.246199806498,0
wfcommons,deterministic,bwa,0.5,bwa_29,0,HEFT_static,0.0006731699865282,1066.9680527409064,0
wfcommons,deterministic,bwa,0.5,bwa_29,0,CPoP_static,0.0006731699865282,1066.9680527409064,0
wfcommons,deterministic,bwa,0.5,bwa_29,0,HEFT-Tp_static,0.0008913699132053,1161.6793483696208,0
wfcommons,deterministic,bwa,0.5,bwa_29,0,CPoP-Tp_static,0.0008913699132053,1161.6793483696208,0
wfcommons,deterministic,bwa,0.5,bwa_29,0,FastestNode,0.0004472901621081,2235.68520999385,0
wfcommons,deterministic,bwa,0.5,bwa_29,0,MaxTP,0.0008913699132053,1161.6793483696208,0
wfcommons,deterministic,bwa,0.5,bwa_28,0,HEFT_static,0.0007934534932587,906.4852726827944,0
wfcommons,deterministic,bwa,0.5,bwa_28,0,CPoP_static,0.0007934534932587,906.4852726827944,0
wfcommons,deterministic,bwa,0.5,bwa_28,0,HEFT-Tp_static,0.0012954342747111,959.772842664258,0
wfcommons,deterministic,bwa,0.5,bwa_28,0,CPoP-Tp_static,0.0012954342747111,959.772842664258,0
wfcommons,deterministic,bwa,0.5,bwa_28,0,FastestNode,0.0003967266401026,2520.627300808565,0
wfcommons,deterministic,bwa,0.5,bwa_28,0,MaxTP,0.0012954342747111,959.772842664258,0
wfcommons,deterministic,bwa,0.5,bwa_25,0,HEFT_static,0.0005338566280902,1884.1960663693865,0
wfcommons,deterministic,bwa,0.5,bwa_25,0,CPoP_static,0.0005338566280902,1884.1960663693865,0
wfcommons,deterministic,bwa,0.5,bwa_25,0,HEFT-Tp_static,0.0010823264852299,2580.5742683512667,0
wfcommons,deterministic,bwa,0.5,bwa_25,0,CPoP-Tp_static,0.0010823264852299,2580.5742683512667,0
wfcommons,deterministic,bwa,0.5,bwa_25,0,FastestNode,0.0002392777657268,4179.243303124082,0
wfcommons,deterministic,bwa,0.5,bwa_25,0,MaxTP,0.0010823264852299,2580.5742683512667,0
wfcommons,deterministic,bwa,1.0,bwa_3,0,HEFT_static,0.0003470784639979,1645.4988435467744,0
wfcommons,deterministic,bwa,1.0,bwa_3,0,CPoP_static,0.0003470784639979,1645.4988435467744,0
wfcommons,deterministic,bwa,1.0,bwa_3,0,HEFT-Tp_static,0.0004945868112057,2302.673763887036,0
wfcommons,deterministic,bwa,1.0,bwa_3,0,CPoP-Tp_static,0.0004945868112057,2302.673763887036,0
wfcommons,deterministic,bwa,1.0,bwa_3,0,FastestNode,0.0004032859113662,2479.630385829816,0
wfcommons,deterministic,bwa,1.0,bwa_3,0,MaxTP,0.0004945868112057,2302.673763887036,0
wfcommons,deterministic,bwa,1.0,bwa_0,0,HEFT_static,0.0001175806418008,2356.942284027643,0
wfcommons,deterministic,bwa,1.0,bwa_0,0,CPoP_static,0.0001175806418008,2356.942284027643,0
wfcommons,deterministic,bwa,1.0,bwa_0,0,HEFT-Tp_static,0.000165248469558,3462.418139897708,0
wfcommons,deterministic,bwa,1.0,bwa_0,0,CPoP-Tp_static,0.000165248469558,3462.418139897708,0
wfcommons,deterministic,bwa,1.0,bwa_0,0,FastestNode,0.00027313418929,3661.204049921169,0
wfcommons,deterministic,bwa,1.0,bwa_0,0,MaxTP,0.000165248469558,3462.418139897708,0
wfcommons,deterministic,bwa,1.0,bwa_5,0,HEFT_static,0.0001527858326982,2259.748271948699,0
wfcommons,deterministic,bwa,1.0,bwa_5,0,CPoP_static,0.0001527858326982,2259.748271948699,0
wfcommons,deterministic,bwa,1.0,bwa_5,0,HEFT-Tp_static,0.0002648287766771,3159.036838935466,0
wfcommons,deterministic,bwa,1.0,bwa_5,0,CPoP-Tp_static,0.0002648287766771,3159.036838935466,0
wfcommons,deterministic,bwa,1.0,bwa_5,0,FastestNode,0.000302408741997,3306.782712023268,0
wfcommons,deterministic,bwa,1.0,bwa_5,0,MaxTP,0.0002648287766771,3159.036838935466,0
wfcommons,deterministic,bwa,1.0,bwa_1,0,HEFT_static,0.0002220431376548,2191.414033137603,0
wfcommons,deterministic,bwa,1.0,bwa_1,0,CPoP_static,0.0002220431376548,2191.414033137603,0
wfcommons,deterministic,bwa,1.0,bwa_1,0,HEFT-Tp_static,0.0002794250721062,2657.199142037353,0
wfcommons,deterministic,bwa,1.0,bwa_1,0,CPoP-Tp_static,0.0002794250721062,2657.199142037353,0
wfcommons,deterministic,bwa,1.0,bwa_1,0,FastestNode,0.000219237641299,4561.260530240382,0
wfcommons,deterministic,bwa,1.0,bwa_1,0,MaxTP,0.0002794250721062,2657.199142037353,0
wfcommons,deterministic,bwa,1.0,bwa_2,0,HEFT_static,0.0001714006205858,2519.545756325552,0
wfcommons,deterministic,bwa,1.0,bwa_2,0,CPoP_static,0.0001714006205858,2519.545756325552,0
wfcommons,deterministic,bwa,1.0,bwa_2,0,HEFT-Tp_static,0.0001616680932344,3047.495928088299,0
wfcommons,deterministic,bwa,1.0,bwa_2,0,CPoP-Tp_static,0.0001616680932344,3047.495928088299,0
wfcommons,deterministic,bwa,1.0,bwa_2,0,FastestNode,0.0001846528670752,5415.567144121003,0
wfcommons,deterministic,bwa,1.0,bwa_2,0,MaxTP,0.0001616680932344,3047.495928088299,0
wfcommons,deterministic,bwa,1.0,bwa_7,0,HEFT_static,0.0002158844780431,1543.3370974725551,0
wfcommons,deterministic,bwa,1.0,bwa_7,0,CPoP_static,0.0002158844780431,1543.3370974725551,0
wfcommons,deterministic,bwa,1.0,bwa_7,0,HEFT-Tp_static,0.0003406177320241,2074.752198331083,0
wfcommons,deterministic,bwa,1.0,bwa_7,0,CPoP-Tp_static,0.0003406177320241,2074.752198331083,0
wfcommons,deterministic,bwa,1.0,bwa_7,0,FastestNode,0.0004187108829512,2388.282800180393,0
wfcommons,deterministic,bwa,1.0,bwa_7,0,MaxTP,0.0003406177320241,2074.752198331083,0
wfcommons,deterministic,bwa,1.0,bwa_6,0,HEFT_static,9.031647753912438e-05,3376.372376106697,0
wfcommons,deterministic,bwa,1.0,bwa_6,0,CPoP_static,9.031647753912438e-05,3376.372376106697,0
wfcommons,deterministic,bwa,1.0,bwa_6,0,HEFT-Tp_static,0.0001381985465838,4973.14137327307,0
wfcommons,deterministic,bwa,1.0,bwa_6,0,CPoP-Tp_static,0.0001381985465838,4973.14137327307,0
wfcommons,deterministic,bwa,1.0,bwa_6,0,FastestNode,0.0002008195895983,4979.593883248626,0
wfcommons,deterministic,bwa,1.0,bwa_6,0,MaxTP,0.0001381985465838,4973.14137327307,0
wfcommons,deterministic,bwa,1.0,bwa_4,0,HEFT_static,0.0003892240272216,1380.5803062908794,0
wfcommons,deterministic,bwa,1.0,bwa_4,0,CPoP_static,0.0003892240272216,1380.5803062908794,0
wfcommons,deterministic,bwa,1.0,bwa_4,0,HEFT-Tp_static,0.0005793101800553,1699.8736598788612,0
wfcommons,deterministic,bwa,1.0,bwa_4,0,CPoP-Tp_static,0.0005793101800553,1699.8736598788612,0
wfcommons,deterministic,bwa,1.0,bwa_4,0,FastestNode,0.000319944038758,3125.546592092892,0
wfcommons,deterministic,bwa,1.0,bwa_4,0,MaxTP,0.0005793101800553,1699.8736598788612,0
wfcommons,deterministic,bwa,1.0,bwa_8,0,HEFT_static,0.000254867361039,1271.045878171382,0
wfcommons,deterministic,bwa,1.0,bwa_8,0,CPoP_static,0.000254867361039,1271.045878171382,0
wfcommons,deterministic,bwa,1.0,bwa_8,0,HEFT-Tp_static,0.000496320650449,1708.3809654367096,0
wfcommons,deterministic,bwa,1.0,bwa_8,0,CPoP-Tp_static,0.000496320650449,1708.3809654367096,0
wfcommons,deterministic,bwa,1.0,bwa_8,0,FastestNode,0.000468752748148,2133.3208262815974,0
wfcommons,deterministic,bwa,1.0,bwa_8,0,MaxTP,0.000496320650449,1708.3809654367096,0
wfcommons,deterministic,bwa,1.0,bwa_9,0,HEFT_static,0.0002973557767938,1966.424532813897,0
wfcommons,deterministic,bwa,1.0,bwa_9,0,CPoP_static,0.0002973557767938,1966.424532813897,0
wfcommons,deterministic,bwa,1.0,bwa_9,0,HEFT-Tp_static,0.0005148249269952,2770.322725681401,0
wfcommons,deterministic,bwa,1.0,bwa_9,0,CPoP-Tp_static,0.0005148249269952,2770.322725681401,0
wfcommons,deterministic,bwa,1.0,bwa_9,0,FastestNode,0.0003174897209546,3149.708270849425,0
wfcommons,deterministic,bwa,1.0,bwa_9,0,MaxTP,0.0005148249269952,2770.322725681401,0
wfcommons,deterministic,bwa,1.0,bwa_11,0,HEFT_static,0.0002396849971425,1404.1326770100002,0
wfcommons,deterministic,bwa,1.0,bwa_11,0,CPoP_static,0.0002396849971425,1404.1326770100002,0
wfcommons,deterministic,bwa,1.0,bwa_11,0,HEFT-Tp_static,0.0003776042971748,2037.194477176528,0
wfcommons,deterministic,bwa,1.0,bwa_11,0,CPoP-Tp_static,0.0003776042971748,2037.194477176528,0
wfcommons,deterministic,bwa,1.0,bwa_11,0,FastestNode,0.0005398345096404,1852.419551071365,0
wfcommons,deterministic,bwa,1.0,bwa_11,0,MaxTP,0.0003776042971748,2037.194477176528,0
wfcommons,deterministic,bwa,1.0,bwa_10,0,HEFT_static,0.0004342863869758,737.1805772351564,0
wfcommons,deterministic,bwa,1.0,bwa_10,0,CPoP_static,0.0004342863869758,737.1805772351564,0
wfcommons,deterministic,bwa,1.0,bwa_10,0,HEFT-Tp_static,0.0007096875104344,890.7866291223429,0
wfcommons,deterministic,bwa,1.0,bwa_10,0,CPoP-Tp_static,0.0007096875104344,890.7866291223429,0
wfcommons,deterministic,bwa,1.0,bwa_10,0,FastestNode,0.0005322392283921,1878.854369720224,0
wfcommons,deterministic,bwa,1.0,bwa_10,0,MaxTP,0.0007096875104344,890.7866291223429,0
wfcommons,deterministic,bwa,1.0,bwa_12,0,HEFT_static,0.0002661158506492,1547.852879700967,0
wfcommons,deterministic,bwa,1.0,bwa_12,0,CPoP_static,0.0002661158506492,1547.852879700967,0
wfcommons,deterministic,bwa,1.0,bwa_12,0,HEFT-Tp_static,0.0003548211342033,2013.6666685679315,0
wfcommons,deterministic,bwa,1.0,bwa_12,0,CPoP-Tp_static,0.0003548211342033,2013.6666685679315,0
wfcommons,deterministic,bwa,1.0,bwa_12,0,FastestNode,0.0004068162063005,2458.112495306835,0
wfcommons,deterministic,bwa,1.0,bwa_12,0,MaxTP,0.0003548211342033,2013.6666685679315,0
wfcommons,deterministic,bwa,1.0,bwa_14,0,HEFT_static,0.0003022210299507,928.7819098070704,0
wfcommons,deterministic,bwa,1.0,bwa_14,0,CPoP_static,0.0003022210299507,928.7819098070704,0
wfcommons,deterministic,bwa,1.0,bwa_14,0,HEFT-Tp_static,0.000482742316298,1096.8339030489933,0
wfcommons,deterministic,bwa,1.0,bwa_14,0,CPoP-Tp_static,0.000482742316298,1096.8339030489933,0
wfcommons,deterministic,bwa,1.0,bwa_14,0,FastestNode,0.0007131990568365,1402.1330937215062,0
wfcommons,deterministic,bwa,1.0,bwa_14,0,MaxTP,0.000482742316298,1096.8339030489933,0
wfcommons,deterministic,bwa,1.0,bwa_13,0,HEFT_static,0.0002480261333962,1872.7994393272916,0
wfcommons,deterministic,bwa,1.0,bwa_13,0,CPoP_static,0.0002480261333962,1872.7994393272916,0
wfcommons,deterministic,bwa,1.0,bwa_13,0,HEFT-Tp_static,0.0002287494909056,2357.392109631722,0
wfcommons,deterministic,bwa,1.0,bwa_13,0,CPoP-Tp_static,0.0002480261333976,2328.8257152869096,0
wfcommons,deterministic,bwa,1.0,bwa_13,0,FastestNode,0.0002538505641044,3939.3254985595127,0
wfcommons,deterministic,bwa,1.0,bwa_13,0,MaxTP,0.0002287494909056,2357.392109631722,0
wfcommons,deterministic,bwa,1.0,bwa_18,0,HEFT_static,0.0003425444935342,1127.5022368308669,0
wfcommons,deterministic,bwa,1.0,bwa_18,0,CPoP_static,0.0003425444935342,1127.5022368308669,0
wfcommons,deterministic,bwa,1.0,bwa_18,0,HEFT-Tp_static,0.0005970061173123,1419.3809486292205,0
wfcommons,deterministic,bwa,1.0,bwa_18,0,CPoP-Tp_static,0.0005970061173123,1419.3809486292205,0
wfcommons,deterministic,bwa,1.0,bwa_18,0,FastestNode,0.0004866411555954,2054.9022385446065,0
wfcommons,deterministic,bwa,1.0,bwa_18,0,MaxTP,0.0005970061173123,1419.3809486292205,0
wfcommons,deterministic,bwa,1.0,bwa_15,0,HEFT_static,0.0003494971641207,825.8544026345882,0
wfcommons,deterministic,bwa,1.0,bwa_15,0,CPoP_static,0.0003494971641207,825.8544026345882,0
wfcommons,deterministic,bwa,1.0,bwa_15,0,HEFT-Tp_static,0.0005412943883376,975.3524055128051,0
wfcommons,deterministic,bwa,1.0,bwa_15,0,CPoP-Tp_static,0.0005412943883376,975.3524055128051,0
wfcommons,deterministic,bwa,1.0,bwa_15,0,FastestNode,0.0003763409662637,2657.1648840905145,0
wfcommons,deterministic,bwa,1.0,bwa_15,0,MaxTP,0.0005412943883376,975.3524055128051,0
wfcommons,deterministic,bwa,1.0,bwa_16,0,HEFT_static,0.0002415556537739,1395.6699264220008,0
wfcommons,deterministic,bwa,1.0,bwa_16,0,CPoP_static,0.0002415556537739,1395.6699264220008,0
wfcommons,deterministic,bwa,1.0,bwa_16,0,HEFT-Tp_static,0.0003938741870485,1769.4881840696785,0
wfcommons,deterministic,bwa,1.0,bwa_16,0,CPoP-Tp_static,0.0003913813124469,1656.2830943368317,0
wfcommons,deterministic,bwa,1.0,bwa_16,0,FastestNode,0.0002910755869631,3435.53374033776,0
wfcommons,deterministic,bwa,1.0,bwa_16,0,MaxTP,0.0003938741870485,1769.4881840696785,0
wfcommons,deterministic,bwa,1.0,bwa_17,0,HEFT_static,8.846373468763016e-05,3183.857153280409,0
wfcommons,deterministic,bwa,1.0,bwa_17,0,CPoP_static,8.846373468763016e-05,3183.857153280409,0
wfcommons,deterministic,bwa,1.0,bwa_17,0,HEFT-Tp_static,0.0001287158710366,3915.083263742848,0
wfcommons,deterministic,bwa,1.0,bwa_17,0,CPoP-Tp_static,0.0001287158710366,3915.083263742848,0
wfcommons,deterministic,bwa,1.0,bwa_17,0,FastestNode,0.000177108853289,5646.245127950495,0
wfcommons,deterministic,bwa,1.0,bwa_17,0,MaxTP,0.0001287158710366,3915.083263742848,0
wfcommons,deterministic,bwa,1.0,bwa_19,0,HEFT_static,0.0001111482643823,2937.4461934812734,0
wfcommons,deterministic,bwa,1.0,bwa_19,0,CPoP_static,0.0001111482643823,2937.4461934812734,0
wfcommons,deterministic,bwa,1.0,bwa_19,0,HEFT-Tp_static,0.0001553500838088,3148.3962290886793,0
wfcommons,deterministic,bwa,1.0,bwa_19,0,CPoP-Tp_static,0.0001553500838088,3148.3962290886793,0
wfcommons,deterministic,bwa,1.0,bwa_19,0,FastestNode,0.0002644894340036,3780.86937108724,0
wfcommons,deterministic,bwa,1.0,bwa_19,0,MaxTP,0.0001553500838088,3148.3962290886793,0
wfcommons,deterministic,bwa,1.0,bwa_21,0,HEFT_static,0.0002229881292524,1540.0346967905664,0
wfcommons,deterministic,bwa,1.0,bwa_21,0,CPoP_static,0.0002229881292524,1540.0346967905664,0
wfcommons,deterministic,bwa,1.0,bwa_21,0,HEFT-Tp_static,0.0003563090742557,2099.298045161739,0
wfcommons,deterministic,bwa,1.0,bwa_21,0,CPoP-Tp_static,0.0003563090742557,2099.298045161739,0
wfcommons,deterministic,bwa,1.0,bwa_21,0,FastestNode,0.000457148986226,2187.470671774649,0
wfcommons,deterministic,bwa,1.0,bwa_21,0,MaxTP,0.0003563090742557,2099.298045161739,0
wfcommons,deterministic,bwa,1.0,bwa_23,0,HEFT_static,0.0002446036018992,1457.1303211365905,0
wfcommons,deterministic,bwa,1.0,bwa_23,0,CPoP_static,0.0002446036018992,1457.1303211365905,0
wfcommons,deterministic,bwa,1.0,bwa_23,0,HEFT-Tp_static,0.0004014007826043,1890.924621770078,0
wfcommons,deterministic,bwa,1.0,bwa_23,0,CPoP-Tp_static,0.0002446036018992,1878.5874303735368,0
wfcommons,deterministic,bwa,1.0,bwa_23,0,FastestNode,0.0004866406268749,2054.9044711343035,0
wfcommons,deterministic,bwa,1.0,bwa_23,0,MaxTP,0.0004014007826043,1890.924621770078,0
wfcommons,deterministic,bwa,1.0,bwa_20,0,HEFT_static,0.0002956829647642,937.2308946887836,0
wfcommons,deterministic,bwa,1.0,bwa_20,0,CPoP_static,0.0002956829647642,937.2308946887836,0
wfcommons,deterministic,bwa,1.0,bwa_20,0,HEFT-Tp_static,0.0005536191680755,1116.3443072545665,0
wfcommons,deterministic,bwa,1.0,bwa_20,0,CPoP-Tp_static,0.0005536191680755,1116.3443072545665,0
wfcommons,deterministic,bwa,1.0,bwa_20,0,FastestNode,0.0003402587198577,2938.940111273802,0
wfcommons,deterministic,bwa,1.0,bwa_20,0,MaxTP,0.0005536191680755,1116.3443072545665,0
wfcommons,deterministic,bwa,1.0,bwa_24,0,HEFT_static,0.0001116496731271,2520.327477069939,0
wfcommons,deterministic,bwa,1.0,bwa_24,0,CPoP_static,0.0001116496731271,2520.327477069939,0
wfcommons,deterministic,bwa,1.0,bwa_24,0,HEFT-Tp_static,0.000184828297836,3174.385634618883,0
wfcommons,deterministic,bwa,1.0,bwa_24,0,CPoP-Tp_static,0.000184828297836,3174.385634618883,0
wfcommons,deterministic,bwa,1.0,bwa_24,0,FastestNode,0.0002586535409924,3866.1755650567266,0
wfcommons,deterministic,bwa,1.0,bwa_24,0,MaxTP,0.000184828297836,3174.385634618883,0
wfcommons,deterministic,bwa,1.0,bwa_22,0,HEFT_static,0.0001457592025277,1997.2622122065984,0
wfcommons,deterministic,bwa,1.0,bwa_22,0,CPoP_static,0.0001457592025277,1997.2622122065984,0
wfcommons,deterministic,bwa,1.0,bwa_22,0,HEFT-Tp_static,0.0001838048248833,2587.186438855762,0
wfcommons,deterministic,bwa,1.0,bwa_22,0,CPoP-Tp_static,0.0002023224751514,2554.4873083409707,0
wfcommons,deterministic,bwa,1.0,bwa_22,0,FastestNode,0.0002110424637528,4738.382893271673,0
wfcommons,deterministic,bwa,1.0,bwa_22,0,MaxTP,0.0001838048248833,2587.186438855762,0
wfcommons,deterministic,bwa,1.0,bwa_27,0,HEFT_static,0.0002944293480198,1270.6860294361456,0
wfcommons,deterministic,bwa,1.0,bwa_27,0,CPoP_static,0.0002944293480198,1270.6860294361456,0
wfcommons,deterministic,bwa,1.0,bwa_27,0,HEFT-Tp_static,0.0002775081211238,1713.749958644567,0
wfcommons,deterministic,bwa,1.0,bwa_27,0,CPoP-Tp_static,0.0002775081211238,1713.749958644567,0
wfcommons,deterministic,bwa,1.0,bwa_27,0,FastestNode,0.000326102547792,3066.520046443234,0
wfcommons,deterministic,bwa,1.0,bwa_27,0,MaxTP,0.0002775081211238,1713.749958644567,0
wfcommons,deterministic,bwa,1.0,bwa_29,0,HEFT_static,0.0003365849932641,1080.092824093095,0
wfcommons,deterministic,bwa,1.0,bwa_29,0,CPoP_static,0.0003365849932641,1080.092824093095,0
wfcommons,deterministic,bwa,1.0,bwa_29,0,HEFT-Tp_static,0.0004142584532524,1315.987558883869,0
wfcommons,deterministic,bwa,1.0,bwa_29,0,CPoP-Tp_static,0.0004142584532524,1315.987558883869,0
wfcommons,deterministic,bwa,1.0,bwa_29,0,FastestNode,0.0004472901621081,2235.68520999385,0
wfcommons,deterministic,bwa,1.0,bwa_29,0,MaxTP,0.0004142584532524,1315.987558883869,0
wfcommons,deterministic,bwa,1.0,bwa_26,0,HEFT_static,0.0003783767438582,1257.867515951247,0
wfcommons,deterministic,bwa,1.0,bwa_26,0,CPoP_static,0.0003783767438582,1257.867515951247,0
wfcommons,deterministic,bwa,1.0,bwa_26,0,HEFT-Tp_static,0.0005175908288662,1412.9931504589838,0
wfcommons,deterministic,bwa,1.0,bwa_26,0,CPoP-Tp_static,0.0005175908288662,1412.9931504589838,0
wfcommons,deterministic,bwa,1.0,bwa_26,0,FastestNode,0.0002955691127379,3383.303453927748,0
wfcommons,deterministic,bwa,1.0,bwa_26,0,MaxTP,0.0005175908288662,1412.9931504589838,0
wfcommons,deterministic,bwa,1.0,bwa_28,0,HEFT_static,0.0003967267466293,920.8060479221894,0
wfcommons,deterministic,bwa,1.0,bwa_28,0,CPoP_static,0.0003967267466293,920.8060479221894,0
wfcommons,deterministic,bwa,1.0,bwa_28,0,HEFT-Tp_static,0.0007934534932686,1117.949781743647,0
wfcommons,deterministic,bwa,1.0,bwa_28,0,CPoP-Tp_static,0.0007741009690425,1051.3549655556503,0
wfcommons,deterministic,bwa,1.0,bwa_28,0,FastestNode,0.0003967266401026,2520.627300808565,0
wfcommons,deterministic,bwa,1.0,bwa_28,0,MaxTP,0.0007934534932686,1117.949781743647,0
wfcommons,deterministic,bwa,1.0,bwa_25,0,HEFT_static,0.0003670355336346,1902.2135988270404,0
wfcommons,deterministic,bwa,1.0,bwa_25,0,CPoP_static,0.0003670355336346,1902.2135988270404,0
wfcommons,deterministic,bwa,1.0,bwa_25,0,HEFT-Tp_static,0.0005465637837859,2358.16483999941,0
wfcommons,deterministic,bwa,1.0,bwa_25,0,CPoP-Tp_static,0.0005465637837859,2358.16483999941,0
wfcommons,deterministic,bwa,1.0,bwa_25,0,FastestNode,0.0002392777657268,4179.243303124082,0
wfcommons,deterministic,bwa,1.0,bwa_25,0,MaxTP,0.0005465637837859,2358.16483999941,0
wfcommons,deterministic,bwa,2.0,bwa_3,0,HEFT_static,0.0001735392319989,1688.4304564198856,0
wfcommons,deterministic,bwa,2.0,bwa_3,0,CPoP_static,0.0001735392319989,1688.4304564198856,0
wfcommons,deterministic,bwa,2.0,bwa_3,0,HEFT-Tp_static,0.0002867169920033,2037.8949235462087,0
wfcommons,deterministic,bwa,2.0,bwa_3,0,CPoP-Tp_static,0.0002867169920033,2037.8949235462087,0
wfcommons,deterministic,bwa,2.0,bwa_3,0,FastestNode,0.0004032859113662,2479.630385829816,0
wfcommons,deterministic,bwa,2.0,bwa_3,0,MaxTP,0.0002867169920033,2037.8949235462087,0
wfcommons,deterministic,bwa,2.0,bwa_0,0,HEFT_static,5.879032090040016e-05,2381.264880637905,0
wfcommons,deterministic,bwa,2.0,bwa_0,0,CPoP_static,5.879032090040016e-05,2381.264880637905,0
wfcommons,deterministic,bwa,2.0,bwa_0,0,HEFT-Tp_static,0.0001115728717818,4928.467776978482,0
wfcommons,deterministic,bwa,2.0,bwa_0,0,CPoP-Tp_static,0.0001115728717818,4928.467776978482,0
wfcommons,deterministic,bwa,2.0,bwa_0,0,FastestNode,0.00027313418929,3661.204049921169,0
wfcommons,deterministic,bwa,2.0,bwa_0,0,MaxTP,0.0001115728717818,4928.467776978482,0
wfcommons,deterministic,bwa,2.0,bwa_5,0,HEFT_static,7.639291634910957e-05,2292.6779911294293,0
wfcommons,deterministic,bwa,2.0,bwa_5,0,CPoP_static,7.639291634910957e-05,2292.6779911294293,0
wfcommons,deterministic,bwa,2.0,bwa_5,0,HEFT-Tp_static,0.0001527858326982,3462.940273585823,0
wfcommons,deterministic,bwa,2.0,bwa_5,0,CPoP-Tp_static,0.0001527858326982,3462.940273585823,0
wfcommons,deterministic,bwa,2.0,bwa_5,0,FastestNode,0.000302408741997,3306.782712023268,0
wfcommons,deterministic,bwa,2.0,bwa_5,0,MaxTP,0.0001527858326982,3462.940273585823,0
wfcommons,deterministic,bwa,2.0,bwa_1,0,HEFT_static,0.0001105281396326,2225.94662099639,0
wfcommons,deterministic,bwa,2.0,bwa_1,0,CPoP_static,0.0001105281396326,2225.94662099639,0
wfcommons,deterministic,bwa,2.0,bwa_1,0,HEFT-Tp_static,0.0001397125360523,2880.7640867658033,0
wfcommons,deterministic,bwa,2.0,bwa_1,0,CPoP-Tp_static,0.0001397125360523,2880.7640867658033,0
wfcommons,deterministic,bwa,2.0,bwa_1,0,FastestNode,0.000219237641299,4561.260530240382,0
wfcommons,deterministic,bwa,2.0,bwa_1,0,MaxTP,0.0001397125360523,2880.7640867658033,0
wfcommons,deterministic,bwa,2.0,bwa_2,0,HEFT_static,8.57003102929132e-05,2552.9643507772143,0
wfcommons,deterministic,bwa,2.0,bwa_2,0,CPoP_static,8.57003102929132e-05,2552.9643507772143,0
wfcommons,deterministic,bwa,2.0,bwa_2,0,HEFT-Tp_static,8.866571895386415e-05,3579.230305347732,0
wfcommons,deterministic,bwa,2.0,bwa_2,0,CPoP-Tp_static,8.866571895386415e-05,3579.230305347732,0
wfcommons,deterministic,bwa,2.0,bwa_2,0,FastestNode,0.0001846528670752,5415.567144121003,0
wfcommons,deterministic,bwa,2.0,bwa_2,0,MaxTP,8.866571895386415e-05,3579.230305347732,0
wfcommons,deterministic,bwa,2.0,bwa_7,0,HEFT_static,0.0001079422390215,1567.7735737409585,0
wfcommons,deterministic,bwa,2.0,bwa_7,0,CPoP_static,0.0001079422390215,1567.7735737409585,0
wfcommons,deterministic,bwa,2.0,bwa_7,0,HEFT-Tp_static,0.0002158844780431,2429.503581589267,0
wfcommons,deterministic,bwa,2.0,bwa_7,0,CPoP-Tp_static,0.0002158844780431,2429.503581589267,0
wfcommons,deterministic,bwa,2.0,bwa_7,0,FastestNode,0.0004187108829512,2388.282800180393,0
wfcommons,deterministic,bwa,2.0,bwa_7,0,MaxTP,0.0002158844780431,2429.503581589267,0
wfcommons,deterministic,bwa,2.0,bwa_6,0,HEFT_static,4.515823876956219e-05,3410.704228691253,0
wfcommons,deterministic,bwa,2.0,bwa_6,0,CPoP_static,4.515823876956219e-05,3410.704228691253,0
wfcommons,deterministic,bwa,2.0,bwa_6,0,HEFT-Tp_static,8.957313204497843e-05,6276.232063006656,0
wfcommons,deterministic,bwa,2.0,bwa_6,0,CPoP-Tp_static,8.957313204497843e-05,6276.232063006656,0
wfcommons,deterministic,bwa,2.0,bwa_6,0,FastestNode,0.0002008195895983,4979.593883248626,0
wfcommons,deterministic,bwa,2.0,bwa_6,0,MaxTP,8.957313204497843e-05,6276.232063006656,0
wfcommons,deterministic,bwa,2.0,bwa_8,0,HEFT_static,0.0001779262709145,1300.887558117042,0
wfcommons,deterministic,bwa,2.0,bwa_8,0,CPoP_static,0.0001779262709145,1300.887558117042,0
wfcommons,deterministic,bwa,2.0,bwa_8,0,HEFT-Tp_static,0.0002481603252245,1922.926675044596,0
wfcommons,deterministic,bwa,2.0,bwa_8,0,CPoP-Tp_static,0.0002481603252245,1922.926675044596,0
wfcommons,deterministic,bwa,2.0,bwa_8,0,FastestNode,0.000468752748148,2133.3208262815974,0
wfcommons,deterministic,bwa,2.0,bwa_8,0,MaxTP,0.0002481603252245,1922.926675044596,0
wfcommons,deterministic,bwa,2.0,bwa_4,0,HEFT_static,0.0001353822703375,1416.3835813842036,0
wfcommons,deterministic,bwa,2.0,bwa_4,0,CPoP_static,0.0001353822703375,1416.3835813842036,0
wfcommons,deterministic,bwa,2.0,bwa_4,0,HEFT-Tp_static,0.0002896550900276,1851.999508759287,0
wfcommons,deterministic,bwa,2.0,bwa_4,0,CPoP-Tp_static,0.0002896550900276,1851.999508759287,0
wfcommons,deterministic,bwa,2.0,bwa_4,0,FastestNode,0.000319944038758,3125.546592092892,0
wfcommons,deterministic,bwa,2.0,bwa_4,0,MaxTP,0.0002896550900276,1851.999508759287,0
wfcommons,deterministic,bwa,2.0,bwa_9,0,HEFT_static,0.0002005422680714,2018.014032046124,0
wfcommons,deterministic,bwa,2.0,bwa_9,0,CPoP_static,0.0002005422680714,2018.014032046124,0
wfcommons,deterministic,bwa,2.0,bwa_9,0,HEFT-Tp_static,0.0002694786727198,2439.479873895219,0
wfcommons,deterministic,bwa,2.0,bwa_9,0,CPoP-Tp_static,0.0002694786727198,2439.479873895219,0
wfcommons,deterministic,bwa,2.0,bwa_9,0,FastestNode,0.0003174897209546,3149.708270849425,0
wfcommons,deterministic,bwa,2.0,bwa_9,0,MaxTP,0.0002694786727198,2439.479873895219,0
wfcommons,deterministic,bwa,2.0,bwa_11,0,HEFT_static,0.0001198424985712,1423.336106609444,0
wfcommons,deterministic,bwa,2.0,bwa_11,0,CPoP_static,0.0001198424985712,1423.336106609444,0
wfcommons,deterministic,bwa,2.0,bwa_11,0,HEFT-Tp_static,0.0002396849971425,2448.504117831791,0
wfcommons,deterministic,bwa,2.0,bwa_11,0,CPoP-Tp_static,0.0002396849971425,2448.504117831791,0
wfcommons,deterministic,bwa,2.0,bwa_11,0,FastestNode,0.0005398345096404,1852.419551071365,0
wfcommons,deterministic,bwa,2.0,bwa_11,0,MaxTP,0.0002396849971425,2448.504117831791,0
wfcommons,deterministic,bwa,2.0,bwa_10,0,HEFT_static,0.0002171431934879,766.9611707220349,0
wfcommons,deterministic,bwa,2.0,bwa_10,0,CPoP_static,0.0002171431934879,766.9611707220349,0
wfcommons,deterministic,bwa,2.0,bwa_10,0,HEFT-Tp_static,0.0003548437552172,1038.8735055927525,0
wfcommons,deterministic,bwa,2.0,bwa_10,0,CPoP-Tp_static,0.0003548437552172,1038.8735055927525,0
wfcommons,deterministic,bwa,2.0,bwa_10,0,FastestNode,0.0005322392283921,1878.854369720224,0
wfcommons,deterministic,bwa,2.0,bwa_10,0,MaxTP,0.0003548437552172,1038.8735055927525,0
wfcommons,deterministic,bwa,2.0,bwa_12,0,HEFT_static,0.0001330579253246,1585.7132057407202,0
wfcommons,deterministic,bwa,2.0,bwa_12,0,CPoP_static,0.0001330579253246,1585.7132057407202,0
wfcommons,deterministic,bwa,2.0,bwa_12,0,HEFT-Tp_static,0.0001900827504644,2059.9191735279396,0
wfcommons,deterministic,bwa,2.0,bwa_12,0,CPoP-Tp_static,0.0001900827504644,2059.9191735279396,0
wfcommons,deterministic,bwa,2.0,bwa_12,0,FastestNode,0.0004068162063005,2458.112495306835,0
wfcommons,deterministic,bwa,2.0,bwa_12,0,MaxTP,0.0001900827504644,2059.9191735279396,0
wfcommons,deterministic,bwa,2.0,bwa_14,0,HEFT_static,0.0001511105149753,948.4914442587468,0
wfcommons,deterministic,bwa,2.0,bwa_14,0,CPoP_static,0.0001511105149753,948.4914442587468,0
wfcommons,deterministic,bwa,2.0,bwa_14,0,HEFT-Tp_static,0.0002877144205132,1325.4288186610354,0
wfcommons,deterministic,bwa,2.0,bwa_14,0,CPoP-Tp_static,0.0002877144205132,1325.4288186610354,0
wfcommons,deterministic,bwa,2.0,bwa_14,0,FastestNode,0.0007131990568365,1402.1330937215062,0
wfcommons,deterministic,bwa,2.0,bwa_14,0,MaxTP,0.0002877144205132,1325.4288186610354,0
wfcommons,deterministic,bwa,2.0,bwa_13,0,HEFT_static,0.0001240130666981,1910.8002611650345,0
wfcommons,deterministic,bwa,2.0,bwa_13,0,CPoP_static,0.0001240130666981,1910.8002611650345,0
wfcommons,deterministic,bwa,2.0,bwa_13,0,HEFT-Tp_static,0.0001219576015049,2573.1148733888613,0
wfcommons,deterministic,bwa,2.0,bwa_13,0,CPoP-Tp_static,0.0001240130666988,2567.199227356381,0
wfcommons,deterministic,bwa,2.0,bwa_13,0,FastestNode,0.0002538505641044,3939.3254985595127,0
wfcommons,deterministic,bwa,2.0,bwa_13,0,MaxTP,0.0001219576015049,2573.1148733888613,0
wfcommons,deterministic,bwa,2.0,bwa_18,0,HEFT_static,0.0001712722467671,1168.810946923554,0
wfcommons,deterministic,bwa,2.0,bwa_18,0,CPoP_static,0.0001712722467671,1168.810946923554,0
wfcommons,deterministic,bwa,2.0,bwa_18,0,HEFT-Tp_static,0.0002985030586561,1548.1233455968102,0
wfcommons,deterministic,bwa,2.0,bwa_18,0,CPoP-Tp_static,0.0002985030586561,1548.1233455968102,0
wfcommons,deterministic,bwa,2.0,bwa_18,0,FastestNode,0.0004866411555954,2054.9022385446065,0
wfcommons,deterministic,bwa,2.0,bwa_18,0,MaxTP,0.0002985030586561,1548.1233455968102,0
wfcommons,deterministic,bwa,2.0,bwa_16,0,HEFT_static,0.0001635932470007,1423.6434531145385,0
wfcommons,deterministic,bwa,2.0,bwa_16,0,CPoP_static,0.0001635932470007,1423.6434531145385,0
wfcommons,deterministic,bwa,2.0,bwa_16,0,HEFT-Tp_static,0.0001969370935242,1945.1258640918936,0
wfcommons,deterministic,bwa,2.0,bwa_16,0,CPoP-Tp_static,0.0001956906562234,1848.0919959182747,0
wfcommons,deterministic,bwa,2.0,bwa_16,0,FastestNode,0.0002910755869631,3435.53374033776,0
wfcommons,deterministic,bwa,2.0,bwa_16,0,MaxTP,0.0001969370935242,1945.1258640918936,0
wfcommons,deterministic,bwa,2.0,bwa_15,0,HEFT_static,0.0001747485820603,843.7263122744474,0
wfcommons,deterministic,bwa,2.0,bwa_15,0,CPoP_static,0.0001747485820603,843.7263122744474,0
wfcommons,deterministic,bwa,2.0,bwa_15,0,HEFT-Tp_static,0.0002706471941688,1112.080722728771,0
wfcommons,deterministic,bwa,2.0,bwa_15,0,CPoP-Tp_static,0.0002706471941688,1112.080722728771,0
wfcommons,deterministic,bwa,2.0,bwa_15,0,FastestNode,0.0003763409662637,2657.1648840905145,0
wfcommons,deterministic,bwa,2.0,bwa_15,0,MaxTP,0.0002706471941688,1112.080722728771,0
wfcommons,deterministic,bwa,2.0,bwa_17,0,HEFT_static,4.423186734381508e-05,3214.0729510128035,0
wfcommons,deterministic,bwa,2.0,bwa_17,0,CPoP_static,4.423186734381508e-05,3214.0729510128035,0
wfcommons,deterministic,bwa,2.0,bwa_17,0,HEFT-Tp_static,8.154800298568855e-05,5172.572098089776,0
wfcommons,deterministic,bwa,2.0,bwa_17,0,CPoP-Tp_static,8.154800298568855e-05,5172.572098089776,0
wfcommons,deterministic,bwa,2.0,bwa_17,0,FastestNode,0.000177108853289,5646.245127950495,0
wfcommons,deterministic,bwa,2.0,bwa_17,0,MaxTP,8.154800298568855e-05,5172.572098089776,0
wfcommons,deterministic,bwa,2.0,bwa_19,0,HEFT_static,5.557413219118763e-05,2974.166023823385,0
wfcommons,deterministic,bwa,2.0,bwa_19,0,CPoP_static,5.557413219118763e-05,2974.166023823385,0
wfcommons,deterministic,bwa,2.0,bwa_19,0,HEFT-Tp_static,9.021451055260518e-05,3173.4824344329013,0
wfcommons,deterministic,bwa,2.0,bwa_19,0,CPoP-Tp_static,9.021451055260518e-05,3173.4824344329013,0
wfcommons,deterministic,bwa,2.0,bwa_19,0,FastestNode,0.0002644894340036,3780.86937108724,0
wfcommons,deterministic,bwa,2.0,bwa_19,0,MaxTP,9.021451055260518e-05,3173.4824344329013,0
wfcommons,deterministic,bwa,2.0,bwa_23,0,HEFT_static,0.0001223018009496,1478.4348675774345,0
wfcommons,deterministic,bwa,2.0,bwa_23,0,CPoP_static,0.0001223018009496,1478.4348675774345,0
wfcommons,deterministic,bwa,2.0,bwa_23,0,HEFT-Tp_static,0.0002446036018992,2198.9768307534737,0
wfcommons,deterministic,bwa,2.0,bwa_23,0,CPoP-Tp_static,0.0001223018009496,2202.6093551483023,0
wfcommons,deterministic,bwa,2.0,bwa_23,0,FastestNode,0.0004866406268749,2054.9044711343035,0
wfcommons,deterministic,bwa,2.0,bwa_23,0,MaxTP,0.0002446036018992,2198.9768307534737,0
wfcommons,deterministic,bwa,2.0,bwa_21,0,HEFT_static,0.0001114940646262,1562.080491028616,0
wfcommons,deterministic,bwa,2.0,bwa_21,0,CPoP_static,0.0001114940646262,1562.080491028616,0
wfcommons,deterministic,bwa,2.0,bwa_21,0,HEFT-Tp_static,0.0002229881292524,2397.209729986783,0
wfcommons,deterministic,bwa,2.0,bwa_21,0,CPoP-Tp_static,0.0002229881292524,2397.209729986783,0
wfcommons,deterministic,bwa,2.0,bwa_21,0,FastestNode,0.000457148986226,2187.470671774649,0
wfcommons,deterministic,bwa,2.0,bwa_21,0,MaxTP,0.0002229881292524,2397.209729986783,0
wfcommons,deterministic,bwa,2.0,bwa_20,0,HEFT_static,0.0001461803421306,971.7123006461508,0
wfcommons,deterministic,bwa,2.0,bwa_20,0,CPoP_static,0.0001461803421306,971.7123006461508,0
wfcommons,deterministic,bwa,2.0,bwa_20,0,HEFT-Tp_static,0.0002768095840377,1302.4307104915945,0
wfcommons,deterministic,bwa,2.0,bwa_20,0,CPoP-Tp_static,0.0002768095840377,1302.4307104915945,0
wfcommons,deterministic,bwa,2.0,bwa_20,0,FastestNode,0.0003402587198577,2938.940111273802,0
wfcommons,deterministic,bwa,2.0,bwa_20,0,MaxTP,0.0002768095840377,1302.4307104915945,0
wfcommons,deterministic,bwa,2.0,bwa_24,0,HEFT_static,5.582483656355839e-05,2548.471454177424,0
wfcommons,deterministic,bwa,2.0,bwa_24,0,CPoP_static,5.582483656355839e-05,2548.471454177424,0
wfcommons,deterministic,bwa,2.0,bwa_24,0,HEFT-Tp_static,0.0001086985804453,3755.216932165523,0
wfcommons,deterministic,bwa,2.0,bwa_24,0,CPoP-Tp_static,0.0001086985804453,3755.216932165523,0
wfcommons,deterministic,bwa,2.0,bwa_24,0,FastestNode,0.0002586535409924,3866.1755650567266,0
wfcommons,deterministic,bwa,2.0,bwa_24,0,MaxTP,0.0001086985804453,3755.216932165523,0
wfcommons,deterministic,bwa,2.0,bwa_22,0,HEFT_static,7.287960126385403e-05,2029.081304779808,0
wfcommons,deterministic,bwa,2.0,bwa_22,0,CPoP_static,7.287960126385403e-05,2029.081304779808,0
wfcommons,deterministic,bwa,2.0,bwa_22,0,HEFT-Tp_static,9.9673572317277e-05,3016.798643936695,0
wfcommons,deterministic,bwa,2.0,bwa_22,0,CPoP-Tp_static,0.0001011612375757,3002.5420679480726,0
wfcommons,deterministic,bwa,2.0,bwa_22,0,FastestNode,0.0002110424637528,4738.382893271673,0
wfcommons,deterministic,bwa,2.0,bwa_22,0,MaxTP,9.9673572317277e-05,3016.798643936695,0
wfcommons,deterministic,bwa,2.0,bwa_27,0,HEFT_static,0.0001472146740099,1304.9576350633613,0
wfcommons,deterministic,bwa,2.0,bwa_27,0,CPoP_static,0.0001472146740099,1304.9576350633613,0
wfcommons,deterministic,bwa,2.0,bwa_27,0,HEFT-Tp_static,0.000150895040861,2054.215037328342,0
wfcommons,deterministic,bwa,2.0,bwa_27,0,CPoP-Tp_static,0.000150895040861,2054.215037328342,0
wfcommons,deterministic,bwa,2.0,bwa_27,0,FastestNode,0.000326102547792,3066.520046443234,0
wfcommons,deterministic,bwa,2.0,bwa_27,0,MaxTP,0.000150895040861,2054.215037328342,0
wfcommons,deterministic,bwa,2.0,bwa_26,0,HEFT_static,0.0001905021800674,1290.318544862964,0
wfcommons,deterministic,bwa,2.0,bwa_26,0,CPoP_static,0.0001905021800674,1290.318544862964,0
wfcommons,deterministic,bwa,2.0,bwa_26,0,HEFT-Tp_static,0.0002587954144331,1676.7304522851905,0
wfcommons,deterministic,bwa,2.0,bwa_26,0,CPoP-Tp_static,0.0002587954144331,1676.7304522851905,0
wfcommons,deterministic,bwa,2.0,bwa_26,0,FastestNode,0.0002955691127379,3383.303453927748,0
wfcommons,deterministic,bwa,2.0,bwa_26,0,MaxTP,0.0002587954144331,1676.7304522851905,0
wfcommons,deterministic,bwa,2.0,bwa_29,0,HEFT_static,0.000168292496632,1106.6095460152785,0
wfcommons,deterministic,bwa,2.0,bwa_29,0,CPoP_static,0.000168292496632,1106.6095460152785,0
wfcommons,deterministic,bwa,2.0,bwa_29,0,HEFT-Tp_static,0.0002243899955117,1439.8860959510082,0
wfcommons,deterministic,bwa,2.0,bwa_29,0,CPoP-Tp_static,0.0002243899955117,1439.8860959510082,0
wfcommons,deterministic,bwa,2.0,bwa_29,0,FastestNode,0.0004472901621081,2235.68520999385,0
wfcommons,deterministic,bwa,2.0,bwa_29,0,MaxTP,0.0002243899955117,1439.8860959510082,0
wfcommons,deterministic,bwa,2.0,bwa_25,0,HEFT_static,0.000133733691776,1938.3885002167583,0
wfcommons,deterministic,bwa,2.0,bwa_25,0,CPoP_static,0.000133733691776,1938.3885002167583,0
wfcommons,deterministic,bwa,2.0,bwa_25,0,HEFT-Tp_static,0.0002857037960699,2304.4208574444397,0
wfcommons,deterministic,bwa,2.0,bwa_25,0,CPoP-Tp_static,0.0002857037960699,2304.4208574444397,0
wfcommons,deterministic,bwa,2.0,bwa_25,0,FastestNode,0.0002392777657268,4179.243303124082,0
wfcommons,deterministic,bwa,2.0,bwa_25,0,MaxTP,0.0002857037960699,2304.4208574444397,0
wfcommons,deterministic,bwa,2.0,bwa_28,0,HEFT_static,0.0002736046528488,948.3757950155622,0
wfcommons,deterministic,bwa,2.0,bwa_28,0,CPoP_static,0.0002736046528488,948.3757950155622,0
wfcommons,deterministic,bwa,2.0,bwa_28,0,HEFT-Tp_static,0.0003967267466343,1254.4664471846288,0
wfcommons,deterministic,bwa,2.0,bwa_28,0,CPoP-Tp_static,0.0003870504845212,1187.8716309965084,0
wfcommons,deterministic,bwa,2.0,bwa_28,0,FastestNode,0.0003967266401026,2520.627300808565,0
wfcommons,deterministic,bwa,2.0,bwa_28,0,MaxTP,0.0003967267466343,1254.4664471846288,0
wfcommons,deterministic,bwa,5.0,bwa_3,0,HEFT_static,9.309869387293172e-05,1821.5446528203695,0
wfcommons,deterministic,bwa,5.0,bwa_3,0,CPoP_static,9.309869387293172e-05,1821.5446528203695,0
wfcommons,deterministic,bwa,5.0,bwa_3,0,HEFT-Tp_static,0.0001146867968013,2080.9925206224866,0
wfcommons,deterministic,bwa,5.0,bwa_3,0,CPoP-Tp_static,0.0001146867968013,2080.9925206224866,0
wfcommons,deterministic,bwa,5.0,bwa_3,0,FastestNode,0.0004032859113662,2479.630385829816,0
wfcommons,deterministic,bwa,5.0,bwa_3,0,MaxTP,0.0001146867968013,2080.9925206224866,0
wfcommons,deterministic,bwa,5.0,bwa_0,0,HEFT_static,2.3516128360160367e-05,2448.2285147666435,0
wfcommons,deterministic,bwa,5.0,bwa_0,0,CPoP_static,2.3516128360160367e-05,2448.2285147666435,0
wfcommons,deterministic,bwa,5.0,bwa_0,0,HEFT-Tp_static,4.703225672032084e-05,5260.611266897092,0
wfcommons,deterministic,bwa,5.0,bwa_0,0,CPoP-Tp_static,4.703225672032084e-05,5260.611266897092,0
wfcommons,deterministic,bwa,5.0,bwa_0,0,FastestNode,0.00027313418929,3661.204049921169,0
wfcommons,deterministic,bwa,5.0,bwa_0,0,MaxTP,4.703225672032084e-05,5260.611266897092,0
wfcommons,deterministic,bwa,5.0,bwa_5,0,HEFT_static,3.055716653964387e-05,2386.3905771133027,0
wfcommons,deterministic,bwa,5.0,bwa_5,0,CPoP_static,3.055716653964387e-05,2386.3905771133027,0
wfcommons,deterministic,bwa,5.0,bwa_5,0,HEFT-Tp_static,6.111433307928724e-05,3525.8740184593753,0
wfcommons,deterministic,bwa,5.0,bwa_5,0,CPoP-Tp_static,6.111433307928724e-05,3525.8740184593753,0
wfcommons,deterministic,bwa,5.0,bwa_5,0,FastestNode,0.000302408741997,3306.782712023268,0
wfcommons,deterministic,bwa,5.0,bwa_5,0,MaxTP,6.111433307928724e-05,3525.8740184593753,0
wfcommons,deterministic,bwa,5.0,bwa_1,0,HEFT_static,3.229718365882318e-05,2327.3691836000394,0
wfcommons,deterministic,bwa,5.0,bwa_1,0,CPoP_static,3.229718365882318e-05,2327.3691836000394,0
wfcommons,deterministic,bwa,5.0,bwa_1,0,HEFT-Tp_static,5.588501442093369e-05,3148.349024967473,0
wfcommons,deterministic,bwa,5.0,bwa_1,0,CPoP-Tp_static,5.588501442093369e-05,3148.349024967473,0
wfcommons,deterministic,bwa,5.0,bwa_1,0,FastestNode,0.000219237641299,4561.260530240382,0
wfcommons,deterministic,bwa,5.0,bwa_1,0,MaxTP,5.588501442093369e-05,3148.349024967473,0
wfcommons,deterministic,bwa,5.0,bwa_2,0,HEFT_static,2.54969082363574e-05,2647.912340758321,0
wfcommons,deterministic,bwa,5.0,bwa_2,0,CPoP_static,2.54969082363574e-05,2647.912340758321,0
wfcommons,deterministic,bwa,5.0,bwa_2,0,HEFT-Tp_static,3.5589434413425806e-05,3712.066734817562,0
wfcommons,deterministic,bwa,5.0,bwa_2,0,CPoP-Tp_static,3.5589434413425806e-05,3712.066734817562,0
wfcommons,deterministic,bwa,5.0,bwa_2,0,FastestNode,0.0001846528670752,5415.567144121003,0
wfcommons,deterministic,bwa,5.0,bwa_2,0,MaxTP,3.5589434413425806e-05,3712.066734817562,0
wfcommons,deterministic,bwa,5.0,bwa_7,0,HEFT_static,4.3176895608628493e-05,1640.779627666361,0
wfcommons,deterministic,bwa,5.0,bwa_7,0,CPoP_static,4.3176895608628493e-05,1640.779627666361,0
wfcommons,deterministic,bwa,5.0,bwa_7,0,HEFT-Tp_static,8.635379121725668e-05,2478.4342892407212,0
wfcommons,deterministic,bwa,5.0,bwa_7,0,CPoP-Tp_static,8.635379121725668e-05,2478.4342892407212,0
wfcommons,deterministic,bwa,5.0,bwa_7,0,FastestNode,0.0004187108829512,2388.282800180393,0
wfcommons,deterministic,bwa,5.0,bwa_7,0,MaxTP,8.635379121725668e-05,2478.4342892407212,0
wfcommons,deterministic,bwa,5.0,bwa_6,0,HEFT_static,1.8063295507825105e-05,3508.597688457457,0
wfcommons,deterministic,bwa,5.0,bwa_6,0,CPoP_static,1.8063295507825105e-05,3508.597688457457,0
wfcommons,deterministic,bwa,5.0,bwa_6,0,HEFT-Tp_static,3.6126591015650177e-05,6388.459158028953,0
wfcommons,deterministic,bwa,5.0,bwa_6,0,CPoP-Tp_static,3.6126591015650177e-05,6388.459158028953,0
wfcommons,deterministic,bwa,5.0,bwa_6,0,FastestNode,0.0002008195895983,4979.593883248626,0
wfcommons,deterministic,bwa,5.0,bwa_6,0,MaxTP,3.6126591015650177e-05,6388.459158028953,0
wfcommons,deterministic,bwa,5.0,bwa_4,0,HEFT_static,7.664719305288372e-05,1522.4895733922915,0
wfcommons,deterministic,bwa,5.0,bwa_4,0,CPoP_static,7.664719305288372e-05,1522.4895733922915,0
wfcommons,deterministic,bwa,5.0,bwa_4,0,HEFT-Tp_static,0.000115862036011,1876.8809029807264,0
wfcommons,deterministic,bwa,5.0,bwa_4,0,CPoP-Tp_static,0.000115862036011,1876.8809029807264,0
wfcommons,deterministic,bwa,5.0,bwa_4,0,FastestNode,0.000319944038758,3125.546592092892,0
wfcommons,deterministic,bwa,5.0,bwa_4,0,MaxTP,0.000115862036011,1876.8809029807264,0
wfcommons,deterministic,bwa,5.0,bwa_8,0,HEFT_static,5.0071286859016354e-05,1386.970125862931,0
wfcommons,deterministic,bwa,5.0,bwa_8,0,CPoP_static,5.0071286859016354e-05,1386.970125862931,0
wfcommons,deterministic,bwa,5.0,bwa_8,0,HEFT-Tp_static,9.926413008980564e-05,2154.221090331503,0
wfcommons,deterministic,bwa,5.0,bwa_8,0,CPoP-Tp_static,9.926413008980564e-05,2154.221090331503,0
wfcommons,deterministic,bwa,5.0,bwa_8,0,FastestNode,0.000468752748148,2133.3208262815974,0
wfcommons,deterministic,bwa,5.0,bwa_8,0,MaxTP,9.926413008980564e-05,2154.221090331503,0
wfcommons,deterministic,bwa,5.0,bwa_9,0,HEFT_static,5.654634443953788e-05,2169.4362847113784,0
wfcommons,deterministic,bwa,5.0,bwa_9,0,CPoP_static,5.654634443953788e-05,2169.4362847113784,0
wfcommons,deterministic,bwa,5.0,bwa_9,0,HEFT-Tp_static,0.0001077914690879,2564.406382473833,0
wfcommons,deterministic,bwa,5.0,bwa_9,0,CPoP-Tp_static,0.0001077914690879,2564.406382473833,0
wfcommons,deterministic,bwa,5.0,bwa_9,0,FastestNode,0.0003174897209546,3149.708270849425,0
wfcommons,deterministic,bwa,5.0,bwa_9,0,MaxTP,0.0001077914690879,2564.406382473833,0
wfcommons,deterministic,bwa,5.0,bwa_11,0,HEFT_static,4.7936999428507296e-05,1486.0164165989231,0
wfcommons,deterministic,bwa,5.0,bwa_11,0,CPoP_static,4.7936999428507296e-05,1486.0164165989231,0
wfcommons,deterministic,bwa,5.0,bwa_11,0,HEFT-Tp_static,9.58739988570147e-05,2492.888614146087,0
wfcommons,deterministic,bwa,5.0,bwa_11,0,CPoP-Tp_static,9.58739988570147e-05,2492.888614146087,0
wfcommons,deterministic,bwa,5.0,bwa_11,0,FastestNode,0.0005398345096404,1852.419551071365,0
wfcommons,deterministic,bwa,5.0,bwa_11,0,MaxTP,9.58739988570147e-05,2492.888614146087,0
wfcommons,deterministic,bwa,5.0,bwa_10,0,HEFT_static,0.0001199884038248,855.1297167055596,0
wfcommons,deterministic,bwa,5.0,bwa_10,0,CPoP_static,0.0001199884038248,855.1297167055596,0
wfcommons,deterministic,bwa,5.0,bwa_10,0,HEFT-Tp_static,0.0001419375020868,1150.2868584220191,0
wfcommons,deterministic,bwa,5.0,bwa_10,0,CPoP-Tp_static,0.0001419375020868,1150.2868584220191,0
wfcommons,deterministic,bwa,5.0,bwa_10,0,FastestNode,0.0005322392283921,1878.854369720224,0
wfcommons,deterministic,bwa,5.0,bwa_10,0,MaxTP,0.0001419375020868,1150.2868584220191,0
wfcommons,deterministic,bwa,5.0,bwa_12,0,HEFT_static,5.256609395540878e-05,1701.5098906521246,0
wfcommons,deterministic,bwa,5.0,bwa_12,0,CPoP_static,5.256609395540878e-05,1701.5098906521246,0
wfcommons,deterministic,bwa,5.0,bwa_12,0,HEFT-Tp_static,7.603310018576194e-05,2111.5756287106997,0
wfcommons,deterministic,bwa,5.0,bwa_12,0,CPoP-Tp_static,7.603310018576194e-05,2111.5756287106997,0
wfcommons,deterministic,bwa,5.0,bwa_12,0,FastestNode,0.0004068162063005,2458.112495306835,0
wfcommons,deterministic,bwa,5.0,bwa_12,0,MaxTP,7.603310018576194e-05,2111.5756287106997,0
wfcommons,deterministic,bwa,5.0,bwa_14,0,HEFT_static,6.044420599015513e-05,1005.0217774271932,0
wfcommons,deterministic,bwa,5.0,bwa_14,0,CPoP_static,6.044420599015513e-05,1005.0217774271932,0
wfcommons,deterministic,bwa,5.0,bwa_14,0,HEFT-Tp_static,0.0001188902564104,1373.8018024752994,0
wfcommons,deterministic,bwa,5.0,bwa_14,0,CPoP-Tp_static,0.0001188902564104,1373.8018024752994,0
wfcommons,deterministic,bwa,5.0,bwa_14,0,FastestNode,0.0007131990568365,1402.1330937215062,0
wfcommons,deterministic,bwa,5.0,bwa_14,0,MaxTP,0.0001188902564104,1373.8018024752994,0
wfcommons,deterministic,bwa,5.0,bwa_13,0,HEFT_static,3.648648904497822e-05,2023.3890148604269,0
wfcommons,deterministic,bwa,5.0,bwa_13,0,CPoP_static,3.648648904497822e-05,2023.3890148604269,0
wfcommons,deterministic,bwa,5.0,bwa_13,0,HEFT-Tp_static,4.932810250814376e-05,2643.7698932679505,0
wfcommons,deterministic,bwa,5.0,bwa_13,0,CPoP-Tp_static,4.960522667953783e-05,2705.806492172465,0
wfcommons,deterministic,bwa,5.0,bwa_13,0,FastestNode,0.0002538505641044,3939.3254985595127,0
wfcommons,deterministic,bwa,5.0,bwa_13,0,MaxTP,4.932810250814376e-05,2643.7698932679505,0
wfcommons,deterministic,bwa,5.0,bwa_18,0,HEFT_static,6.740391646966221e-05,1288.458843410554,0
wfcommons,deterministic,bwa,5.0,bwa_18,0,CPoP_static,6.740391646966221e-05,1288.458843410554,0
wfcommons,deterministic,bwa,5.0,bwa_18,0,HEFT-Tp_static,0.0001194012234624,1663.6505456961404,0
wfcommons,deterministic,bwa,5.0,bwa_18,0,CPoP-Tp_static,0.0001194012234624,1663.6505456961404,0
wfcommons,deterministic,bwa,5.0,bwa_18,0,FastestNode,0.0004866411555954,2054.9022385446065,0
wfcommons,deterministic,bwa,5.0,bwa_18,0,MaxTP,0.0001194012234624,1663.6505456961404,0
wfcommons,deterministic,bwa,5.0,bwa_15,0,HEFT_static,9.44385954115909e-05,903.6567066058338,0
wfcommons,deterministic,bwa,5.0,bwa_15,0,CPoP_static,9.44385954115909e-05,903.6567066058338,0
wfcommons,deterministic,bwa,5.0,bwa_15,0,HEFT-Tp_static,0.0001082588776675,1173.6480331004443,0
wfcommons,deterministic,bwa,5.0,bwa_15,0,CPoP-Tp_static,0.0001082588776675,1173.6480331004443,0
wfcommons,deterministic,bwa,5.0,bwa_15,0,FastestNode,0.0003763409662637,2657.1648840905145,0
wfcommons,deterministic,bwa,5.0,bwa_15,0,MaxTP,0.0001082588776675,1173.6480331004443,0
wfcommons,deterministic,bwa,5.0,bwa_16,0,HEFT_static,4.793662586522584e-05,1508.217859513229,0
wfcommons,deterministic,bwa,5.0,bwa_16,0,CPoP_static,4.793662586522584e-05,1508.217859513229,0
wfcommons,deterministic,bwa,5.0,bwa_16,0,HEFT-Tp_static,7.877483740970828e-05,2000.12913887665,0
wfcommons,deterministic,bwa,5.0,bwa_16,0,CPoP-Tp_static,7.827626248939367e-05,1951.534541393787,0
wfcommons,deterministic,bwa,5.0,bwa_16,0,FastestNode,0.0002910755869631,3435.53374033776,0
wfcommons,deterministic,bwa,5.0,bwa_16,0,MaxTP,7.877483740970828e-05,2000.12913887665,0
wfcommons,deterministic,bwa,5.0,bwa_17,0,HEFT_static,1.7692746937526224e-05,3303.12105051645,0
wfcommons,deterministic,bwa,5.0,bwa_17,0,CPoP_static,1.7692746937526224e-05,3303.12105051645,0
wfcommons,deterministic,bwa,5.0,bwa_17,0,HEFT-Tp_static,3.417779783836533e-05,5444.616079730115,0
wfcommons,deterministic,bwa,5.0,bwa_17,0,CPoP-Tp_static,3.417779783836533e-05,5444.616079730115,0
wfcommons,deterministic,bwa,5.0,bwa_17,0,FastestNode,0.000177108853289,5646.245127950495,0
wfcommons,deterministic,bwa,5.0,bwa_17,0,MaxTP,3.417779783836533e-05,5444.616079730115,0
wfcommons,deterministic,bwa,5.0,bwa_19,0,HEFT_static,2.22296528764752e-05,3077.6648042678707,0
wfcommons,deterministic,bwa,5.0,bwa_19,0,CPoP_static,2.22296528764752e-05,3077.6648042678707,0
wfcommons,deterministic,bwa,5.0,bwa_19,0,HEFT-Tp_static,4.084839767151084e-05,3532.298221882163,0
wfcommons,deterministic,bwa,5.0,bwa_19,0,CPoP-Tp_static,4.084839767151084e-05,3532.298221882163,0
wfcommons,deterministic,bwa,5.0,bwa_19,0,FastestNode,0.0002644894340036,3780.86937108724,0
wfcommons,deterministic,bwa,5.0,bwa_19,0,MaxTP,4.084839767151084e-05,3532.298221882163,0
wfcommons,deterministic,bwa,5.0,bwa_21,0,HEFT_static,4.459762585049403e-05,1627.5088606849797,0
wfcommons,deterministic,bwa,5.0,bwa_21,0,CPoP_static,4.459762585049403e-05,1627.5088606849797,0
wfcommons,deterministic,bwa,5.0,bwa_21,0,HEFT-Tp_static,8.919525170098806e-05,2441.7581768824652,0
wfcommons,deterministic,bwa,5.0,bwa_21,0,CPoP-Tp_static,8.919525170098806e-05,2441.7581768824652,0
wfcommons,deterministic,bwa,5.0,bwa_21,0,FastestNode,0.000457148986226,2187.470671774649,0
wfcommons,deterministic,bwa,5.0,bwa_21,0,MaxTP,8.919525170098806e-05,2441.7581768824652,0
wfcommons,deterministic,bwa,5.0,bwa_23,0,HEFT_static,4.892072037984126e-05,1551.9469524700282,0
wfcommons,deterministic,bwa,5.0,bwa_23,0,CPoP_static,4.892072037984126e-05,1551.9469524700282,0
wfcommons,deterministic,bwa,5.0,bwa_23,0,HEFT-Tp_static,9.784144075968244e-05,2246.8859780796747,0
wfcommons,deterministic,bwa,5.0,bwa_23,0,CPoP-Tp_static,4.892072037984126e-05,2298.4276498486133,0
wfcommons,deterministic,bwa,5.0,bwa_23,0,FastestNode,0.0004866406268749,2054.9044711343035,0
wfcommons,deterministic,bwa,5.0,bwa_23,0,MaxTP,9.784144075968244e-05,2246.8859780796747,0
wfcommons,deterministic,bwa,5.0,bwa_20,0,HEFT_static,8.068248340882978e-05,1072.7201961102062,0
wfcommons,deterministic,bwa,5.0,bwa_20,0,CPoP_static,8.068248340882978e-05,1072.7201961102062,0
wfcommons,deterministic,bwa,5.0,bwa_20,0,HEFT-Tp_static,0.0001107238336139,1432.0644220243412,0
wfcommons,deterministic,bwa,5.0,bwa_20,0,CPoP-Tp_static,0.0001107238336139,1432.0644220243412,0
wfcommons,deterministic,bwa,5.0,bwa_20,0,FastestNode,0.0003402587198577,2938.940111273802,0
wfcommons,deterministic,bwa,5.0,bwa_20,0,MaxTP,0.0001107238336139,1432.0644220243412,0
wfcommons,deterministic,bwa,5.0,bwa_24,0,HEFT_static,2.232993462542328e-05,2632.659674494957,0
wfcommons,deterministic,bwa,5.0,bwa_24,0,CPoP_static,2.232993462542328e-05,2632.659674494957,0
wfcommons,deterministic,bwa,5.0,bwa_24,0,HEFT-Tp_static,4.425933230689464e-05,3828.51807895994,0
wfcommons,deterministic,bwa,5.0,bwa_24,0,CPoP-Tp_static,4.425933230689464e-05,3828.51807895994,0
wfcommons,deterministic,bwa,5.0,bwa_24,0,FastestNode,0.0002586535409924,3866.1755650567266,0
wfcommons,deterministic,bwa,5.0,bwa_24,0,MaxTP,4.425933230689464e-05,3828.51807895994,0
wfcommons,deterministic,bwa,5.0,bwa_22,0,HEFT_static,2.9151840505541352e-05,2119.323763715069,0
wfcommons,deterministic,bwa,5.0,bwa_22,0,CPoP_static,2.9151840505541352e-05,2119.323763715069,0
wfcommons,deterministic,bwa,5.0,bwa_22,0,HEFT-Tp_static,4.03140693982145e-05,3083.3542109249593,0
wfcommons,deterministic,bwa,5.0,bwa_22,0,CPoP-Tp_static,4.046449503029739e-05,3124.4252985148432,0
wfcommons,deterministic,bwa,5.0,bwa_22,0,FastestNode,0.0002110424637528,4738.382893271673,0
wfcommons,deterministic,bwa,5.0,bwa_22,0,MaxTP,4.03140693982145e-05,3083.3542109249593,0
wfcommons,deterministic,bwa,5.0,bwa_27,0,HEFT_static,4.350127304064356e-05,1405.2836981420735,0
wfcommons,deterministic,bwa,5.0,bwa_27,0,CPoP_static,4.350127304064356e-05,1405.2836981420735,0
wfcommons,deterministic,bwa,5.0,bwa_27,0,HEFT-Tp_static,6.151135423636838e-05,2154.118084724103,0
wfcommons,deterministic,bwa,5.0,bwa_27,0,CPoP-Tp_static,6.151135423636838e-05,2154.118084724103,0
wfcommons,deterministic,bwa,5.0,bwa_27,0,FastestNode,0.000326102547792,3066.520046443234,0
wfcommons,deterministic,bwa,5.0,bwa_27,0,MaxTP,6.151135423636838e-05,2154.118084724103,0
wfcommons,deterministic,bwa,5.0,bwa_29,0,HEFT_static,8.975599820408201e-05,1184.8886859319662,0
wfcommons,deterministic,bwa,5.0,bwa_29,0,CPoP_static,8.975599820408201e-05,1184.8886859319662,0
wfcommons,deterministic,bwa,5.0,bwa_29,0,HEFT-Tp_static,8.975599820470532e-05,1528.088881138805,0
wfcommons,deterministic,bwa,5.0,bwa_29,0,CPoP-Tp_static,8.975599820470532e-05,1528.088881138805,0
wfcommons,deterministic,bwa,5.0,bwa_29,0,FastestNode,0.0004472901621081,2235.68520999385,0
wfcommons,deterministic,bwa,5.0,bwa_29,0,MaxTP,8.975599820470532e-05,1528.088881138805,0
wfcommons,deterministic,bwa,5.0,bwa_26,0,HEFT_static,7.567534877164418e-05,1386.6018976525884,0
wfcommons,deterministic,bwa,5.0,bwa_26,0,CPoP_static,7.567534877164418e-05,1386.6018976525884,0
wfcommons,deterministic,bwa,5.0,bwa_26,0,HEFT-Tp_static,0.0001035181657732,1883.7547220935169,0
wfcommons,deterministic,bwa,5.0,bwa_26,0,CPoP-Tp_static,0.0001035181657732,1883.7547220935169,0
wfcommons,deterministic,bwa,5.0,bwa_26,0,FastestNode,0.0002955691127379,3383.303453927748,0
wfcommons,deterministic,bwa,5.0,bwa_26,0,MaxTP,0.0001035181657732,1883.7547220935169,0
wfcommons,deterministic,bwa,5.0,bwa_28,0,HEFT_static,0.000108506460617,1033.4957707333324,0
wfcommons,deterministic,bwa,5.0,bwa_28,0,CPoP_static,0.000108506460617,1033.4957707333324,0
wfcommons,deterministic,bwa,5.0,bwa_28,0,HEFT-Tp_static,0.0001586906986537,1364.5170985989016,0
wfcommons,deterministic,bwa,5.0,bwa_28,0,CPoP-Tp_static,0.0001548201938085,1297.9222824107812,0
wfcommons,deterministic,bwa,5.0,bwa_28,0,FastestNode,0.0003967266401026,2520.627300808565,0
wfcommons,deterministic,bwa,5.0,bwa_28,0,MaxTP,0.0001586906986537,1364.5170985989016,0
wfcommons,deterministic,bwa,5.0,bwa_25,0,HEFT_static,7.287517117093879e-05,2047.3554092607217,0
wfcommons,deterministic,bwa,5.0,bwa_25,0,CPoP_static,7.287517117093879e-05,2047.3554092607217,0
wfcommons,deterministic,bwa,5.0,bwa_25,0,HEFT-Tp_static,0.0001142815184279,2433.3495838488275,0
wfcommons,deterministic,bwa,5.0,bwa_25,0,CPoP-Tp_static,0.0001142815184279,2433.3495838488275,0
wfcommons,deterministic,bwa,5.0,bwa_25,0,FastestNode,0.0002392777657268,4179.243303124082,0
wfcommons,deterministic,bwa,5.0,bwa_25,0,MaxTP,0.0001142815184279,2433.3495838488275,0
