{
  "winner": "FastestNode",
  "loser": "HEFT",
  "n": 400,
  "usable": 400,
  "errors": 0,
  "mean_ratio": 3.7497099837626564,
  "geomean_ratio": 3.626609436285386,
  "median_ratio": 3.5575782046178883,
  "p10_ratio": 2.6880508953539026,
  "p90_ratio": 5.142184390931958,
  "min_ratio": 1.0,
  "max_ratio": 9.626682831324695,
  "stdev_ratio": 1.023931405910553,
  "frac_above_threshold": 0.9975,
  "threshold": 2.0,
  "mean_winner_makespan": 2.4499465409840284,
  "mean_loser_makespan": 9.055032299660457,
  "ratios": [
    3.7264060490621644,
    3.848299844712269,
    4.533031376996952,
    2.9415675761486737,
    3.552485037616501,
    2.971206990447963,
    2.577725539984533,
    5.142184390931958,
    3.8370974986648956,
    3.3593596377028745,
    5.159726276534793,
    4.729924693750452,
    2.5762181363746195,
    3.9263926558310924,
    3.277458581454275,
    3.3501352895741556,
    2.4707425505862455,
    4.27896839923976,
    4.253685507969498,
    2.7199998540654446,
    3.5453413250111403,
    3.151904026333176,
    3.2301758108532233,
    4.4534576202577325,
    3.801142698760064,
    3.2212273215800886,
    3.9611217515162847,
    3.509705241913655,
    4.784201959050129,
    4.122755520658382,
    5.059077645334888,
    3.4794167876096926,
    3.553863795923279,
    3.8014358386435863,
    3.271844307256021,
    2.5152434347190544,
    3.729508304709981,
    3.646731321520664,
    4.056810227738543,
    3.1742356297905943,
    3.226765283141839,
    3.6135503012784262,
    3.4468587511384894,
    2.677584479436785,
    3.438540127232548,
    3.245019349924115,
    2.3087150730036488,
    2.6880508953539026,
    6.32556868919998,
    3.1787449646767962,
    3.4144914380777673,
    3.4685024037346373,
    9.626682831324695,
    3.9449140188287943,
    2.7380459952896126,
    3.162996028096871,
    2.697533296331243,
    3.296731659408165,
    5.792555070317321,
    3.402816667768086,
    4.711530543630127,
    4.045041844676037,
    2.7333940329531106,
    2.460957842096379,
    4.483578389841637,
    2.6522428324554697,
    3.883730439326287,
    5.1930426318497656,
    3.9237856937361304,
    3.991820521165454,
    3.8805441812712798,
    3.7947799477692286,
    5.515146387050081,
    5.95002991972672,
    4.045637501496214,
    3.819985341504966,
    2.8669302123716114,
    3.621043321105163,
    3.4042277025903416,
    5.3239976042452986,
    3.4421130457605003,
    3.9184111297629993,
    3.294216196411728,
    2.293846279064931,
    3.2553677412198985,
    3.0490884683918877,
    3.392913264307464,
    3.151248353487532,
    3.483316811888996,
    3.6839116944519277,
    2.606413329887017,
    3.6981007536184367,
    2.6491049776153854,
    5.2061317999206524,
    3.574293896149009,
    3.637650611122809,
    3.479286635634071,
    4.501407743356084,
    2.667517886503548,
    4.413949408562995,
    5.854643313667429,
    4.235152844443429,
    2.8524199263675922,
    1.0,
    2.5712780494264873,
    3.4878912601624417,
    4.116363226648514,
    4.813821292151822,
    2.699642587294648,
    2.8478611435582724,
    2.7020666629814034,
    2.5327751897363835,
    3.8989897318875295,
    3.0652042887560618,
    2.270127554139161,
    3.0068352521779875,
    4.0565115201570485,
    3.7406503553881114,
    2.8404552282991524,
    3.5290140247760564,
    4.049577985548839,
    3.420499532493454,
    3.2529720481957978,
    3.1472090169548825,
    2.525935017201619,
    2.713157567083199,
    3.1812500905715635,
    4.25610799826308,
    4.6208667758484765,
    7.5735644858300475,
    2.686704135043574,
    2.7556622321903257,
    3.2110994938827653,
    2.7073230856766837,
    5.885045805715372,
    7.064210117301363,
    3.284461445008789,
    4.768933799835779,
    3.743887210036607,
    3.304640124404689,
    4.016109254700936,
    6.656108274707128,
    2.246445656163314,
    2.546386163079709,
    3.079677631328102,
    4.846530424113836,
    4.2886078318434055,
    8.578775150344494,
    4.67289033636111,
    4.91744970129041,
    3.121837646010943,
    3.223416183342705,
    4.436232352970859,
    3.340263270341373,
    3.8275055616730635,
    3.44679465511487,
    3.0526975002325907,
    4.648376171943153,
    3.1145543386068155,
    3.0804212262481716,
    3.0644801699045434,
    2.5196580363994174,
    5.323203869403273,
    2.962966759923738,
    4.294042671817181,
    3.6167592011230068,
    3.6195780488661,
    6.02208377077286,
    3.330076057201728,
    2.9693233872797244,
    2.763730525624379,
    2.9920079213163886,
    4.064211621510818,
    2.2568940525699204,
    3.3426683953328795,
    4.115554900157931,
    3.715711185877765,
    2.95159799675176,
    3.190076851602752,
    3.975809957340159,
    3.6847556590640633,
    2.786105062338188,
    4.020800528900937,
    2.380890690936354,
    3.3371151629640194,
    3.28539822672723,
    5.134537889708486,
    2.4584793444620376,
    5.391745848738157,
    7.224792071887441,
    3.1434951107230917,
    3.328260304041519,
    3.22325360424749,
    2.975735644984673,
    3.0535469058985543,
    3.7425401253208843,
    4.886663222737943,
    3.4103305714651726,
    3.990868494766663,
    2.391055673486091,
    4.700128615898412,
    5.4665833638471675,
    5.454834792286983,
    3.7681357220121874,
    3.375999469679187,
    2.717205054140427,
    5.350119545827462,
    4.35758146763293,
    3.475629218284757,
    4.877800208311612,
    4.231459490527515,
    3.3237683026671303,
    3.025484817688814,
    3.0816702445310398,
    4.085700503736574,
    3.9966000390194116,
    3.5495174740267266,
    4.435484972008564,
    3.266620269126265,
    2.9865368841904663,
    3.162531199358945,
    4.097853782350953,
    5.7624645934142,
    4.795384801951145,
    2.9877864389682975,
    2.8758914495842234,
    4.714409502985364,
    2.782715961849595,
    4.549071069425371,
    4.300300734388526,
    3.6042598438607247,
    3.8367321034565647,
    3.4358303807205317,
    3.980356972736877,
    5.278072445282102,
    3.465668505062384,
    3.6221927235063975,
    4.476479118642189,
    4.218786649314161,
    3.514068886728161,
    3.9496985233492983,
    2.8420668252768566,
    3.5661619660297124,
    4.914558158690052,
    3.6763232274045303,
    3.5430192939384044,
    4.0001331819070165,
    2.6666385753156723,
    3.1022763550268277,
    3.1591036793465346,
    3.139270215393292,
    3.254485663381171,
    2.3364714029920974,
    3.2446616460394093,
    2.868387649086669,
    4.243180608675652,
    3.6527703239708584,
    5.378694928971527,
    3.9890022087726655,
    2.8609510592302434,
    2.702526167987536,
    4.314195582219251,
    3.561292613312498,
    3.616145019649941,
    2.7483967263828677,
    5.902740974527204,
    3.3249236685177803,
    5.179948462435452,
    3.6451638551439456,
    4.8708242804465645,
    2.5006537986950415,
    6.054128605373107,
    5.398728600896798,
    3.074571575040932,
    2.9712015092200375,
    4.32348832351946,
    2.8698314322121377,
    4.425387924130379,
    4.473138859400638,
    3.01803621513684,
    4.489790146900384,
    3.718770306445966,
    2.5994093168268315,
    3.7750783495488274,
    2.7044838863525826,
    3.2634446305760942,
    4.153424877225658,
    5.551777985651122,
    4.348475462921056,
    5.172637887754176,
    3.7502971196384998,
    3.6905292445843303,
    4.45619102066668,
    5.261243551952665,
    3.606332652150722,
    3.623333020702661,
    3.9118039894234533,
    3.5184566834352835,
    3.3281013389047764,
    3.89675710045616,
    3.0695580807640592,
    3.365464606030214,
    3.6634552061384396,
    5.0711088817462695,
    2.7497206593652805,
    4.123239066598978,
    3.916995915287144,
    2.6600895019869553,
    3.9859773370522626,
    3.978959001088201,
    3.3114236570030933,
    4.516234646300925,
    3.8285458881714547,
    3.4776922545145057,
    2.720056749309375,
    5.425390092083391,
    4.954334961749623,
    3.072635426504563,
    2.4848221636791905,
    3.3914294218445127,
